-- MariaDB dump 10.18  Distrib 10.4.17-MariaDB, for Linux (x86_64)
--
-- Host: localhost    Database: fgw
-- ------------------------------------------------------
-- Server version	10.4.17-MariaDB

/*!40101 SET @OLD_CHARACTER_SET_CLIENT=@@CHARACTER_SET_CLIENT */;
/*!40101 SET @OLD_CHARACTER_SET_RESULTS=@@CHARACTER_SET_RESULTS */;
/*!40101 SET @OLD_COLLATION_CONNECTION=@@COLLATION_CONNECTION */;
/*!40101 SET NAMES utf8mb4 */;
/*!40103 SET @OLD_TIME_ZONE=@@TIME_ZONE */;
/*!40103 SET TIME_ZONE='+00:00' */;
/*!40014 SET @OLD_UNIQUE_CHECKS=@@UNIQUE_CHECKS, UNIQUE_CHECKS=0 */;
/*!40014 SET @OLD_FOREIGN_KEY_CHECKS=@@FOREIGN_KEY_CHECKS, FOREIGN_KEY_CHECKS=0 */;
/*!40101 SET @OLD_SQL_MODE=@@SQL_MODE, SQL_MODE='NO_AUTO_VALUE_ON_ZERO' */;
/*!40111 SET @OLD_SQL_NOTES=@@SQL_NOTES, SQL_NOTES=0 */;

--
-- Table structure for table `organization`
--

DROP TABLE IF EXISTS `organization`;
/*!40101 SET @saved_cs_client     = @@character_set_client */;
/*!40101 SET character_set_client = utf8 */;
CREATE TABLE `organization` (
  `oid` int(11) NOT NULL AUTO_INCREMENT,
  `oname` varchar(100) NOT NULL,
  PRIMARY KEY (`oid`)
) ENGINE=InnoDB AUTO_INCREMENT=102 DEFAULT CHARSET=utf8;
/*!40101 SET character_set_client = @saved_cs_client */;

--
-- Dumping data for table `organization`
--

LOCK TABLES `organization` WRITE;
/*!40000 ALTER TABLE `organization` DISABLE KEYS */;
INSERT INTO `organization` VALUES (1,'东城开发区'),(2,'二堰街办'),(3,'五堰街办'),(4,'区交通局'),(5,'区人社局'),(6,'区住建局'),(7,'区农业局'),(8,'区南调办'),(9,'区卫健局'),(10,'区发改局'),(11,'区司法局'),(12,'区商务局'),(13,'区城投公司'),(14,'区安监局'),(15,'区审计局'),(16,'区扶贫办'),(17,'区教育局'),(18,'002'),(19,'区旅游局'),(20,'区林业局'),(21,'区民政局'),(22,'000'),(23,'区物价局'),(24,'区科经局'),(25,'区经信局'),(26,'区统计局'),(27,'区行政审批局'),(28,'区财政局'),(29,'区食品药品监督局'),(30,'大川镇'),(31,'朝北沟生态国土综合治理示范项目指挥部'),(32,'林荫大道二号线建设工程指挥部'),(33,'武当路复线等市政道路PPP项目建设拆迁协调服务领导小组'),(34,'武当路街办'),(35,'武汉至十堰城际铁路茅箭段项目建设协调服务指挥部'),(36,'滨江新区至武当山玄岳门一级公路建设茅箭段协调指挥部'),(37,'火车站北广场项目协调服务指挥部'),(38,'环保茅箭分局'),(39,'百强世纪城项目协调服务指挥部'),(40,'茅塔乡'),(41,'许白路沿线环境整治指挥部'),(42,'赛曼控股集团（茅箭）投资项目协调服务指挥部'),(43,'赛管局'),(44,'茅箭区重资产建设工作领导小组'),(45,'区委办'),(46,'区政府办'),(47,'区工商联'),(48,'区政协办'),(49,'区经管局'),(50,'区编办'),(51,'区畜牧局'),(52,'区机关事务管理局'),(53,'区综合执法局'),(54,'区人大办'),(55,'区直机关工委'),(56,'区社保局'),(57,'区总工会'),(58,'区妇联'),(59,'区委党校'),(60,'区棚改办'),(61,'G209十堰城区垭子至大川段改扩建工程征迁协调指挥部'),(62,'许白路沿线拆迁安置区及土地归集整理项目指挥部'),(63,'区就业局'),(64,'区六边办'),(65,'001'),(66,'区市场监督管理局'),(67,'区卫健局'),(68,'区委宣传部'),(69,'区医疗保障局'),(70,'区应急管理局'),(71,'区委统战部'),(72,'区委组织部'),(73,'百二河水资源配置工程建设协调服务领导小组'),(74,'区建设投资管理办公室'),(75,'区城管执法局'),(76,'自然资源和规划局茅箭分局'),(77,'南水北调水源区保护中心'),(78,'十堰市东方伊顿学校建设项目协调指挥部'),(79,'茅箭区电力基础设施项目建设指挥部'),(80,'区农业农村局'),(81,'区文化旅游局'),(82,'区水利湖泊局'),(83,'区招商服务中心'),(84,'区城区改造更新中心'),(85,'三邦巷棚户区(危旧房)改造项目协调服务指挥部'),(86,'区税务局'),(87,'区林业管护中心'),(88,'区科协'),(89,'区公共资源交易中心'),(90,'茅箭区老旧小区改造工作领导小组'),(91,'区疾控中心'),(92,'区退役军人事务局'),(93,'区红十字会'),(94,'区档案馆'),(95,'区机关事务服务中心'),(96,'区委政法委'),(97,'团区委'),(98,'区委政研室'),(99,'区融媒体中心'),(100,'区信访局'),(101,'生态环境茅箭分局');
/*!40000 ALTER TABLE `organization` ENABLE KEYS */;
UNLOCK TABLES;

--
-- Table structure for table `path`
--

DROP TABLE IF EXISTS `path`;
/*!40101 SET @saved_cs_client     = @@character_set_client */;
/*!40101 SET character_set_client = utf8 */;
CREATE TABLE `path` (
  `pid` int(11) NOT NULL AUTO_INCREMENT,
  `location` varchar(100) DEFAULT NULL,
  `annual_task` varchar(1000) DEFAULT NULL,
  `q1_p` varchar(1000) DEFAULT NULL,
  `q1_i` varchar(20) DEFAULT NULL,
  `q2_p` varchar(1000) DEFAULT NULL,
  `q2_i` varchar(20) DEFAULT NULL,
  `q3_p` varchar(1000) DEFAULT NULL,
  `q3_i` varchar(20) DEFAULT NULL,
  `q4_p` varchar(1000) DEFAULT NULL,
  `q4_i` varchar(20) DEFAULT NULL,
  PRIMARY KEY (`pid`)
) ENGINE=InnoDB DEFAULT CHARSET=utf8;
/*!40101 SET character_set_client = @saved_cs_client */;

--
-- Dumping data for table `path`
--

LOCK TABLES `path` WRITE;
/*!40000 ALTER TABLE `path` DISABLE KEYS */;
/*!40000 ALTER TABLE `path` ENABLE KEYS */;
UNLOCK TABLES;

--
-- Table structure for table `pproc`
--

DROP TABLE IF EXISTS `pproc`;
/*!40101 SET @saved_cs_client     = @@character_set_client */;
/*!40101 SET character_set_client = utf8 */;
CREATE TABLE `pproc` (
  `pid` int(11) NOT NULL AUTO_INCREMENT,
  `e-1` int(11) NOT NULL DEFAULT 0,
  `e-2` int(11) NOT NULL DEFAULT 0,
  `e-3` int(11) NOT NULL DEFAULT 0,
  `e-4` int(11) NOT NULL DEFAULT 0,
  `e-5` int(11) NOT NULL DEFAULT 0,
  `k-1` int(11) NOT NULL DEFAULT 0,
  `k-2` int(11) NOT NULL DEFAULT 0,
  `k-3` int(11) NOT NULL DEFAULT 0,
  `k-4` int(11) NOT NULL DEFAULT 0,
  `k-5` int(11) NOT NULL DEFAULT 0,
  `k-6` int(11) NOT NULL DEFAULT 0,
  `k-7` int(11) NOT NULL DEFAULT 0,
  `q-1` int(11) NOT NULL DEFAULT 0,
  `w-1` int(11) NOT NULL DEFAULT 0,
  `w-2` int(11) NOT NULL DEFAULT 0,
  `w-3` int(11) NOT NULL DEFAULT 0,
  `w-4` int(11) NOT NULL DEFAULT 0,
  PRIMARY KEY (`pid`)
) ENGINE=InnoDB DEFAULT CHARSET=utf8;
/*!40101 SET character_set_client = @saved_cs_client */;

--
-- Dumping data for table `pproc`
--

LOCK TABLES `pproc` WRITE;
/*!40000 ALTER TABLE `pproc` DISABLE KEYS */;
/*!40000 ALTER TABLE `pproc` ENABLE KEYS */;
UNLOCK TABLES;

--
-- Table structure for table `procedure`
--

DROP TABLE IF EXISTS `procedure`;
/*!40101 SET @saved_cs_client     = @@character_set_client */;
/*!40101 SET character_set_client = utf8 */;
CREATE TABLE `procedure` (
  `id` int(11) NOT NULL AUTO_INCREMENT,
  `parent` varchar(10) NOT NULL,
  `num` int(11) NOT NULL,
  `code` varchar(20) NOT NULL,
  `name` varchar(100) NOT NULL,
  PRIMARY KEY (`id`)
) ENGINE=InnoDB AUTO_INCREMENT=22 DEFAULT CHARSET=utf8;
/*!40101 SET character_set_client = @saved_cs_client */;

--
-- Dumping data for table `procedure`
--

LOCK TABLES `procedure` WRITE;
/*!40000 ALTER TABLE `procedure` DISABLE KEYS */;
INSERT INTO `procedure` VALUES (1,'e',0,'e','立项阶段'),(2,'k',0,'k','报建阶段'),(3,'q',0,'q','建设阶段'),(4,'w',0,'w','竣工验收阶段'),(5,'e',1,'e-1','企业开办（企业投资项目）'),(6,'e',2,'e-2','项目备案（企业投资项目）'),(7,'e',3,'e-3','选址意见书或规划条件通知书'),(8,'e',4,'e-4','用地预审意见'),(9,'e',5,'e-5','项目可研批复（政府投资项目）'),(10,'k',1,'k-1','环评文件审批'),(11,'k',2,'k-2','划拨土地决定书或土地出让合同'),(12,'k',3,'k-3','建设用地规划许可证'),(13,'k',4,'k-4','施工图设计文件审查'),(14,'k',5,'k-5','工程规划许可证'),(15,'k',6,'k-6','施工许可证'),(16,'k',7,'k-7','施工、监理招标'),(17,'q',1,'q-1','统计入库'),(18,'w',1,'w-1','规划条件核实'),(19,'w',2,'w-2','人防工程竣工验收备案'),(20,'w',3,'w-3','消防验收或竣工备案'),(21,'w',4,'w-4','建设工程竣工验收');
/*!40000 ALTER TABLE `procedure` ENABLE KEYS */;
UNLOCK TABLES;

--
-- Table structure for table `progress`
--

DROP TABLE IF EXISTS `progress`;
/*!40101 SET @saved_cs_client     = @@character_set_client */;
/*!40101 SET character_set_client = utf8 */;
CREATE TABLE `progress` (
  `id` int(11) NOT NULL AUTO_INCREMENT,
  `pid` int(11) NOT NULL,
  `date` timestamp NOT NULL DEFAULT current_timestamp(),
  `fill_state` varchar(50) DEFAULT NULL,
  `phase` varchar(50) DEFAULT NULL COMMENT 'phase of construction',
  `fillby` varchar(50) DEFAULT NULL COMMENT 'filled in by who',
  `phone` varchar(50) DEFAULT NULL,
  `progress` varchar(1000) DEFAULT NULL,
  `next_step` varchar(1000) DEFAULT NULL,
  `problem` varchar(1000) DEFAULT NULL,
  `invest_mon` varchar(50) DEFAULT NULL,
  `actual_start` varchar(50) DEFAULT NULL,
  `actual_finish` varchar(50) DEFAULT NULL,
  `proxy_status` varchar(1000) DEFAULT NULL,
  PRIMARY KEY (`id`)
) ENGINE=InnoDB DEFAULT CHARSET=utf8;
/*!40101 SET character_set_client = @saved_cs_client */;

--
-- Dumping data for table `progress`
--

LOCK TABLES `progress` WRITE;
/*!40000 ALTER TABLE `progress` DISABLE KEYS */;
/*!40000 ALTER TABLE `progress` ENABLE KEYS */;
UNLOCK TABLES;

--
-- Table structure for table `projects`
--

DROP TABLE IF EXISTS `projects`;
/*!40101 SET @saved_cs_client     = @@character_set_client */;
/*!40101 SET character_set_client = utf8 */;
CREATE TABLE `projects` (
  `pid` int(11) NOT NULL AUTO_INCREMENT,
  `pname` varchar(50) NOT NULL,
  `property` varchar(50) NOT NULL,
  `intro` varchar(500) NOT NULL,
  `investment` varchar(50) NOT NULL,
  `invest_plan` varchar(50) NOT NULL COMMENT 'this year',
  `invest_accum` int(11) NOT NULL DEFAULT 0,
  `start` varchar(50) NOT NULL,
  `finish` varchar(50) NOT NULL,
  `investby` varchar(50) NOT NULL,
  `p_incharge` varchar(50) NOT NULL COMMENT 'people in charge',
  `oid` int(11) DEFAULT NULL,
  `oid_1` int(11) DEFAULT NULL,
  `oid_serve` int(11) DEFAULT NULL,
  `oid_serve_1` int(11) DEFAULT NULL,
  `level` varchar(50) DEFAULT NULL,
  `alert` int(11) DEFAULT NULL,
  `type` varchar(20) DEFAULT NULL,
  `phase` varchar(20) DEFAULT NULL,
  `notes` varchar(50) DEFAULT NULL,
  `online` tinyint(1) DEFAULT 1,
  PRIMARY KEY (`pid`)
) ENGINE=InnoDB AUTO_INCREMENT=106 DEFAULT CHARSET=utf8;
/*!40101 SET character_set_client = @saved_cs_client */;

--
-- Dumping data for table `projects`
--

LOCK TABLES `projects` WRITE;
/*!40000 ALTER TABLE `projects` DISABLE KEYS */;
INSERT INTO `projects` VALUES (1,'东风商用车（西坪）联合新工厂','续建','位于东风大道，建设新的车架辊型线、车架涂装线、车架装配线、整车装配线、零部件存储及相关辅助设施，将联合工厂建设成为一个16万辆以上规模的包括车架、总装、零部件仓储在内的完整的生产单元，承担东风商用车重卡的全部生产业务。车轮定位检测阵地建设，增强总装厂车轮定位技术水平和能力，提升车辆驾驶的舒适性和安全性。','170000','5500',0,'2019','2021','','周庆荣,明怀宇',1,NULL,45,NULL,'一类',NULL,'先进制造业',NULL,NULL,1),(2,'华清高性能陶瓷基板及电子元器件生产基地','新建','位于武当路街办、东城经济开发区，征地220亩，福建华清电子材料科技有限公司投资建设，主要产品为氮化铝等电子陶瓷基板。项目一期位于武当路街办，主要建设基板生产线及粉体生产线，二期主要建设金属化产品生产线，三期主要进行多层共烧陶瓷器件、薄膜电路、镀铜基板和电子元器件模块化生产。项目建成后实现产值10亿元以上，税收3000万元以上。','300000','50000',0,'2021','2023','','张捍声,李炎涛',34,1,27,NULL,'一类',NULL,'先进制造业',NULL,NULL,1),(3,'驰田智慧新工厂','续建','位于驼鞍沟工业园，占地745亩，十堰市驰田汽车有限公司投资，建设年产6万辆中国高轻自卸车生产基地和年产4万辆挂车生产基地。新建20万平方米厂房（一期建设10万平方米），2万平方米高轻自卸研发中心、院士工作站、生活及办公用房，购置国内先进的大型数控冲压、辊压、剪、折设备及机器人焊接工作站，大力提升专用车生产工艺和技术水平。项目建成投产后，预计可实现年产值200亿元，税收5亿元。','150000','70000',0,'2019','2021','','周庆荣,李炎涛',1,NULL,76,NULL,'一类',NULL,'先进制造业',NULL,NULL,1),(4,'正和高端重卡车身生产基地','续建','位于驼鞍沟工业园，占地310亩，正和汽车科技（十堰）股份有限公司投资，采用德国技术和装备，建设冲压生产线、焊装生产线、油漆生产线、内饰生产线等4条生产线。项目建成投产后，可实现年产10万台高端重卡车身产能，预计可实现年产值20亿元，税收1.2亿元。','150000','32000',0,'2020','2021','','周庆荣,李炎涛',1,NULL,24,NULL,'一类',NULL,'先进制造业',NULL,NULL,1),(5,'深圳东风专用车','新建','位于东升路，占地400亩，深圳东风汽车有限公司投资，生产环卫专用车辆与设备、新能源车辆、特种结构专用车等各类专用车辆。项目建成后，可实现年产各类专用车5万辆的生产能力，预计实现年产值100亿元，税收6亿元。','100000','10000',0,'2021','2023','','明怀宇,李炎涛',1,NULL,83,NULL,'一类',NULL,'先进制造业',NULL,NULL,1),(6,'迅捷安应急装备产业园及高端装备产业研发中心','续建','位于何家沟工业园，占地201亩，迅捷安消防及救援科技（深圳）有限公司投资，建设厂房、办公楼及配套用设施；新征用地90亩建设消防真火模拟训练基地；新征80亩建设高端装备产业研发中心。','100000','30000',0,'2019','2021','','张捍声,成刚',1,NULL,46,NULL,'一类',NULL,'先进制造业',NULL,NULL,1),(7,'东风康明斯国六后处理排放系统智能设备','续建','位于东益大道，东风康明斯排放处理系统有限公司投资，建设国六后处理生产线14条，购置智能机器人60余台，达产后可实现年产54万套排放处理系统产能。','50000','3500',0,'2020','2023','','周庆荣,黄朝军',1,NULL,24,NULL,'一类',NULL,'先进制造业',NULL,NULL,1),(8,'氢车熟路综合能源示范站','新建','位于驼鞍沟工业园，氢车熟路汽车运营有限公司投资，建设年产电动氢气存储设备20000套，车用CNG天然气存储设备8000套，车用LNG天然气托架总成30000套。','50000','10000',0,'2021','2022','','张捍声,李炎涛',1,NULL,27,NULL,'一类',NULL,'先进制造业',NULL,NULL,1),(9,'东风底盘部件新生产阵地','续建','位于胡家工业园，占地80亩，东风（十堰）底盘部件有限公司投资，新建生产车间及配套基础设施，生产商用车贮气筒及贮气筒模块化产品、横梁及附件、燃油箱总成及冲焊产品的生产车间及附属设施，达产后可实现年产150万件贮气筒及贮气筒模块化产品、100万件商用车横梁及附件、20万件燃油箱总成及1000万件各类冲焊件。','50000','40000',0,'2020','2021','','张捍声,李炎涛',1,NULL,74,NULL,'一类',NULL,'先进制造业',NULL,NULL,1),(10,'丰田正奥新工厂','续建','位于何家沟工业园，占地93.87亩，湖北诺克橡塑密封科技有限公司与日本丰田合成株式会社共同出资，总建筑面积42673.55平方米，包括4栋钢结构厂房及配套建设。采用日方工艺技术，建设世界一流自动化生产线，扩大汽车用橡胶密封条产能，并借助丰田合成平台进入和扩展日系供货体系，扩大市场份额，为进入东风日产、广汽三菱等高端品牌主机市场铺平道路。项目建成投产后，预计可实现年产值5亿元，税收4000万元。','50000','20000',0,'2020','2021','','张捍声,李炎涛',1,NULL,74,NULL,'一类',NULL,'先进制造业',NULL,NULL,1),(11,'东风专汽新工厂迁建','新建','位于林荫大道二号线，占地12.5万平方米，东风专用汽车有限公司投资，新建厂房和辅房面积4万平方米，改造厂房面积约0.35万平方米。主要生产线全部采用自动柔性化加工工艺，实现多品种混流生产，整体生产效率提升80%。油漆工艺采用阴极逆流漂洗电泳底漆、自动整箱喷粉面漆，高效高品质生产的同时实现零VOC排放。项目建成后，将达到年产3万量上装的生产能力，建成集零件加工、焊接、涂装、装配四大工艺于一体的现代化工厂。','20000','10000',0,'2021','2022','','张捍声,明怀宇',1,NULL,70,NULL,'一类',NULL,'先进制造业',NULL,NULL,1),(12,'尚东军用特种车辆装备','新建','位于胡家工业园，占地78亩，湖北尚东科技有限公司投资，建设冲压成型车间、柔性焊装车间、电泳涂装车间、装配综合车间、检验试验中心、食堂综合楼，形成特种车辆装备研制、设计、改装能力1万辆，特种车用零部件5万套。','20000','10000',0,'2021','2022','','万正龙',1,NULL,11,NULL,'一类',NULL,'先进制造业',NULL,NULL,1),(13,'华兴空天激光陀螺仪','新建','位于回船村，华兴空天（湖北）测控技术有限公司投资，建设1200平方米洁净车间（百级、千级、万级无尘车间）、2800平方米普通实验室厂房，以及配套的办公、住宿场所，投产后可实现年产高精度激光陀螺仪600轴，惯性加速度计3000只，成为国内领先的民营高精度惯性器件供应商。','20000','20000',0,'2021','2021','','张捍声,李炎涛',1,NULL,26,NULL,'一类',NULL,'先进制造业',NULL,NULL,1),(14,'湖北道药科技中药饮片深度加工','新建','位于驼鞍沟工业园，占地70亩，湖北道药医药科技有限公司投资，总建筑面积3.8万平方米，其中包括办公用房、中药车间、食品车间、成品用房等，新建中药生产线2条，食品生产线2条，购置切片机、破壁机、研磨机、压片机等设备，建成后年产值达3亿元。','25000','15000',0,'2021','2022','','张捍声,明怀宇',1,NULL,10,NULL,'一类',NULL,'先进制造业',NULL,NULL,1),(15,'帝尔模具商用车冲压件生产工厂','新建','位于胡家工业园，占地60亩，十堰帝尔模具制造有限公司投资，主要为东风越野车军品平台及东风下属零部件公司供应冲压件及成型模具，投产后年产值2.5亿元以上，年税收1200万元以上。','25000','25000',0,'2021','2021','','金菊,李炎涛',1,NULL,48,86,'一类',NULL,'先进制造业',NULL,NULL,1),(16,'卓环镁合金压铸','新建','位于胡家工业园，征地35亩，十堰卓环汽车零部件有限公司投资，主要生产方向盘总成、大灯支架、连接支架等镁合金压铸产品的生产。项目建成达产后实现年产值2亿元以上，实现税收700万元以上。','30000','20000',0,'2021','2022','','万正龙',1,NULL,83,NULL,'一类',NULL,'先进制造业',NULL,NULL,1),(17,'凯沃森汽车天窗','新建','位于胡家工业园，征地50亩，凯沃森天窗系统有限公司投资，建设集汽车天窗生产、设计、开发、制造和销售于一体的汽车天窗生产基地。','30000','15000',0,'2021','2022','','李炎涛',1,NULL,83,NULL,'一类',NULL,'先进制造业',NULL,NULL,1),(18,'华原滤清器','续建','位于东环路，占地100亩，广西华原过滤系统股份有限公司投资，以发动机及关键核心零部件配套为导向，形成集内燃机滤清器产业、发动机产业、配套关键零部件产业、终端装备制造产业及商贸金融物流产业为一体的综合集聚产业基地，项目建成达产后年产值达2亿元，税收3000万元。','20000','15000',0,'2020','2021','','许波',1,NULL,15,NULL,'一类',NULL,'先进制造业',NULL,NULL,1),(19,'同创汽车传动系统关键零部件生产阵地扩能','新建','位于东风大道78号，十堰同创传动技术有限公司投资，新建厂房15000平方米，建设同步器总成、齿环、齿套、齿座、滑套、锥毂、高性能摩擦材料等产品技术改造升级及生产扩能，采购设备100余台套，项目建成后，年新增产能1000万件套，新增产值2.5亿元，新增税收2000万元。','20000','10000',0,'2021','2022','','马继光,李炎涛',1,NULL,54,NULL,'一类',NULL,'先进制造业',NULL,NULL,1),(20,'合清环保智能装备制造','新建','位于胡家工业园，占地1.9万平方米，湖北合清环保智能装备有限公司投资，改建厂房，新建环保智能装备制造生产线，购置生产设备60余台（套），建设环保专用设备生产线3条，项目建成达产后年产值约2亿元。','22000','22000',0,'2021','2021','','马继光,李炎涛',1,NULL,101,NULL,'一类',NULL,'先进制造业',NULL,NULL,1),(21,'耀陈汽车零部件搬迁扩能','新建','位于胡家工业园，十堰市耀陈汽车零部件有限公司投资，新建仓储物流车间、冲压焊接车间、标准件生产车间、液压零部件生产车间、辅助车间，引进2400吨、1600吨、1200吨三台大型台面压力机，数控机床70台，加工中心高精密设备50台。项目建成后，可实现年产越野车大梁、安卡大梁3万套、非标件3000万件、油缸件泵体30万套的生产能力，预计可实现产值3亿元，实现利税1500万元以上，解决就业人员300人以上。','15000','7000',0,'2021','2022','','翁茂兵',1,NULL,72,NULL,'一类',NULL,'先进制造业',NULL,NULL,1),(22,'沃森油箱','新建','位于胡家工业园，占地18亩，十堰沃森油箱附件有限公司投资，建设冲压车间、焊装模修车间、包装发交车间。项目达产后可实现销售收入1亿元，税收600万元。','12000','6000',0,'2021','2022','','王书林',1,NULL,100,NULL,'一类',NULL,'先进制造业',NULL,NULL,1),(23,'湖北善能智能电气生产线','新建','位于胡家工业园，湖北雅格力特机电工程有限公司投资，建设智能高低压电气成套设备生产线1条、钣金裁剪、加工、喷塑一体化生产线1条，购置电气设备检测仪器等设备共53套。项目达产后可实现年产值2亿元以上，税收600万元以上。','12000','10000',0,'2021','2022','','张文法',1,NULL,99,NULL,'一类',NULL,'先进制造业',NULL,NULL,1),(24,'恒予成车用鞍式座','新建','位于胡家工业园，占地10亩，十堰恒予成工贸有限公司投资，新建办公、检测及设计研发中心等，购置50台高端设备（其中包括2500吨四柱液压机、6000KW激光切割机、20X10000剪板机、智能焊接机器人等设备），主要以热轧汽车用钢加工，进行各种汽车牵引座、鞍式牵引座、半挂车牵引座、半挂车托盘等汽车零部件的设计和生产制造。项目建成后可实现年产值6500万元，税收300万元。','10000','10000',0,'2021','2021','','万正龙,成刚',1,NULL,83,NULL,'一类',NULL,'先进制造业',NULL,NULL,1),(25,'山鼎环境环保运营控制基地','新建','位于驼鞍沟工业园，征地30亩，湖北山鼎环境科技股份有限公司投资，建设4000平方米基于物联网技术的环保设施运营总部基地，3000平方米环保装备制造车间，以及附属设施。','10000','5000',0,'2021','2022','','梅海军',1,NULL,6,NULL,'一类',NULL,'先进制造业',NULL,NULL,1),(26,'月星集团环球港','续建','位于北京北路，月星集团有限公司投资，总建筑面积40余万平方米，涵盖30万平方米环球港体验式购物公园、家居茂、纯甲级写字楼、精品酒店、特色商业街、高端居住六大板块。运营后将吸纳十堰及周边地区百家名企和百万人流，预计实现年产值30亿元，年税收1.5亿元，创造就业岗位5000个。','450000','150000',0,'2019','2021','','周庆荣,张俊江',3,NULL,12,85,'一类',NULL,'现代服务业',NULL,NULL,1),(27,'十堰老街','新建','位于十堰老街，规划占地138亩，初步规划包含：老街印象、堰会风情、十堰天地三大功能版块。涵盖老街古建复原、民俗商业街区、文化体验馆、文旅文创、配套运动景观等功能业态。','200000','50000',0,'2021','2023','','张捍声,张俊江',2,NULL,84,NULL,'一类',NULL,'现代服务业',NULL,NULL,1),(28,'名创广场商业综合体','新建','位于火车站北广场，占地300亩，名创优品集团投资，总建面积约100万平方米，建设一站式大型体验式购物中心。项目建成运营后年税收1.5亿元,创造5000-8000就业岗位。','300000','30000',0,'2021','2023','','吕自宏,李炎涛',2,NULL,12,NULL,'一类',NULL,'现代服务业',NULL,NULL,1),(29,'百强世纪城三期','续建','位于北京路立交桥东北片区，湖北世纪百强置业投资公司投资，总用地面积为127350.5平方米，建筑面积约37万平方米，建设住宅、商业及配套服务设施。','150000','50000',0,'2020','2021','','周庆荣,张俊江',85,NULL,85,NULL,'一类',NULL,'现代服务业',NULL,NULL,1),(30,'东风商用车品牌中心','续建','位于东环路东风商用车KD包装阵地旁，占地面积约10万平方米，东风商用车公司投资，主体建筑约15000平方米，项目建成后将与东风商用车周边现有的相关模块融合为多维度的品牌体验生态圈，开创国内行业体验式营销新模式。','10000','5000',0,'2020','2021','','明怀宇',1,NULL,24,NULL,'一类',NULL,'现代服务业',NULL,NULL,1),(31,'十堰市邮政快递物流产业园','新建','位于驼鞍沟工业园，总规划用地600亩，打造综合型快递物流集散、分拨中心和转运枢纽，设置分拣车间、仓储区、信息调配中心、停车区、办公生活服务区，满足企业卸货、仓储保管、配载中转、联运配送等全方位需求。开发建设标准化仓库、厂房、办公生活楼等建筑。项目分两期建设，第一期占地300亩，将为首批入驻的10家快递企业定向开发建设15万平方米分拣厂房和2万平方米配套服务用房；二期占地300亩，建设13.6万平方米厂房及1.4万平方米配套服务用房。','60000','20000',0,'2021','2022','','吕自宏',1,NULL,74,NULL,'一类',NULL,'现代服务业',NULL,NULL,1),(32,'云仓电商科技产业园','续建','位于驼鞍沟工业园，占地75512.29平方米，湖北供销云仓电商物流有限公司投资，项目分两期实施，第一期建设3＃车间、4＃库、5＃库、6＃车间、7#车间、8＃楼，建筑面积58601.15平方米。第二期建设1＃库、2＃库、9#楼，建筑面积43570.91平方米。项目建成后公司根据“建设电商产业园，下活一盘棋”的思路，实现供应链整合、农产品加工、统仓统配、中央厨房、电商业务及供应链金融的融合发展。','120000','15000',0,'2020','2021','','万正龙',1,NULL,12,NULL,'一类',NULL,'现代服务业',NULL,NULL,1),(33,'佰昌仓储物流产业园','续建','位于驼鞍沟片区，湖北佰昌农业发展有限公司投资，建设农产品初加工车间、仓储库房、物流设施以及相关配套服务设施，包含农产品初加工区、仓储物流区、办公生活区、配套服务区。','100000','10000',0,'2019','2022','','明怀宇',1,NULL,98,NULL,'一类',NULL,'现代服务业',NULL,NULL,1),(34,'东利洋物流园二期','新建','位于发展大道，占地4万平方米，十堰市东利洋物流服务有限公司投资，建设一栋综合办公楼及三栋两层的现代化物流仓库。','30000','30000',0,'2021','2021','','李金功',1,NULL,4,NULL,'一类',NULL,'现代服务业',NULL,NULL,1),(35,'景晟物流新基地','新建','位于林荫大道二号线，十堰景晟物流有限公司投资，新建三个功能区共3.5万平方米：仓储区2.8万平方米，主要用于汽车零部件集散，中转，调拨发运；办公区5000平方米,集办公，研发，培训，总部调度中心为一体；生活区2000平方米，主要为配套生活设施。','50000','30000',0,'2021','2022','','李炎涛',1,NULL,76,NULL,'一类',NULL,'现代服务业',NULL,NULL,1),(36,'东风商用车网络货运平台','新建','位于朝阳中路11号，依托湖北东贸惠诚汽车服务有限公司，由东风商用车统一运营管理。该项目是在传统撮合型和控货型平台基础上，通过用车金融打造获得用车费用票据、解决客户税费痛点，吸引客户；通过整合内外部资源持续帮客户降本增效，留住客户；通过车辆和货源的智慧匹配，减少空驶、降低运费，构建物流生态圈，持续增值客户。','2000','2000',0,'2021','2021','','翁茂兵',3,NULL,97,NULL,'一类',NULL,'现代服务业',NULL,NULL,1),(37,'鄂西北家政服务创新创业示范基地','新建','位于襄阳路9号，占地3500平方米，十堰市贤内助家政服务有限公司投资，其中建设家政创客空间一个，占地面积2000平米，孵化30以上8090大学生进行家庭服务及家庭相关业态创新创业，形成家庭服务生态链；建设鄂西北家政培训基地一个，占地面积1500平米，包含家政技能培训和家政商学院，家政技能培训包含保洁、家务、烹饪、母婴、插花、茶艺、康复理疗等，面向鄂豫陕毗邻地区家政从业人员，培训合格者优先输送北京，建成后可年培训2000人次，输入北京1000人。家政商学院面向北京及全国家政经营者和管理人员，进行企业管理和经营之道以及国学等培训，旨在为北京家政企业家及管理者提供一个经营、交流、休闲、提升的平台；在十堰城区及各县市建设50个家政驿站，每个驿站建筑面积200—300平米，培育50名家政创业带头人，安置2000名人就业。','4000','1500',0,'2021','2023','','谢生海',34,NULL,21,NULL,'一类',NULL,'现代服务业',NULL,NULL,1),(38,'燕林市场改造升级','续建','位于五堰街办燕林社区，占地面积5540平方米，对该市场进行改造升级，发展文创产业和夜间经济，打造网红露台和休闲空间。','3000','2000',0,'2020','2021','','张俊江',3,NULL,66,NULL,'一类',NULL,'现代服务业',NULL,NULL,1),(39,'燕良综合体改造','续建','位于人民北路，十堰燕良酒店有限责任公司投资，占地面积5300平方米，总建筑面积2.5万平方米。改造后酒店面积1.5万平方米、商业及配套面积1万平方米。','15000','10000',0,'2020','2021','','王书林',3,NULL,12,NULL,'一类',NULL,'现代服务业',NULL,NULL,1),(40,'太学府','续建','位于林荫大道2号线与天津路交汇处，十堰市大洋五洲房地产投资，占地194697平方米，整体建筑风格为新中式风格，定位为千亩宜居·全学龄教育住区，建设16栋1960户普通住宅及配套服务设施。','350000','100000',0,'2019','2021','','勾书平',1,NULL,28,NULL,'一类',NULL,'现代服务业',NULL,NULL,1),(41,'十堰恒大城三期、四期','续建','位于上海路，湖北美盛置业有限公司投资，三期建设用地面积约4.1万平方米，规划总建筑面积约20万平方米；四期项目用地面积3.65万平方米，建筑总面积约20万平方米，主要为高层、超高层住宅及商业配套服务设施。','200000','100000',0,'2020','2023','','金善朝,张俊江',2,NULL,12,NULL,'一类',NULL,'现代服务业',NULL,NULL,1),(42,'汉成国宾府','续建','项目位于十堰市林荫大道1号，十堰汉成置业有限公司投资，占地面积10.9万平方米，总建筑面约48.12万平方米，建设商业住宅楼。','350000','80000',0,'2019','2022','','金善朝',34,NULL,96,NULL,'一类',NULL,'现代服务业',NULL,NULL,1),(43,'恒信·春秋府','续建','位于东风大道68号，十堰恒信房地产开发有限公司投资，占地162.35亩，建设“五星级酒店、汽车行业企业总部办公基地、酒店式公寓及部分住宅、高端品牌汽车店及展厅”四大业态。','150000','55000',0,'2020','2022','','成刚',1,NULL,10,NULL,'一类',NULL,'现代服务业',NULL,NULL,1),(44,'百强生态城','续建','位于重庆路，湖北世纪百强置业投资公司投资，总用地面积9.3万平方米，总建筑面积约25.8万平方米，住宅面积约23.4万平方米，商业面积约2.1万平方米，建设内容包括住宅、养老服务和酒店，打造集居住、文化、娱乐、医疗、养生为一体，与城市可持续发展环境相和谐的多功能标志性城市生态示范项目。','150000','80000',0,'2020','2022','','张俊江',34,NULL,68,NULL,'一类',NULL,'现代服务业',NULL,NULL,1),(45,'楚天都市熙园','续建','位于林荫大道与幸福路交会处，湖北日报传媒集团楚天房地产公司与十堰市城投公司共同合作开发，占地约96亩，规划建筑面积约25万平方米。','100000','32000',0,'2019','2021','','吕自宏',1,NULL,95,NULL,'一类',NULL,'现代服务业',NULL,NULL,1),(46,'华阳大厦','续建','位于柳林路53号，十堰华阳置业发展有限公司投资，用地面积3135.76平方米，总建筑面积18808.04平方米。地上24层，地下3层。功能包含住宅126套、商业、地下车库。','13000','7000',0,'2020','2021','','张文法',3,NULL,56,NULL,'一类',NULL,'现代服务业',NULL,NULL,1),(47,'天府华都','续建','位于天津路35号，十堰市天府粮油有限公司投资，占地5003平方米，建筑面积18500平方米，建设1栋高层，地下停车场两层。','13000','6000',0,'2020','2021','','谢生海',1,NULL,94,NULL,'一类',NULL,'现代服务业',NULL,NULL,1),(48,'玖晟置业商业综合体','续建','位于林荫大道与凤凰路交汇处，湖北玖晟置业有限公司投资，总建筑面积292375.91平方米，用地面积79034平方米，共计14栋高层，住宅面积203507.11平方米，商业面积5934.05平方米、地下面积82000.99平方米，配套用房面积5977.62平方米。','200000','80000',0,'2020','2025','','王书林',2,NULL,54,NULL,'一类',NULL,'现代服务业',NULL,NULL,1),(49,'芳林雅苑一期','新建','位于朝阳中路，占地15.8亩，十堰永良置业有限公司投资，总建筑面积45064.91平方米，建设住宅楼、车位地下两层及其他配套服务设施。','13000','13000',0,'2021','2021','','赵琴',3,NULL,5,NULL,'一类',NULL,'现代服务业',NULL,NULL,1),(50,'泰山绿谷二期','续建','位于天津路69号，十堰市泰山房地产开发有限公司投资，占地2.7万平方米，建设住宅楼、国际度假酒店、高端写字楼及配套服务设施。','21000','6000',0,'2020','2021','','苏立梅',1,NULL,93,NULL,'一类',NULL,'现代服务业',NULL,NULL,1),(51,'津都国际','续建','位于天津路，十堰久源房地产开发有限公司投资，占地10391平方米，建筑面积46759.5平方米，建设住宅、商业、车库、配套公共设施等。','12000','3000',0,'2020','2022','','王雯',1,NULL,58,NULL,'一类',NULL,'现代服务业',NULL,NULL,1),(52,'绿洲商旅一体服务中心','续建','位于东岳路16号，十堰市绿洲投资管理有限公司投资，建设同时接纳600人住宿、100人餐饮、300人休闲娱乐、1000人会议的商旅一体服务中心。','5000','2500',0,'2020','2021','','谢生海',3,NULL,47,NULL,'一类',NULL,'现代服务业',NULL,NULL,1),(53,'十堰市百二河生态修复工程','续建','南起百二河水库、北至神定河批发市场，东临河北路、沿河路，西至朝阳路。建设内容主要为生态河道工程（建设河道闸堰及蓄水工程，河道内生态化改造及河道两岸绿地工程，建设液压坝4座，跌水堰及亲水堰群2处）、综合管沟工程（总规模13公里）、综合管线工程（管线长度12.5公里）。','770000','100000',0,'2019','2022','','周庆荣,张俊江',73,NULL,73,NULL,'一类',NULL,'基础设施暨社会民生',NULL,NULL,1),(54,'十堰（茅箭区）产城融合示范区','新建','依托茅箭深厚的汽车产业资源，结合东城工业新区优越的地理位置，围绕自动驾驶、智能网联汽车、新能源汽车、工业4.0、汽车后市场、移动出行、金融服务业、现代服务业等产业集群，形成从生产制造、技术研发、网联测试、消费娱乐、服务金融、智慧数据及生态旅游休闲等为一体的全产业链城市功能。','800000','20000',0,'2021','2025','','吕自宏,李炎涛',1,NULL,76,NULL,'一类',NULL,'基础设施暨社会民生',NULL,NULL,1),(55,'茅箭区工业园区污水收集及在线监测智慧管理系统','新建','位于东城开发区，在河道两侧新建两舱（污水舱、初雨舱）综合管沟约15公里；在岸上新建雨污水管道约4公里，并配套截流井、临时引流等附属设施；新建初期雨水调蓄和处理设施，处理规模1800吨/天；在环城水系和湿地处理系统内布置曝气增氧设施，合理种植水生植物，实现初期雨水循环净化，降低泗河流域汛期水质波动风险。','35000','10000',0,'2021','2022','','张捍声,梅海军',1,NULL,6,NULL,'一类',NULL,'基础设施暨社会民生',NULL,NULL,1),(56,'十堰市新水厂','新建','位于武当路街办马家河村，在马家河水库溢洪道东侧建设新水厂一座（近期规模为20万吨/日，远期规模为40万吨/日），主要建设原水输水工程、净水厂工程、输配水工程、厂外道路及桥梁工程、溢洪道改造工程等，改善十堰市城区供水环境，满足十堰市城区内用水量需求。','45460','5460',0,'2021','2023','','翁茂兵',34,NULL,82,77,'一类',NULL,'基础设施暨社会民生',NULL,NULL,1),(57,'朱家咀水库','续建','位于百二河中游，总用地面积198687平方米，建设大坝、管理用房、防汛道路，涉及正常蓄水位336.5米，总库容401万立方米。朱家咀水库是一座以农田灌溉、城乡供水为主，兼有城市防洪和改善水生态环境等综合效益的水利工程。','10628','5000',0,'2020','2022','','李 斌',2,NULL,82,NULL,'一类',NULL,'基础设施暨社会民生',NULL,NULL,1),(58,'十堰中心城区水资源优化配置工程','新建','新建潘口水库至马家河水库饮水干线69.008公里、新建马家河水库至茅塔河水库引水干线4.415公里，新建马家河水库至百二河水库引水支线5.118公里，年引水量1.70亿方。','40000','8000',0,'2021','2025','','梅海军',82,NULL,82,NULL,'一类',NULL,'基础设施暨社会民生',NULL,NULL,1),(59,'茅箭区人民医院迁建','新建','位于林荫大道一号线西侧，规划用地面积21101平方米，总建筑面积56189平方米，其中门诊楼14000平方米、医技楼7257平方米、住院楼13568平方米(含中医科、中药房、ICU重症病区)、传染病楼6063平方米，配套建设地下停车场（12900平方米）及绿化工程。','27000','14000',0,'2021','2023','','童华',34,NULL,67,NULL,'一类',NULL,'基础设施暨社会民生',NULL,NULL,1),(60,'百二河桥梁工程','续建','南起百二河水库，北至白帆桥，河道全长6.63千米，项目共涉14座，其中，新建车行桥2座，新建人行桥9座，既有车行桥改造、加宽3座。','38320','20000',0,'2020','2021','','张俊江',6,NULL,6,NULL,'一类',NULL,'基础设施暨社会民生',NULL,NULL,1),(61,'汉十高铁十堰站至武当山玄岳门快速一级公路（茅箭东城段）','续建','全长47.5公里，设计速度80公里每小时，路基宽52米，双向六车道。快速通道茅箭段全部集中在东城开发区范围内，东城段全长13.06公里，其中快速通道长10.9公里，机场连接线长2.16公里。','169000','20000',0,'2018','2021','','吕自宏',36,NULL,36,NULL,'一类',NULL,'基础设施暨社会民生',NULL,NULL,1),(62,'航空路','续建','起点接林荫大道与机场路立交桥，终点接机场路东路，全长6.7公里，按照城市规划主干道标准建设，道路红线宽50米，双向六车道。主要构筑物有跨东风大道及马家河高架桥、龙门沟隧道、和谐路跨线桥、许白路跨线桥等。','89788','20000',0,'2019','2022','','李金功',33,NULL,33,NULL,'一类',NULL,'基础设施暨社会民生',NULL,NULL,1),(63,'航空路跨东风高架桥段工程','新建','项目起点接林荫大道2号线，终点接龙门隧道起点。全长约2565米，红线宽50米，双向六车道，按照城市主干道标准建设。涉及跨东风大道高架桥一座，左幅桥梁全长1622米，右幅桥梁全长1597米。','110000','10000',0,'2021','2023','','张俊江',1,NULL,6,NULL,'一类',NULL,'基础设施暨社会民生',NULL,NULL,1),(64,'林荫大道三号线','续建','起点接武当路，终点接机场大道，途经张家沟，上跨重庆路、翻山至大洋五洲三期，上跨天津路，翻山至武家沟、七里沟，接机场大道，为东西走向，全长4.41公里。按照城市规划次干道标准建设，道路红线宽35米，双向四车道。','48128','20000',0,'2019','2021','','马继光,任远',33,NULL,33,NULL,'一类',NULL,'基础设施暨社会民生',NULL,NULL,1),(65,'林荫大道一号线','续建','起点为武汉路，终点接天津路，全长3.98公里，按照城市规划次干道标准建设，重庆路至天津路段红线宽度为40米，武汉路至重庆路路段红线宽度为30米，双向四车道。','44660','20000',0,'2019','2021','','任远',33,NULL,33,NULL,'一类',NULL,'基础设施暨社会民生',NULL,NULL,1),(66,'朝阳南路改线工程','新建','位于百二河西侧，起点接中岳路，终点接城南路，道路全长3.44公里，双向四车道，项目计划分两期实施，其中一期A段涉铁段（新二堰路至南岳路匝道），长1.09公里，跨襄渝铁路，二期包含A段中岳路至新二堰路段及B段，长2.35公里。','32000','15000',0,'2021','2022','','张俊江',6,NULL,6,NULL,'一类',NULL,'基础设施暨社会民生',NULL,NULL,1),(67,'武当路复线工程','续建','起点接三峡路与车城南路交叉口，终点接吉林路，按照城市主干道标准建设，全长9.57公里，双向六车道。','125501','10000',0,'2018','2021','','张捍声,张俊江',33,NULL,33,NULL,'一类',NULL,'基础设施暨社会民生',NULL,NULL,1),(68,'武当路复线跨丹江路襄渝铁路桥','新建','项目全长191米，依次跨越丹江路、襄渝铁路和白浪四路，工程起、终点均在两侧道路接线平交，主桥设置双向1.5%横坡，整幅桥梁断面宽度36.5米。','15038','6000',0,'2021','2022','','张俊江',34,NULL,6,NULL,'一类',NULL,'基础设施暨社会民生',NULL,NULL,1),(69,'G209十堰城区垭子至大川段改扩建','续建','起点十房路口，终点大川镇，道路全长11.366公里，新建涵洞25道，新建隧道2座737延米，新建桥梁18座2358延米，双向4车道。','70000','50000',0,'2020','2021','','吕自宏,黄朝军',61,NULL,61,NULL,'一类',NULL,'基础设施暨社会民生',NULL,NULL,1),(70,'S446大川至白石段道路改扩建工程','续建','起点大川镇大川村，终点赛管局黄家村，道路全长16公里，按照二级公路标准建设，路基宽8.5米，路面宽7.5米。','15000','7000',0,'2020','2021','','吕自宏',4,NULL,4,NULL,'一类',NULL,'基础设施暨社会民生',NULL,NULL,1),(71,'五赛路','新建','起点位于五步河，与S446茅塔至大川段平交，沿线有老路改扩建，经小川、庙垭子、柴家院、三棵树，至终点赛武当。路线全长14公里，按照二级公路标准建设，路基宽8.5米，路面宽7.5米。','11000','5000',0,'2021','2022','','李 斌',4,NULL,4,NULL,'一类',NULL,'基础设施暨社会民生',NULL,NULL,1),(72,'茅官路（东沟至大沟段）','新建','起于东沟村，止于大沟村，道路全长5.5公里，拟按照二级公路标准建设，路基宽度8.5米，路面宽度7.5米，其中连山垭隧道全长1000米。','10500','3000',0,'2021','2023','','吕自宏,居然',4,NULL,4,NULL,'一类',NULL,'基础设施暨社会民生',NULL,NULL,1),(73,'胡家、驼鞍沟工业园道路','新建','胡家工业园：新修道路4082米，宽20米，道路单边污水管；驼鞍沟工业园：新修道路总长613米，宽24米。','3244','3244',0,'2021','2021','','万正龙,李炎涛',1,NULL,74,NULL,'一类',NULL,'基础设施暨社会民生',NULL,NULL,1),(74,'茅箭区普林工业园（三期）至龙门大道连接线','新建','道路一：普林工业园连接龙门大道道路，道路等级为城市支路，该道路起点为龙门大道，终点接普林工业园三期，道路长300米，道路红线宽16米。道路二：龙门大道连接标志路匝道，道路等级为城市支路，道路长度188米，道路红线宽20米。道路三：车管所道路，道路等级为城市支路，起点为普林工业园三期，终点接东风大道，道路长382.7米，道路红线宽16米。','3200','1000',0,'2021','2022','','许波',1,NULL,75,NULL,'一类',NULL,'基础设施暨社会民生',NULL,NULL,1),(75,'十堰市柳林小学改扩建','新建','项目位于北京北路，新建一栋建筑面积约16117平方米的教学楼，一栋面积约6095平方米的综合楼（包含室内体艺场馆、图书馆、校史馆及行政办公用房），风雨操场、教学辅助用、停车场等。','8500','7500',0,'2021','2022','','李金功',3,NULL,59,NULL,'一类',NULL,'基础设施暨社会民生',NULL,NULL,1),(76,'茅箭区武当路小学综合楼','新建','项目位于武当路46号，新建一栋建筑面积约4800平方米的综合楼，配套建设护坡挡墙、地下停车场、场地平整、绿化、地面硬化及铺装等。','1500','1500',0,'2021','2021','','童华',34,NULL,17,NULL,'一类',NULL,'基础设施暨社会民生',NULL,NULL,1),(77,'京中实验学校初中部校舍及运动场建设','新建','项目位于京中路，总建筑面积54800平方米，主要建设初中部教学楼、图书馆、实验室、科技楼、学生公寓、食堂、风雨操场、学校运动场及配套设施。','20000','15000',0,'2021','2022','','王雯',34,NULL,92,NULL,'一类',NULL,'基础设施暨社会民生',NULL,NULL,1),(78,'湖北汽车产业公共技能开放性实训基地','续建','位于湖北工业职业技术学院内天津路西侧，总用地面积29840平方米，总建筑面积30199.38平方米。主要建设内容为：新建一栋实训大楼，包括现代智造产品研发中心，现代智造技能实训中心，现代智造员工培训中心，整合设置与汽车制造相关的汽车、机电、电子、信息等专业实训室和辅助用房，并配套道路、广场、水电、绿化等公共基础设施。','15000','7000',0,'2020','2021','','苏立梅',1,NULL,63,NULL,'一类',NULL,'基础设施暨社会民生',NULL,NULL,1),(79,'十堰市太和医院科技综合楼装修改造','新建','位于人民路南路，改造面积28281.49平方米，装修改造门急诊、病房、手术室、ICU、血液透析、影像、信息、收费、药房等用房的室内装修、水电气中央空调安装，购置安装CT一台、磁共振二台、血管机三台等医疗设备。','23000','23000',0,'2021','2021','','童华',2,NULL,67,NULL,'一类',NULL,'基础设施暨社会民生',NULL,NULL,1),(80,'十堰武当中医特色医院','新建','位于丹江路，建设武当中医药人才培训中心7500平方米；武当道地药材研究中心800平方米；武当中医康复中心2800平方米；武当中医治未病中心1400平方米；武当中医药健康大数据中心1000平方米；购置各类技能培训设备、专业医疗设备及软硬件建设。','16650','12000',0,'2021','2022','','张文法',34,NULL,21,NULL,'一类',NULL,'基础设施暨社会民生',NULL,NULL,1),(81,'茅箭区疾控中心迁建','新建','位于林荫大道一号线西侧，规划用地面积约12518平方米，总建筑面积约31295平方米，主要新建综合业务楼和卫生培训中心，配套建设地下停车场区防疫物资仓库等附属工程。','15000','7000',0,'2021','2022','','童华',34,NULL,91,NULL,'一类',NULL,'基础设施暨社会民生',NULL,NULL,1),(82,'十堰市中医院传染病区改造','新建','位于丹江路，主要建设内容为改造发热门诊及传染病区隔离病房、负压病房；改扩建检验中心、放射中心；配套建设手术室、重症监护病区、中药制剂中心；新建医疗物资储备库；配置传染病诊断、检查、治疗的医疗设备；传染病区园林绿化、景观、道路、场地硬化等配套基础设施。','10000','10000',0,'2021','2021','','童华',34,NULL,67,NULL,'一类',NULL,'基础设施暨社会民生',NULL,NULL,1),(83,'茅箭区泗河流域马家河下游水环境综合治理（一期）','续建','对马家河水库下游至示范段约6公里生态治理河道进行河底清淤、水生生物修复工程、生态护岸建设等。','9223','3100',0,'2020','2021','','李 斌',82,NULL,82,NULL,'一类',NULL,'基础设施暨社会民生',NULL,NULL,1),(84,'五堰街办老旧小区改造','新建','对六堰山片区、老市委行署片区、柳林片区、燕林片区二期、永新新村片区等老旧小区进行改造升级，改造户数11414户。主要实施水电气暖通信道路绿化等基础设施改造。','47511','47511',0,'2021','2021','','张俊江',3,NULL,90,NULL,'一类',NULL,'基础设施暨社会民生',NULL,NULL,1),(85,'二堰街办老旧小区改造','新建','对湖北医药学院片区、擂鼓台片区、三堰片区、郑家沟片区、彭家沟片区等老旧小区进行改造升级，改造户数5268户。主要实施水电气暖通信道路绿化等基础设施改造。','25692','25692',0,'2021','2021','','张俊江',2,NULL,90,NULL,'一类',NULL,'基础设施暨社会民生',NULL,NULL,1),(86,'武当路街办老旧小区改造','新建','对龚家湾片区进行改造升级，改造户数746户。小区内的路面改造12800米、停车位200个、照明设施90盏、重建现状散水边沟9000米、改造电力电缆5000米、通信光缆5000米等基础设施建设。','3687','3687',0,'2021','2021','','张俊江',34,NULL,90,NULL,'一类',NULL,'基础设施暨社会民生',NULL,NULL,1),(87,'东城经济开发区老旧小区','续建','对东城开发区和苑北山等老旧小区进行改造升级，涉及楼栋66栋，改造户数697户，主要实施水电气暖通信道路绿化等基础设施改造。','1597','1200',0,'2020','2021','','张俊江',1,NULL,90,NULL,'一类',NULL,'基础设施暨社会民生',NULL,NULL,1),(88,'东城开发区拆迁安置区','新建','位于和谐大道，规划用地143亩，总建筑面积451575.13平方米，共规划建筑物35栋，其中：住宅楼29栋，配套幼儿园1所，服务用房3栋、垃圾中转站2座。项目计划分两期建设，一期拟建设住宅楼17栋，二期拟建设房屋12栋，并逐步完善相关配套设施。','130000','40000',0,'2021','2023','','勾书平',1,NULL,74,NULL,'一类',NULL,'基础设施暨社会民生',NULL,NULL,1),(89,'重庆路锦绣园人防工程','新建','位于重庆路538号，占地8104平方米，总建筑面积9836平方米，其中，负一层为半地下室，平时功能为商业，面积4712平方米；负二层平时功能为地下停车库，面积5124平方米；地面结合现有景观统一布置城市绿地游园、运动场等。','5500','4500',0,'2021','2022','','赵琴',34,NULL,89,NULL,'一类',NULL,'基础设施暨社会民生',NULL,NULL,1),(90,'中国铁塔十堰市分公司5G基站建设','续建','中国铁塔股份有限公司十堰市分公司2020年-2023年完成十堰市5G站址电源配套、塔桅天面、机房、外电、物业、维护，共8000余处，5G改造铁塔项目改造907个基站，其中移动5G基站546个。','80000','20000',0,'2020','2023','','勾书平',34,NULL,88,NULL,'一类',NULL,'基础设施暨社会民生',NULL,NULL,1),(91,'茅箭区城区生活垃圾分类基础配套设施综合建设','新建','在全区700余居民小区内建设配置约1400个垃圾分类集中投放点，50个垃圾存放点，700个垃圾分类宣传点。','2630','2630',0,'2021','2021','','苏立梅',75,NULL,6,NULL,'一类',NULL,'基础设施暨社会民生',NULL,NULL,1),(92,'云龙谷国际旅游度假区','新建','对原赛武当景区提档升级，提炼内涵，着力打造云龙谷旅游度假区。主要建设内容为：维修步游道、改造提升赛武当宾馆、游客服务中心、民宿装修改造、旅游导览系统建设，尽快恢复4A级景区功能，下一步再整合利用大武当旅游圈的市场品牌优势，结合现代康养度假旅游理念，将赛武当打造成集创意居住、多元人文、健康养生、旅居养老为一体的旅游度假目的地。','100000','10000',0,'2021','2023','','童 华',43,NULL,81,NULL,'一类',NULL,'乡村振兴',NULL,NULL,1),(93,'三益田园综合体','新建','种植蝴蝶兰、铁皮石斛等珍贵品种，工厂化养殖台湾黄金鲷鱼、钻石鲈鱼等。','3000','600',0,'2021','2021','','梅海军',40,NULL,81,NULL,'一类',NULL,'乡村振兴',NULL,NULL,1),(94,'茅箭区南部山区人居环境整治','新建','对赛管局2个村（阳坡村、黄家村）、茅塔乡5个村（王家村、康家村、廖家村、大坪村、岩屋村）、武当街道1个村（马家河村）、大川镇1个村（浪溪村）进行农村生活污水治理工程、农村有机废弃物资源化利用工程。','2300','2300',0,'2021','2021','','梅海军',80,NULL,80,NULL,'一类',NULL,'乡村振兴',NULL,NULL,1),(95,'武当竹笋深加工','新建','十堰武当竹文化投资有限公司投资，拟建5000平方米车间及展示展销中心，建设竹笋食品深加工流水线四条，培育武当竹林基地十个，打造武当竹笋食品品牌一个，搭建线上+线下销售渠道，开发四季常青的鲜笋、干笋、笋制品、竹笋食品、竹文化衍生品，年产竹笋食品5000吨。','5000','3000',0,'2021','2022','','万正龙',80,NULL,71,NULL,'一类',NULL,'乡村振兴',NULL,NULL,1),(96,'赛武当黄家村农业科技示范观光苑','新建','位于赛管局黄家村，十堰市大美胜辰农林科技有限公司投资，建设220亩的农业科技示范观光苑，分桃园、李园、杏园、梨园、葡萄园五个园区，打造“新春有花、夏季有瓜、中秋有果、入冬素华”的现代高效农业科技示范苑。','5000','1000',0,'2021','2022','','居然',43,NULL,87,NULL,'一类',NULL,'乡村振兴',NULL,NULL,1),(97,'武当道茶产业融合发展示范项目','新建','位于茅塔乡，武当道茶业（集团）有限公司投资，改建武当道茶生态有机茶园200亩；扩建大沟茶叶加工厂400平方米；新购茶叶加工生产线一条；改建武当茶城-茶叶交易市场8600平方米；搭建茶叶电商交易平台一个；研制“抟形”茶制品。','2000','2000',0,'2021','2021','','梅海军',40,NULL,69,NULL,'一类',NULL,'乡村振兴',NULL,NULL,1),(98,'禾美果香田园综合体','新建','位于赛管局营子村，十堰山里人农业科技专业合作社投资，在现在蓝莓、草莓品种基础上，继续栽植葡萄、无花果、软籽石榴、甜杮，建设60亩“四季有果”的精品果园;引进陕西杨林新品种甜杮，配齐4连栋大棚智能温控设施设备，建设6亩优质杮苗繁育基地;沿蓝莓园采摘道建设1200平方米科普长廊，改造现有民房，建设200平方米研学馆，展示赛武当珍稀动植物资源，宣传科普知识。','1500','700',0,'2021','2022','','王雯',43,NULL,81,NULL,'一类',NULL,'乡村振兴',NULL,NULL,1),(99,'伏龙山优质农产品种植','新建','位于茅塔乡，湖北伏龙山食品开发有限公司投资，引进新西兰猕猴桃优良品种，在王家村进行土壤改良、低肥，聘请专家参与前期管理与员工培训，进行精细化管理，保证猕猴桃种子的存活率。对王家村香菇基地进行土壤填平、购进制作菌棒和深加工设备、建立一座高效自动化的食用菌制棒车间，做到制棒、点菌、种植、采收、加工、销售一条龙。','600','600',0,'2021','2021','','梅海军',40,NULL,57,NULL,'一类',NULL,'乡村振兴',NULL,NULL,1),(100,'林下经济试验基地','新建','在赛武当营子村小东沟选择200亩山林，与市农科院联合建设林下经济试验基地，林下试种5种中药材、2种菌类，对林下环境、套种作物生长情况及综合效益进行检测分析；在浪溪村林下种植阳荷300亩。','1000','600',0,'2021','2022','','任远',80,NULL,80,NULL,'一类',NULL,'乡村振兴',NULL,NULL,1),(101,'茅箭区泗河流域乡镇生活污水治理','续建','新建污水收集管网22.58公里，40吨一体化处理设施3座，10吨一体化处理设施12座，5吨一体化处理设施10座，0.3吨一体化处理设施62座（含公厕），0.5吨户用庭院式人工湿地410座，污水处理总规模513.6吨/天，配套监控设备24套。','5600','2500',0,'2020','2021','','梅海军',6,NULL,6,NULL,'一类',NULL,'乡村振兴',NULL,NULL,1),(102,'茅箭区泗河流域乡镇生活垃圾治理','续建','对茅箭区三个乡镇的生活垃圾进行分类收集和转运，新建垃圾中转站1座（大坪中转站）占地750平方米、配置垃圾中转车、垃圾清运车、配置垃圾中转箱、分类垃圾桶，建设宣传广告牌等。','1135','700',0,'2020','2021','','梅海军',6,NULL,6,NULL,'一类',NULL,'乡村振兴',NULL,NULL,1),(103,'农业土地综合整理','新建','在莫家台子村坡改地，整理土地300亩，主要进行土地整理、沟渠修整、砌挡墙、作业道、水利灌溉配套设施等。','500','500',0,'2021','2021','','梅海军',40,NULL,80,NULL,'一类',NULL,'乡村振兴',NULL,NULL,1),(104,'中心城区生态修复及植树造林','新建','主要对中心城区五堰街办、二堰街办、武当路街办、东城开发区等地的山林毁林开荒种菜地块开展退菜还林还草和林相改造等工作，面积约200亩；对项目建设形成的裸露山体开展生态修复。','300','300',0,'2021','2021','','梅海军',87,NULL,87,NULL,'一类',NULL,'乡村振兴',NULL,NULL,1),(105,'七叶一枝花繁育基地','新建','项目位于马家河村龙王寨，新建优良七叶一枝花繁育基地25亩，包括购置种苗、肥料、农药、整地、种植、修作业道，引水设施。','250','250',0,'2021','2021','','梅海军',34,NULL,80,NULL,'一类',NULL,'乡村振兴',NULL,NULL,1);
/*!40000 ALTER TABLE `projects` ENABLE KEYS */;
UNLOCK TABLES;

--
-- Table structure for table `role`
--

DROP TABLE IF EXISTS `role`;
/*!40101 SET @saved_cs_client     = @@character_set_client */;
/*!40101 SET character_set_client = utf8 */;
CREATE TABLE `role` (
  `rid` int(11) NOT NULL AUTO_INCREMENT,
  `role` varchar(20) NOT NULL,
  `rname` varchar(20) NOT NULL,
  PRIMARY KEY (`rid`)
) ENGINE=InnoDB AUTO_INCREMENT=4 DEFAULT CHARSET=utf8;
/*!40101 SET character_set_client = @saved_cs_client */;

--
-- Dumping data for table `role`
--

LOCK TABLES `role` WRITE;
/*!40000 ALTER TABLE `role` DISABLE KEYS */;
INSERT INTO `role` VALUES (1,'user','填报'),(2,'view','浏览'),(3,'admin','管理');
/*!40000 ALTER TABLE `role` ENABLE KEYS */;
UNLOCK TABLES;

--
-- Table structure for table `setting`
--

DROP TABLE IF EXISTS `setting`;
/*!40101 SET @saved_cs_client     = @@character_set_client */;
/*!40101 SET character_set_client = utf8 */;
CREATE TABLE `setting` (
  `sid` int(11) NOT NULL AUTO_INCREMENT,
  `s_key` varchar(20) NOT NULL,
  `value` varchar(50) NOT NULL,
  `sname` varchar(50) NOT NULL,
  PRIMARY KEY (`sid`)
) ENGINE=InnoDB AUTO_INCREMENT=6 DEFAULT CHARSET=utf8;
/*!40101 SET character_set_client = @saved_cs_client */;

--
-- Dumping data for table `setting`
--

LOCK TABLES `setting` WRITE;
/*!40000 ALTER TABLE `setting` DISABLE KEYS */;
INSERT INTO `setting` VALUES (1,'lockday','31','锁定日期'),(2,'sitename','茅箭区投资项目直报平台','网站名称'),(3,'remind_days','5','提醒天数'),(4,'pics','5','图片张数'),(5,'index','project','默认首页');
/*!40000 ALTER TABLE `setting` ENABLE KEYS */;
UNLOCK TABLES;

--
-- Table structure for table `users`
--

DROP TABLE IF EXISTS `users`;
/*!40101 SET @saved_cs_client     = @@character_set_client */;
/*!40101 SET character_set_client = utf8 */;
CREATE TABLE `users` (
  `uid` int(11) NOT NULL AUTO_INCREMENT,
  `uname` varchar(20) NOT NULL,
  `passwd` varchar(50) NOT NULL,
  `date` timestamp NOT NULL DEFAULT current_timestamp() ON UPDATE current_timestamp(),
  `oid` int(11) NOT NULL,
  `rid` int(11) NOT NULL,
  PRIMARY KEY (`uid`)
) ENGINE=InnoDB AUTO_INCREMENT=133 DEFAULT CHARSET=utf8;
/*!40101 SET character_set_client = @saved_cs_client */;

--
-- Dumping data for table `users`
--

LOCK TABLES `users` WRITE;
/*!40000 ALTER TABLE `users` DISABLE KEYS */;
INSERT INTO `users` VALUES (1,'zhong','202cb962ac59075b964b07152d234b70','2018-02-26 16:09:15',10,3),(2,'gong','202cb962ac59075b964b07152d234b70','2018-02-26 16:09:15',10,3),(3,'tou','202cb962ac59075b964b07152d234b70','2018-02-26 16:09:15',10,3),(4,'lingdao','202cb962ac59075b964b07152d234b70','2018-02-26 16:09:15',10,2),(5,'nong','202cb962ac59075b964b07152d234b70','2018-02-26 16:09:15',10,3),(6,'ban','202cb962ac59075b964b07152d234b70','2018-02-26 16:09:15',10,3),(7,'jiao','202cb962ac59075b964b07152d234b70','2018-02-26 16:09:15',10,3),(8,'she','202cb962ac59075b964b07152d234b70','2018-02-26 16:09:15',10,3),(9,'diqu','202cb962ac59075b964b07152d234b70','2018-02-26 16:09:15',10,3),(10,'dongcheng','202cb962ac59075b964b07152d234b70','2018-02-26 16:09:15',1,1),(11,'eryan','fd856c5ef1def3d0344f94cb1427e5f1','2018-02-27 03:04:23',2,1),(12,'wuyan','202cb962ac59075b964b07152d234b70','2018-02-26 16:09:15',3,1),(13,'jiaotong','202cb962ac59075b964b07152d234b70','2018-02-26 16:09:15',4,1),(14,'renshe','202cb962ac59075b964b07152d234b70','2018-02-26 16:09:15',5,1),(15,'zhujian','202cb962ac59075b964b07152d234b70','2018-02-26 16:09:15',6,1),(16,'nongye','202cb962ac59075b964b07152d234b70','2020-05-31 05:30:19',80,1),(17,'nandiao','202cb962ac59075b964b07152d234b70','2018-02-26 16:09:15',8,1),(18,'weijian','202cb962ac59075b964b07152d234b70','2020-05-26 04:30:18',9,1),(19,'sifa','202cb962ac59075b964b07152d234b70','2018-02-26 16:09:15',11,1),(20,'shangwu','202cb962ac59075b964b07152d234b70','2020-05-26 07:55:16',12,1),(21,'chengtou','202cb962ac59075b964b07152d234b70','2018-02-26 16:09:15',13,1),(22,'anjian','202cb962ac59075b964b07152d234b70','2018-02-26 16:09:15',14,1),(23,'shenji','202cb962ac59075b964b07152d234b70','2018-02-26 16:09:15',15,1),(24,'fupin','202cb962ac59075b964b07152d234b70','2018-02-26 16:09:15',16,1),(25,'jiaoyu','202cb962ac59075b964b07152d234b70','2018-02-26 16:09:15',17,1),(26,'wenti','202cb962ac59075b964b07152d234b70','2020-05-29 08:32:28',81,1),(27,'lvyou','202cb962ac59075b964b07152d234b70','2018-02-26 16:09:15',19,1),(28,'linye','202cb962ac59075b964b07152d234b70','2018-02-26 16:09:15',20,1),(29,'minzheng','202cb962ac59075b964b07152d234b70','2020-09-23 05:33:09',21,1),(30,'shuili','202cb962ac59075b964b07152d234b70','2020-05-26 04:33:10',82,1),(31,'wujia','202cb962ac59075b964b07152d234b70','2018-02-26 16:09:15',23,1),(32,'kejing','202cb962ac59075b964b07152d234b70','2020-05-26 04:34:17',24,1),(33,'jingxin','202cb962ac59075b964b07152d234b70','2018-02-26 16:09:15',25,1),(34,'tongji','202cb962ac59075b964b07152d234b70','2018-02-26 16:09:15',26,1),(35,'shenpi','202cb962ac59075b964b07152d234b70','2018-02-26 16:09:15',27,1),(36,'caizheng','202cb962ac59075b964b07152d234b70','2018-02-26 16:09:15',28,1),(37,'shipin','202cb962ac59075b964b07152d234b70','2018-02-26 16:09:15',29,1),(38,'dachuan','202cb962ac59075b964b07152d234b70','2018-02-26 16:09:15',30,1),(39,'chaobei','202cb962ac59075b964b07152d234b70','2018-02-26 16:09:15',31,1),(40,'linyin','202cb962ac59075b964b07152d234b70','2018-02-26 16:09:15',32,1),(41,'ppp','202cb962ac59075b964b07152d234b70','2018-02-26 16:09:15',33,1),(42,'wudang','202cb962ac59075b964b07152d234b70','2018-02-26 16:09:15',34,1),(43,'tielu','202cb962ac59075b964b07152d234b70','2018-02-26 16:09:15',35,1),(44,'bingjiang','289dff07669d7a23de0ef88d2f7129e7','2018-03-01 00:19:49',36,1),(45,'bei','8f45fe760275d21fb447c88dace3213a','2018-03-08 06:36:29',37,1),(46,'huanbao','202cb962ac59075b964b07152d234b70','2018-03-23 07:35:46',38,1),(47,'baiqiang','202cb962ac59075b964b07152d234b70','2018-02-26 16:09:15',39,1),(48,'maota','202cb962ac59075b964b07152d234b70','2018-02-26 16:09:15',40,1),(49,'xubai','202cb962ac59075b964b07152d234b70','2018-02-26 16:09:15',41,1),(50,'saiman','d099e6fdba97b84acd9f3f98ea917744','2018-03-30 09:39:30',42,1),(51,'saiguan','202cb962ac59075b964b07152d234b70','2020-05-27 01:12:58',43,1),(52,'lmh','202cb962ac59075b964b07152d234b70','2018-03-05 08:17:37',10,2),(53,'gsp','202cb962ac59075b964b07152d234b70','2018-03-05 08:17:37',10,2),(54,'lzh','202cb962ac59075b964b07152d234b70','2018-03-05 08:17:37',10,2),(55,'zqr','202cb962ac59075b964b07152d234b70','2018-03-05 08:17:37',10,2),(56,'zjj','202cb962ac59075b964b07152d234b70','2018-03-05 08:17:37',10,2),(57,'zhangq','202cb962ac59075b964b07152d234b70','2018-03-05 08:17:37',10,2),(58,'zhs','202cb962ac59075b964b07152d234b70','2018-03-05 08:17:37',10,2),(59,'zwf','202cb962ac59075b964b07152d234b70','2018-03-05 08:17:37',10,2),(60,'mhy','202cb962ac59075b964b07152d234b70','2018-03-05 08:17:37',10,2),(61,'zq','202cb962ac59075b964b07152d234b70','2018-03-05 08:17:37',10,2),(62,'zsm','202cb962ac59075b964b07152d234b70','2018-03-05 08:17:37',10,2),(63,'lb','202cb962ac59075b964b07152d234b70','2018-03-05 08:17:37',10,2),(64,'ljg','202cb962ac59075b964b07152d234b70','2018-03-05 08:17:37',10,2),(65,'yyj','202cb962ac59075b964b07152d234b70','2018-03-05 08:17:37',10,2),(66,'wsl','202cb962ac59075b964b07152d234b70','2018-03-05 08:17:37',10,2),(67,'wb','202cb962ac59075b964b07152d234b70','2018-03-05 08:17:37',10,2),(68,'wyb','202cb962ac59075b964b07152d234b70','2018-03-05 08:17:37',10,2),(69,'ww','202cb962ac59075b964b07152d234b70','2018-03-05 08:17:37',10,2),(70,'th','202cb962ac59075b964b07152d234b70','2018-03-05 08:17:37',10,2),(71,'slm','202cb962ac59075b964b07152d234b70','2018-03-05 08:17:37',10,2),(72,'dxj','202cb962ac59075b964b07152d234b70','2018-03-05 08:17:37',10,2),(73,'xb','202cb962ac59075b964b07152d234b70','2018-03-05 08:17:37',10,2),(74,'xsh','202cb962ac59075b964b07152d234b70','2018-03-05 08:17:37',10,2),(75,'zhf','202cb962ac59075b964b07152d234b70','2018-03-05 08:17:37',10,2),(76,'jj','202cb962ac59075b964b07152d234b70','2018-03-05 08:17:37',10,2),(77,'gyb','202cb962ac59075b964b07152d234b70','2018-03-05 08:17:37',10,2),(78,'mjg','202cb962ac59075b964b07152d234b70','2018-03-05 08:17:37',10,2),(79,'hcj','202cb962ac59075b964b07152d234b70','2018-03-05 08:17:37',10,2),(80,'gl','202cb962ac59075b964b07152d234b70','2018-03-05 08:17:37',10,2),(81,'zzc','202cb962ac59075b964b07152d234b70','2019-02-20 01:58:30',44,1),(82,'weiban','202cb962ac59075b964b07152d234b70','2019-02-20 01:58:30',45,1),(83,'zfb','202cb962ac59075b964b07152d234b70','2019-02-20 01:58:30',46,1),(84,'gsl','202cb962ac59075b964b07152d234b70','2019-02-20 01:58:30',47,1),(85,'zxb','202cb962ac59075b964b07152d234b70','2020-05-29 09:19:14',48,1),(86,'jingguan','202cb962ac59075b964b07152d234b70','2019-02-20 01:58:30',49,1),(87,'bianban','202cb962ac59075b964b07152d234b70','2019-02-20 01:58:30',50,1),(88,'xumu','202cb962ac59075b964b07152d234b70','2019-02-20 01:58:30',51,1),(89,'jgsw','202cb962ac59075b964b07152d234b70','2019-02-20 01:58:30',52,1),(90,'zhzf','25e22c7f654889e64ccdedafaed0fcad','2020-05-27 08:31:33',53,1),(91,'renda','202cb962ac59075b964b07152d234b70','2019-02-20 01:58:30',54,1),(92,'jggw','202cb962ac59075b964b07152d234b70','2019-02-20 01:58:30',55,1),(93,'shebao','202cb962ac59075b964b07152d234b70','2019-02-20 01:58:30',56,1),(94,'zgh','202cb962ac59075b964b07152d234b70','2019-02-20 01:58:30',57,1),(95,'fulian','202cb962ac59075b964b07152d234b70','2019-02-20 01:58:30',58,1),(96,'dangxiao','202cb962ac59075b964b07152d234b70','2019-02-20 01:58:30',59,1),(97,'penggai','202cb962ac59075b964b07152d234b70','2019-02-20 01:58:30',60,1),(98,'g209','202cb962ac59075b964b07152d234b70','2019-02-20 01:58:30',61,1),(99,'xubailu','202cb962ac59075b964b07152d234b70','2019-02-20 01:58:30',62,1),(100,'jiuye','202cb962ac59075b964b07152d234b70','2019-02-20 01:58:30',63,1),(101,'liubian','202cb962ac59075b964b07152d234b70','2019-02-20 01:58:30',64,1),(102,'cgzf','202cb962ac59075b964b07152d234b70','2020-05-27 09:52:03',75,1),(103,'abc','202cb962ac59075b964b07152d234b70','2019-04-26 08:42:00',46,2),(104,'xlbzj','202cb962ac59075b964b07152d234b70','2019-06-17 13:13:31',1,2),(105,'fgj','202cb962ac59075b964b07152d234b70','2019-07-30 13:30:32',79,1),(106,'zsfw','202cb962ac59075b964b07152d234b70','2020-05-26 07:55:39',83,1),(107,'jianshetouzi','202cb962ac59075b964b07152d234b70','2020-05-25 02:56:16',74,1),(108,'gaizao','202cb962ac59075b964b07152d234b70','2020-05-25 02:56:16',84,1),(109,'tongzhan','202cb962ac59075b964b07152d234b70','2020-05-26 04:30:18',71,1),(110,'yingji','202cb962ac59075b964b07152d234b70','2020-05-26 04:30:18',70,1),(111,'shichang','202cb962ac59075b964b07152d234b70','2020-05-26 04:30:18',66,1),(112,'shuiziyuan','202cb962ac59075b964b07152d234b70','2020-05-26 04:30:18',73,1),(113,'dfyd','202cb962ac59075b964b07152d234b70','2020-05-26 04:30:18',78,1),(114,'zigui','202cb962ac59075b964b07152d234b70','2020-05-26 04:30:18',76,1),(115,'al','ffbeeb9770e24d55a5ade7890bbd7936','2020-09-23 05:58:41',10,3),(116,'test','7215ee9c7d9dc229d2921a40e899ec5f','2020-09-23 05:59:16',1,1),(117,'sanbang','698d51a19d8a121ce581499d7b701668','2021-02-21 19:56:03',85,1),(118,'shuiwu','698d51a19d8a121ce581499d7b701668','2021-02-21 19:56:40',86,1),(119,'linguan','698d51a19d8a121ce581499d7b701668','2021-02-21 19:57:07',87,1),(120,'kexie','698d51a19d8a121ce581499d7b701668','2021-02-21 19:57:26',88,1),(121,'ggzyjy','698d51a19d8a121ce581499d7b701668','2021-02-21 19:58:13',89,1),(122,'ljxqgz','698d51a19d8a121ce581499d7b701668','2021-02-21 19:59:05',90,1),(123,'jikong','698d51a19d8a121ce581499d7b701668','2021-02-21 19:59:16',91,1),(124,'tyjr','698d51a19d8a121ce581499d7b701668','2021-02-21 20:00:36',92,1),(125,'hongshizi','698d51a19d8a121ce581499d7b701668','2021-02-21 20:00:55',93,1),(126,'dangan','698d51a19d8a121ce581499d7b701668','2021-02-21 20:01:09',94,1),(127,'jgswfw','698d51a19d8a121ce581499d7b701668','2021-02-21 20:02:07',95,1),(128,'zhengfawei','698d51a19d8a121ce581499d7b701668','2021-02-21 20:02:26',96,1),(129,'zhengyan','698d51a19d8a121ce581499d7b701668','2021-02-21 20:02:47',98,1),(130,'rongmei','698d51a19d8a121ce581499d7b701668','2021-02-21 20:02:57',99,1),(131,'xinfang','698d51a19d8a121ce581499d7b701668','2021-02-21 20:03:06',100,1),(132,'shengtai','698d51a19d8a121ce581499d7b701668','2021-02-21 20:03:15',101,1);
/*!40000 ALTER TABLE `users` ENABLE KEYS */;
UNLOCK TABLES;
/*!40103 SET TIME_ZONE=@OLD_TIME_ZONE */;

/*!40101 SET SQL_MODE=@OLD_SQL_MODE */;
/*!40014 SET FOREIGN_KEY_CHECKS=@OLD_FOREIGN_KEY_CHECKS */;
/*!40014 SET UNIQUE_CHECKS=@OLD_UNIQUE_CHECKS */;
/*!40101 SET CHARACTER_SET_CLIENT=@OLD_CHARACTER_SET_CLIENT */;
/*!40101 SET CHARACTER_SET_RESULTS=@OLD_CHARACTER_SET_RESULTS */;
/*!40101 SET COLLATION_CONNECTION=@OLD_COLLATION_CONNECTION */;
/*!40111 SET SQL_NOTES=@OLD_SQL_NOTES */;

-- Dump completed on 2021-02-22  4:05:40
