-- MySQL dump 10.16  Distrib 10.1.31-MariaDB, for Linux (x86_64)
--
-- Host: localhost    Database: fgw
-- ------------------------------------------------------
-- Server version	10.1.31-MariaDB

/*!40101 SET @OLD_CHARACTER_SET_CLIENT=@@CHARACTER_SET_CLIENT */;
/*!40101 SET @OLD_CHARACTER_SET_RESULTS=@@CHARACTER_SET_RESULTS */;
/*!40101 SET @OLD_COLLATION_CONNECTION=@@COLLATION_CONNECTION */;
/*!40101 SET NAMES utf8 */;
/*!40103 SET @OLD_TIME_ZONE=@@TIME_ZONE */;
/*!40103 SET TIME_ZONE='+00:00' */;
/*!40014 SET @OLD_UNIQUE_CHECKS=@@UNIQUE_CHECKS, UNIQUE_CHECKS=0 */;
/*!40014 SET @OLD_FOREIGN_KEY_CHECKS=@@FOREIGN_KEY_CHECKS, FOREIGN_KEY_CHECKS=0 */;
/*!40101 SET @OLD_SQL_MODE=@@SQL_MODE, SQL_MODE='NO_AUTO_VALUE_ON_ZERO' */;
/*!40111 SET @OLD_SQL_NOTES=@@SQL_NOTES, SQL_NOTES=0 */;

--
-- Table structure for table `organization`
--

DROP TABLE IF EXISTS `organization`;
/*!40101 SET @saved_cs_client     = @@character_set_client */;
/*!40101 SET character_set_client = utf8 */;
CREATE TABLE `organization` (
  `oid` int(11) NOT NULL AUTO_INCREMENT,
  `oname` varchar(100) NOT NULL,
  PRIMARY KEY (`oid`)
) ENGINE=InnoDB AUTO_INCREMENT=44 DEFAULT CHARSET=utf8;
/*!40101 SET character_set_client = @saved_cs_client */;

--
-- Dumping data for table `organization`
--

LOCK TABLES `organization` WRITE;
/*!40000 ALTER TABLE `organization` DISABLE KEYS */;
INSERT INTO `organization` VALUES (1,'东城开发区'),(2,'二堰街办'),(3,'五堰街办'),(4,'区交通局'),(5,'区人社局'),(6,'区住建局'),(7,'区农业局'),(8,'区南调办'),(9,'区卫计局'),(10,'区发改局'),(11,'区司法局'),(12,'区商务局'),(13,'区城投公司'),(14,'区安监局'),(15,'区审计局'),(16,'区扶贫办'),(17,'区教育局'),(18,'区文体新广局'),(19,'区旅游局'),(20,'区林业局'),(21,'区民政局'),(22,'区水利局'),(23,'区物价局'),(24,'区科技局'),(25,'区经信局'),(26,'区统计局'),(27,'区行政审批局'),(28,'区财政局'),(29,'区食品药品监督局'),(30,'大川镇'),(31,'朝北沟生态国土综合治理示范项目指挥部'),(32,'林荫大道二号线建设工程指挥部'),(33,'武当路复线等市政道路PPP项目建设拆迁协调服务领导小组'),(34,'武当路街办'),(35,'武汉至十堰城际铁路茅箭段项目建设协调服务指挥部'),(36,'滨江新区至武当山玄岳门一级公路建设茅箭段协调指挥部'),(37,'火车站北广场项目协调服务指挥部'),(38,'环保茅箭分局'),(39,'百强世纪城项目协调服务指挥部'),(40,'茅塔乡'),(41,'许白路沿线环境整治指挥部'),(42,'赛曼控股集团（茅箭）投资项目协调服务指挥部'),(43,'赛管局');
/*!40000 ALTER TABLE `organization` ENABLE KEYS */;
UNLOCK TABLES;

--
-- Table structure for table `progress`
--

DROP TABLE IF EXISTS `progress`;
/*!40101 SET @saved_cs_client     = @@character_set_client */;
/*!40101 SET character_set_client = utf8 */;
CREATE TABLE `progress` (
  `id` int(11) NOT NULL AUTO_INCREMENT,
  `pid` int(11) NOT NULL,
  `date` timestamp NOT NULL DEFAULT CURRENT_TIMESTAMP,
  `fill_state` varchar(50) DEFAULT NULL,
  `phase` varchar(50) DEFAULT NULL COMMENT 'phase of construction',
  `fillby` varchar(50) DEFAULT NULL COMMENT 'filled in by who',
  `phone` varchar(50) DEFAULT NULL,
  `progress` varchar(1000) DEFAULT NULL,
  `problem` varchar(1000) DEFAULT NULL,
  `invest_mon` varchar(50) DEFAULT NULL,
  `actual_start` varchar(50) DEFAULT NULL,
  `actual_finish` varchar(50) DEFAULT NULL,
  PRIMARY KEY (`id`)
) ENGINE=InnoDB AUTO_INCREMENT=243 DEFAULT CHARSET=utf8;
/*!40101 SET character_set_client = @saved_cs_client */;

--
-- Dumping data for table `progress`
--

LOCK TABLES `progress` WRITE;
/*!40000 ALTER TABLE `progress` DISABLE KEYS */;
INSERT INTO `progress` VALUES (1,1,'2018-02-26 16:09:15','abc','开工','一八年一月','13920180001','2018年1月进度进度进度进度进度进度进度','2018年1月问题问题问题问题问题问题问题问题','0','2017-2','2019-8'),(2,2,'2018-02-26 16:09:15','abc','开工','一八年一月','13920180001','2018年1月进度进度进度进度进度进度进度','2018年1月问题问题问题问题问题问题问题问题','0','2017-2','2019-8'),(3,3,'2018-02-26 16:09:15','abc','开工','一八年一月','13920180001','2018年1月进度进度进度进度进度进度进度','2018年1月问题问题问题问题问题问题问题问题','0','2017-2','2019-8'),(4,4,'2018-02-26 16:09:15','abc','开工','一八年一月','13920180001','2018年1月进度进度进度进度进度进度进度','2018年1月问题问题问题问题问题问题问题问题','0','2017-2','2019-8'),(5,5,'2018-02-26 16:09:15','abc','开工','一八年一月','13920180001','2018年1月进度进度进度进度进度进度进度','2018年1月问题问题问题问题问题问题问题问题','0','2017-2','2019-8'),(6,6,'2018-02-26 16:09:15','abc','开工','一八年一月','13920180001','2018年1月进度进度进度进度进度进度进度','2018年1月问题问题问题问题问题问题问题问题','0','2017-2','2019-8'),(7,7,'2018-02-26 16:09:15','abc','开工','一八年一月','13920180001','2018年1月进度进度进度进度进度进度进度','2018年1月问题问题问题问题问题问题问题问题','0','2017-2','2019-8'),(8,8,'2018-02-26 16:09:15','abc','开工','一八年一月','13920180001','2018年1月进度进度进度进度进度进度进度','2018年1月问题问题问题问题问题问题问题问题','0','2017-2','2019-8'),(9,9,'2018-02-26 16:09:15','abc','开工','一八年一月','13920180001','2018年1月进度进度进度进度进度进度进度','2018年1月问题问题问题问题问题问题问题问题','0','2017-2','2019-8'),(10,10,'2018-02-26 16:09:15','abc','开工','一八年一月','13920180001','2018年1月进度进度进度进度进度进度进度','2018年1月问题问题问题问题问题问题问题问题','0','2017-2','2019-8'),(11,11,'2018-02-26 16:09:15','abc','开工','一八年一月','13920180001','2018年1月进度进度进度进度进度进度进度','2018年1月问题问题问题问题问题问题问题问题','0','2017-2','2019-8'),(12,12,'2018-02-26 16:09:15','abc','开工','一八年一月','13920180001','2018年1月进度进度进度进度进度进度进度','2018年1月问题问题问题问题问题问题问题问题','0','2017-2','2019-8'),(13,13,'2018-02-26 16:09:15','abc','开工','一八年一月','13920180001','2018年1月进度进度进度进度进度进度进度','2018年1月问题问题问题问题问题问题问题问题','0','2017-2','2019-8'),(14,14,'2018-02-26 16:09:15','abc','开工','一八年一月','13920180001','2018年1月进度进度进度进度进度进度进度','2018年1月问题问题问题问题问题问题问题问题','0','2017-2','2019-8'),(15,15,'2018-02-26 16:09:15','abc','开工','一八年一月','13920180001','2018年1月进度进度进度进度进度进度进度','2018年1月问题问题问题问题问题问题问题问题','0','2017-2','2019-8'),(16,16,'2018-02-26 16:09:15','abc','开工','一八年一月','13920180001','2018年1月进度进度进度进度进度进度进度','2018年1月问题问题问题问题问题问题问题问题','0','2017-2','2019-8'),(17,17,'2018-02-26 16:09:15','abc','开工','一八年一月','13920180001','2018年1月进度进度进度进度进度进度进度','2018年1月问题问题问题问题问题问题问题问题','0','2017-2','2019-8'),(18,18,'2018-02-26 16:09:15','abc','开工','一八年一月','13920180001','2018年1月进度进度进度进度进度进度进度','2018年1月问题问题问题问题问题问题问题问题','0','2017-2','2019-8'),(19,19,'2018-02-26 16:09:15','abc','开工','一八年一月','13920180001','2018年1月进度进度进度进度进度进度进度','2018年1月问题问题问题问题问题问题问题问题','0','2017-2','2019-8'),(20,20,'2018-02-26 16:09:15','abc','开工','一八年一月','13920180001','2018年1月进度进度进度进度进度进度进度','2018年1月问题问题问题问题问题问题问题问题','0','2017-2','2019-8'),(21,21,'2018-02-26 16:09:15','abc','开工','一八年一月','13920180001','2018年1月进度进度进度进度进度进度进度','2018年1月问题问题问题问题问题问题问题问题','0','2017-2','2019-8'),(22,22,'2018-02-26 16:09:15','abc','开工','一八年一月','13920180001','2018年1月进度进度进度进度进度进度进度','2018年1月问题问题问题问题问题问题问题问题','0','2017-2','2019-8'),(23,23,'2018-02-26 16:09:15','abc','开工','一八年一月','13920180001','2018年1月进度进度进度进度进度进度进度','2018年1月问题问题问题问题问题问题问题问题','0','2017-2','2019-8'),(24,24,'2018-02-26 16:09:15','abc','开工','一八年一月','13920180001','2018年1月进度进度进度进度进度进度进度','2018年1月问题问题问题问题问题问题问题问题','0','2017-2','2019-8'),(25,25,'2018-02-26 16:09:15','abc','开工','一八年一月','13920180001','2018年1月进度进度进度进度进度进度进度','2018年1月问题问题问题问题问题问题问题问题','0','2017-2','2019-8'),(26,26,'2018-02-26 16:09:15','abc','开工','一八年一月','13920180001','2018年1月进度进度进度进度进度进度进度','2018年1月问题问题问题问题问题问题问题问题','0','2017-2','2019-8'),(27,27,'2018-02-26 16:09:15','abc','开工','一八年一月','13920180001','2018年1月进度进度进度进度进度进度进度','2018年1月问题问题问题问题问题问题问题问题','0','2017-2','2019-8'),(28,28,'2018-02-26 16:09:15','abc','开工','一八年一月','13920180001','2018年1月进度进度进度进度进度进度进度','2018年1月问题问题问题问题问题问题问题问题','0','2017-2','2019-8'),(29,29,'2018-02-26 16:09:15','abc','开工','一八年一月','13920180001','2018年1月进度进度进度进度进度进度进度','2018年1月问题问题问题问题问题问题问题问题','0','2017-2','2019-8'),(30,30,'2018-02-26 16:09:15','abc','开工','一八年一月','13920180001','2018年1月进度进度进度进度进度进度进度','2018年1月问题问题问题问题问题问题问题问题','0','2017-2','2019-8'),(31,31,'2018-02-26 16:09:15','abc','开工','一八年一月','13920180001','2018年1月进度进度进度进度进度进度进度','2018年1月问题问题问题问题问题问题问题问题','0','2017-2','2019-8'),(32,32,'2018-02-26 16:09:15','abc','开工','一八年一月','13920180001','2018年1月进度进度进度进度进度进度进度','2018年1月问题问题问题问题问题问题问题问题','0','2017-2','2019-8'),(33,33,'2018-02-26 16:09:15','abc','开工','一八年一月','13920180001','2018年1月进度进度进度进度进度进度进度','2018年1月问题问题问题问题问题问题问题问题','0','2017-2','2019-8'),(34,34,'2018-02-26 16:09:15','abc','开工','一八年一月','13920180001','2018年1月进度进度进度进度进度进度进度','2018年1月问题问题问题问题问题问题问题问题','0','2017-2','2019-8'),(35,35,'2018-02-26 16:09:15','abc','开工','一八年一月','13920180001','2018年1月进度进度进度进度进度进度进度','2018年1月问题问题问题问题问题问题问题问题','0','2017-2','2019-8'),(36,36,'2018-02-26 16:09:15','abc','开工','一八年一月','13920180001','2018年1月进度进度进度进度进度进度进度','2018年1月问题问题问题问题问题问题问题问题','0','2017-2','2019-8'),(37,37,'2018-02-26 16:09:15','abc','开工','一八年一月','13920180001','2018年1月进度进度进度进度进度进度进度','2018年1月问题问题问题问题问题问题问题问题','0','2017-2','2019-8'),(38,38,'2018-02-26 16:09:15','abc','开工','一八年一月','13920180001','2018年1月进度进度进度进度进度进度进度','2018年1月问题问题问题问题问题问题问题问题','0','2017-2','2019-8'),(39,39,'2018-02-26 16:09:15','abc','开工','一八年一月','13920180001','2018年1月进度进度进度进度进度进度进度','2018年1月问题问题问题问题问题问题问题问题','0','2017-2','2019-8'),(40,40,'2018-02-26 16:09:15','abc','开工','一八年一月','13920180001','2018年1月进度进度进度进度进度进度进度','2018年1月问题问题问题问题问题问题问题问题','0','2017-2','2019-8'),(41,41,'2018-02-26 16:09:15','abc','开工','一八年一月','13920180001','2018年1月进度进度进度进度进度进度进度','2018年1月问题问题问题问题问题问题问题问题','0','2017-2','2019-8'),(42,42,'2018-02-26 16:09:15','abc','开工','一八年一月','13920180001','2018年1月进度进度进度进度进度进度进度','2018年1月问题问题问题问题问题问题问题问题','0','2017-2','2019-8'),(43,43,'2018-02-26 16:09:15','abc','开工','一八年一月','13920180001','2018年1月进度进度进度进度进度进度进度','2018年1月问题问题问题问题问题问题问题问题','0','2017-2','2019-8'),(44,44,'2018-02-26 16:09:15','abc','开工','一八年一月','13920180001','2018年1月进度进度进度进度进度进度进度','2018年1月问题问题问题问题问题问题问题问题','0','2017-2','2019-8'),(45,45,'2018-02-26 16:09:15','abc','开工','一八年一月','13920180001','2018年1月进度进度进度进度进度进度进度','2018年1月问题问题问题问题问题问题问题问题','0','2017-2','2019-8'),(46,46,'2018-02-26 16:09:15','abc','开工','一八年一月','13920180001','2018年1月进度进度进度进度进度进度进度','2018年1月问题问题问题问题问题问题问题问题','0','2017-2','2019-8'),(47,47,'2018-02-26 16:09:15','abc','开工','一八年一月','13920180001','2018年1月进度进度进度进度进度进度进度','2018年1月问题问题问题问题问题问题问题问题','0','2017-2','2019-8'),(48,48,'2018-02-26 16:09:15','abc','开工','一八年一月','13920180001','2018年1月进度进度进度进度进度进度进度','2018年1月问题问题问题问题问题问题问题问题','0','2017-2','2019-8'),(49,49,'2018-02-26 16:09:15','abc','开工','一八年一月','13920180001','2018年1月进度进度进度进度进度进度进度','2018年1月问题问题问题问题问题问题问题问题','0','2017-2','2019-8'),(50,50,'2018-02-26 16:09:15','abc','开工','一八年一月','13920180001','2018年1月进度进度进度进度进度进度进度','2018年1月问题问题问题问题问题问题问题问题','0','2017-2','2019-8'),(51,51,'2018-02-26 16:09:15','abc','开工','一八年一月','13920180001','2018年1月进度进度进度进度进度进度进度','2018年1月问题问题问题问题问题问题问题问题','0','2017-2','2019-8'),(52,52,'2018-02-26 16:09:15','abc','开工','一八年一月','13920180001','2018年1月进度进度进度进度进度进度进度','2018年1月问题问题问题问题问题问题问题问题','0','2017-2','2019-8'),(53,53,'2018-02-26 16:09:15','abc','开工','一八年一月','13920180001','2018年1月进度进度进度进度进度进度进度','2018年1月问题问题问题问题问题问题问题问题','0','2017-2','2019-8'),(54,54,'2018-02-26 16:09:15','abc','开工','一八年一月','13920180001','2018年1月进度进度进度进度进度进度进度','2018年1月问题问题问题问题问题问题问题问题','0','2017-2','2019-8'),(55,55,'2018-02-26 16:09:15','abc','开工','一八年一月','13920180001','2018年1月进度进度进度进度进度进度进度','2018年1月问题问题问题问题问题问题问题问题','0','2017-2','2019-8'),(56,56,'2018-02-26 16:09:15','abc','开工','一八年一月','13920180001','2018年1月进度进度进度进度进度进度进度','2018年1月问题问题问题问题问题问题问题问题','0','2017-2','2019-8'),(57,57,'2018-02-26 16:09:15','abc','开工','一八年一月','13920180001','2018年1月进度进度进度进度进度进度进度','2018年1月问题问题问题问题问题问题问题问题','0','2017-2','2019-8'),(58,58,'2018-02-26 16:09:15','abc','开工','一八年一月','13920180001','2018年1月进度进度进度进度进度进度进度','2018年1月问题问题问题问题问题问题问题问题','0','2017-2','2019-8'),(59,59,'2018-02-26 16:09:15','abc','开工','一八年一月','13920180001','2018年1月进度进度进度进度进度进度进度','2018年1月问题问题问题问题问题问题问题问题','0','2017-2','2019-8'),(60,60,'2018-02-26 16:09:15','abc','开工','一八年一月','13920180001','2018年1月进度进度进度进度进度进度进度','2018年1月问题问题问题问题问题问题问题问题','0','2017-2','2019-8'),(61,61,'2018-02-26 16:09:15','abc','开工','一八年一月','13920180001','2018年1月进度进度进度进度进度进度进度','2018年1月问题问题问题问题问题问题问题问题','0','2017-2','2019-8'),(62,62,'2018-02-26 16:09:15','abc','开工','一八年一月','13920180001','2018年1月进度进度进度进度进度进度进度','2018年1月问题问题问题问题问题问题问题问题','0','2017-2','2019-8'),(63,63,'2018-02-26 16:09:15','abc','开工','一八年一月','13920180001','2018年1月进度进度进度进度进度进度进度','2018年1月问题问题问题问题问题问题问题问题','0','2017-2','2019-8'),(64,64,'2018-02-26 16:09:15','abc','开工','一八年一月','13920180001','2018年1月进度进度进度进度进度进度进度','2018年1月问题问题问题问题问题问题问题问题','0','2017-2','2019-8'),(65,65,'2018-02-26 16:09:15','abc','开工','一八年一月','13920180001','2018年1月进度进度进度进度进度进度进度','2018年1月问题问题问题问题问题问题问题问题','0','2017-2','2019-8'),(66,66,'2018-02-26 16:09:15','abc','开工','一八年一月','13920180001','2018年1月进度进度进度进度进度进度进度','2018年1月问题问题问题问题问题问题问题问题','0','2017-2','2019-8'),(67,67,'2018-02-26 16:09:15','abc','开工','一八年一月','13920180001','2018年1月进度进度进度进度进度进度进度','2018年1月问题问题问题问题问题问题问题问题','0','2017-2','2019-8'),(68,68,'2018-02-26 16:09:15','abc','开工','一八年一月','13920180001','2018年1月进度进度进度进度进度进度进度','2018年1月问题问题问题问题问题问题问题问题','0','2017-2','2019-8'),(69,69,'2018-02-26 16:09:15','abc','开工','一八年一月','13920180001','2018年1月进度进度进度进度进度进度进度','2018年1月问题问题问题问题问题问题问题问题','0','2017-2','2019-8'),(70,70,'2018-02-26 16:09:15','abc','开工','一八年一月','13920180001','2018年1月进度进度进度进度进度进度进度','2018年1月问题问题问题问题问题问题问题问题','0','2017-2','2019-8'),(71,71,'2018-02-26 16:09:15','abc','开工','一八年一月','13920180001','2018年1月进度进度进度进度进度进度进度','2018年1月问题问题问题问题问题问题问题问题','0','2017-2','2019-8'),(72,72,'2018-02-26 16:09:15','abc','开工','一八年一月','13920180001','2018年1月进度进度进度进度进度进度进度','2018年1月问题问题问题问题问题问题问题问题','0','2017-2','2019-8'),(73,73,'2018-02-26 16:09:15','abc','开工','一八年一月','13920180001','2018年1月进度进度进度进度进度进度进度','2018年1月问题问题问题问题问题问题问题问题','0','2017-2','2019-8'),(74,74,'2018-02-26 16:09:15','abc','开工','一八年一月','13920180001','2018年1月进度进度进度进度进度进度进度','2018年1月问题问题问题问题问题问题问题问题','0','2017-2','2019-8'),(75,75,'2018-02-26 16:09:15','abc','开工','一八年一月','13920180001','2018年1月进度进度进度进度进度进度进度','2018年1月问题问题问题问题问题问题问题问题','0','2017-2','2019-8'),(76,76,'2018-02-26 16:09:15','abc','开工','一八年一月','13920180001','2018年1月进度进度进度进度进度进度进度','2018年1月问题问题问题问题问题问题问题问题','0','2017-2','2019-8'),(77,77,'2018-02-26 16:09:15','abc','开工','一八年一月','13920180001','2018年1月进度进度进度进度进度进度进度','2018年1月问题问题问题问题问题问题问题问题','0','2017-2','2019-8'),(78,78,'2018-02-26 16:09:15','abc','开工','一八年一月','13920180001','2018年1月进度进度进度进度进度进度进度','2018年1月问题问题问题问题问题问题问题问题','0','2017-2','2019-8'),(79,79,'2018-02-26 16:09:15','abc','开工','一八年一月','13920180001','2018年1月进度进度进度进度进度进度进度','2018年1月问题问题问题问题问题问题问题问题','0','2017-2','2019-8'),(80,80,'2018-02-26 16:09:15','abc','开工','一八年一月','13920180001','2018年1月进度进度进度进度进度进度进度','2018年1月问题问题问题问题问题问题问题问题','0','2017-2','2019-8'),(81,81,'2018-02-26 16:09:15','abc','开工','一八年一月','13920180001','2018年1月进度进度进度进度进度进度进度','2018年1月问题问题问题问题问题问题问题问题','0','2017-2','2019-8'),(82,82,'2018-02-26 16:09:15','abc','开工','一八年一月','13920180001','2018年1月进度进度进度进度进度进度进度','2018年1月问题问题问题问题问题问题问题问题','0','2017-2','2019-8'),(83,83,'2018-02-26 16:09:15','abc','开工','一八年一月','13920180001','2018年1月进度进度进度进度进度进度进度','2018年1月问题问题问题问题问题问题问题问题','0','2017-2','2019-8'),(84,84,'2018-02-26 16:09:15','abc','开工','一八年一月','13920180001','2018年1月进度进度进度进度进度进度进度','2018年1月问题问题问题问题问题问题问题问题','0','2017-2','2019-8'),(85,85,'2018-02-26 16:09:15','abc','开工','一八年一月','13920180001','2018年1月进度进度进度进度进度进度进度','2018年1月问题问题问题问题问题问题问题问题','0','2017-2','2019-8'),(86,86,'2018-02-26 16:09:15','abc','开工','一八年一月','13920180001','2018年1月进度进度进度进度进度进度进度','2018年1月问题问题问题问题问题问题问题问题','0','2017-2','2019-8'),(87,87,'2018-02-26 16:09:15','abc','开工','一八年一月','13920180001','2018年1月进度进度进度进度进度进度进度','2018年1月问题问题问题问题问题问题问题问题','0','2017-2','2019-8'),(88,88,'2018-02-26 16:09:15','abc','开工','一八年一月','13920180001','2018年1月进度进度进度进度进度进度进度','2018年1月问题问题问题问题问题问题问题问题','0','2017-2','2019-8'),(89,89,'2018-02-26 16:09:15','abc','开工','一八年一月','13920180001','2018年1月进度进度进度进度进度进度进度','2018年1月问题问题问题问题问题问题问题问题','0','2017-2','2019-8'),(90,90,'2018-02-26 16:09:15','abc','开工','一八年一月','13920180001','2018年1月进度进度进度进度进度进度进度','2018年1月问题问题问题问题问题问题问题问题','0','2017-2','2019-8'),(91,91,'2018-02-26 16:09:15','abc','开工','一八年一月','13920180001','2018年1月进度进度进度进度进度进度进度','2018年1月问题问题问题问题问题问题问题问题','0','2017-2','2019-8'),(92,92,'2018-02-26 16:09:15','abc','开工','一八年一月','13920180001','2018年1月进度进度进度进度进度进度进度','2018年1月问题问题问题问题问题问题问题问题','0','2017-2','2019-8'),(93,93,'2018-02-26 16:09:15','abc','开工','一八年一月','13920180001','2018年1月进度进度进度进度进度进度进度','2018年1月问题问题问题问题问题问题问题问题','0','2017-2','2019-8'),(94,94,'2018-02-26 16:09:15','abc','开工','一八年一月','13920180001','2018年1月进度进度进度进度进度进度进度','2018年1月问题问题问题问题问题问题问题问题','0','2017-2','2019-8'),(95,95,'2018-02-26 16:09:15','abc','开工','一八年一月','13920180001','2018年1月进度进度进度进度进度进度进度','2018年1月问题问题问题问题问题问题问题问题','0','2017-2','2019-8'),(96,96,'2018-02-26 16:09:15','abc','开工','一八年一月','13920180001','2018年1月进度进度进度进度进度进度进度','2018年1月问题问题问题问题问题问题问题问题','0','2017-2','2019-8'),(97,97,'2018-02-26 16:09:15','abc','开工','一八年一月','13920180001','2018年1月进度进度进度进度进度进度进度','2018年1月问题问题问题问题问题问题问题问题','0','2017-2','2019-8'),(98,98,'2018-02-26 16:09:15','abc','开工','一八年一月','13920180001','2018年1月进度进度进度进度进度进度进度','2018年1月问题问题问题问题问题问题问题问题','0','2017-2','2019-8'),(99,99,'2018-02-26 16:09:15','abc','开工','一八年一月','13920180001','2018年1月进度进度进度进度进度进度进度','2018年1月问题问题问题问题问题问题问题问题','0','2017-2','2019-8'),(100,100,'2018-02-26 16:09:15','abc','开工','一八年一月','13920180001','2018年1月进度进度进度进度进度进度进度','2018年1月问题问题问题问题问题问题问题问题','0','2017-2','2019-8'),(128,33,'2017-01-24 16:00:00',NULL,NULL,'一七年一月','13920170001','2017年1月进度进度进度进度','2017.1问题问题问题问题问题问题','1000',NULL,NULL),(129,33,'2017-02-24 16:00:00',NULL,NULL,'一七年二月','13920170002','2017年2月进度进度进度进度','2017.2问题问题问题问题问题问题','2000',NULL,NULL),(130,33,'2017-03-24 16:00:00',NULL,NULL,'一七年三月','13920170003','2017年3月进度进度进度进度','2017.3问题问题问题问题问题问题','3000',NULL,NULL),(131,33,'2017-04-24 16:00:00',NULL,NULL,'一七年四月','13920170004','2017年4月进度进度进度进度','2017.4问题问题问题问题问题问题','4000',NULL,NULL),(132,33,'2017-05-24 16:00:00',NULL,NULL,'一七年五月','13920170005','2017年5月进度进度进度进度','2017.5问题问题问题问题问题问题','5000',NULL,NULL),(133,33,'2017-06-24 16:00:00',NULL,NULL,'一七年六月','13920170006','2017年6月进度进度进度进度','2017.6问题问题问题问题问题问题','6000',NULL,NULL),(134,33,'2017-07-24 16:00:00',NULL,NULL,'一七年七月','13920170007','2017年7月进度进度进度进度','2017.7问题问题问题问题问题问题','7000',NULL,NULL),(135,33,'2017-08-24 16:00:00',NULL,NULL,'一七年八月','13920170008','2017年8月进度进度进度进度','2017.8问题问题问题问题问题问题','8000',NULL,NULL),(136,33,'2017-09-24 16:00:00',NULL,NULL,'一七年九月','13920170009','2017年9月进度进度进度进度','2017.9问题问题问题问题问题问题','9000',NULL,NULL),(137,33,'2017-10-24 16:00:00',NULL,NULL,'一七年十月','13920170010','2017年10月进度进度进度进度','2017.10问题问题问题问题问题问题','10000',NULL,NULL),(138,33,'2017-11-24 16:00:00',NULL,NULL,'一七年十一月','13920170011','2017年11月进度进度进度进度','2017.11问题问题问题问题问题问题','11000',NULL,NULL),(139,33,'2017-12-24 16:00:00',NULL,NULL,'一七年十二月','13920170012','2017年12月进度进度进度进度','2017.12问题问题问题问题问题问题','12000',NULL,NULL),(140,25,'2018-03-05 09:14:18','abc','前期准备','张薇','13707288397','项目初步选址驼鞍沟工业园，拟征地200亩，目前正在与拟引进企业进行合作洽谈。','在谈','0','2018-03','2019-03'),(141,27,'2018-03-05 09:15:31','abc','前期准备','张薇','13707288397','项目拟选址胡家工业园，征地138亩，目前正在与拟引进企业湖北普尔精密科技有限公司进行合作洽谈。','在谈','0','2018-03','2019-03'),(142,33,'2018-03-05 09:16:23','abc','前期准备','张薇','13707288397','2018年1月12日，多弗控股集团董事长胡兴荣率考察团一行来到茅箭区考察了华昌达和中正汽车股份有限公司，双方关于紫薇岛项目收购达成初步意向。','在谈','0','2018-03','2019-03'),(143,3,'2018-03-06 01:07:47','abc','前期准备','董静','13636150142','已完成项目总设计，正在进行项目建设总体规划与用地审批。','项目场地整治、地质勘测、三通一平、强夯等基础工程。','1000','2018-06','2020-12'),(144,59,'2018-03-06 02:46:11','abc','开工','景永生','13329840778','完成了茅箭区胡家村、鸳鸯村清表工作，路基试验段及土石方施工完成3%。目前，55米路基内林木砍伐手续已全部办理到位，55米外（规划红线内）林木砍伐手续正在办理中。','因规划红线内（机场连接线上）有4户居民，提出拆迁补偿要求远远大于补偿标准，故未能签订房屋拆迁补偿协议；另有2户养殖场也因补偿要求过高，无法达成拆迁协议。下一步我们将继续再做这6户拆迁户的工作，力争早日完成拆迁协议的签订。','1600','2017-05','2019-12'),(145,90,'2018-03-06 02:56:32','abc','前期准备','刘君毅','0719-8795906','2018年3月设计单位编制完成设计方案，审查批复修改到位，报区政府确定拦标价，月底开始施工招标。','2018年3月加快施工招标进度，尽快启动项目建设','40','2018-04','2018-12'),(146,96,'2018-03-06 03:10:57','abc','前期准备','刘君毅','0719-8795906','2018年3月方案编制完成，已经完成审查，现根据审查意见进行整改。','2018年3月等修改完毕后报上级部门完成批复。','0','2018-05','2018-12'),(147,99,'2018-03-06 03:14:56','abc','前期准备','赵茜','18007281135','对原施工单位工程量开展审计工作','下一步工作建议和安排：\r\n1.加快对原施工单位工程量的审计；\r\n2.招商引资，盘活资源；\r\n3.建议公安、消防、旅游等相关部门加强协调支持，尽快恢复景区接待中心经营工作，抓住旅游旺季发展机会，为招商营造良好氛围。\r\n','0','2018-02','2023-12'),(148,88,'2018-03-06 03:27:11','abc','前期准备','刘君毅','0719-8795906','初设方案区政府第二次审查，修改完善后上报省厅。','云龙谷和曼谷公社尽可能提交相关规划设计成果，并加强与设计单位对接。','112','2018-09','2019-12'),(149,5,'2018-03-06 03:36:17','abc','开工','易琴','13477970630','该项目已于2017年8月1日完成工商注册，2017年9月1日合资公司已经正式运营。注册资金1.5亿元。','1.现有厂房无法满足公司扩能需要，已报请市规划局设计规划车间1900平米。2.公司员工停车难问题。','15000','2017-09','2019-12'),(150,13,'2018-03-06 03:47:47','abc','开工','王冬浜 ','135937404656','办公楼主体结构装修及1#2#车间主体结构建造\r\n','进行办公楼装修、1#车间2#车间主体结构建造\r\n','4000','2017-10','2018-07'),(151,26,'2018-03-06 06:57:01','abc','前期准备','王蓓','8787279','据与双鸥汽车饰件有限公司分三步：1、双鸥公司成为锦恒公司供应商 2、双方合作进行安全气囊技术研发 3、双方合资开展安全气囊生产项目。   现在处于第一阶段。\r\n','1、双鸥公司负责人鲍总反应其项目配套后勤保障问题一个：双鸥公司食堂建设问题。双鸥公司原食堂面积小、功能不全，不能满足公司发展需要，计划在厂房后面空地新建一个后勤配套房屋，由于土地的归属问题，（部分土地归白浪开发区所属）需要区里进行沟通协调。','100','2018-03','2020-12'),(152,50,'2018-03-06 07:06:53','abc','前期准备','柴东东','13797835677','目前场平已完成，打算本月强夯。手续还在市土地局办理之中。','      经过对该项目的实地进行走访，发现该项已被十堰市东利洋物流服务有限公司收购，目前正在与群利物流园有限公司进行过户阶段，双方资料已经提交市国土资源局，手续还在审核之中。  \r\n     下一步打算进行基础开挖。','1500','2018-04','2019-04'),(153,29,'2018-03-06 07:37:11','abc','前期准备','许伟峰','15897857888','目前在老三环工业园进行老车间、办公楼装修，目前暂无落户东城开发区意向。已提交区项目办，建议变更责任单位。','目前在老三环工业园进行老车间、办公楼装修，目前暂无落户东城开发区意向。已提交区项目办，建议变更责任单位。','0','2017-2','2019-8'),(154,46,'2018-03-06 07:42:07','abc','开工','许伟峰','15897857888','1.完成1.2#仓储建设收尾工作，处理仓储外部道路建设。\r\n','确定该用地的具体范围及用地性质，需区政府配合调规。\r\n','6000','2018-02','2019-02'),(155,48,'2018-03-06 07:44:14','abc','前期准备','许伟峰','15897857888','目前项目正在办理用地手续，加快公司注册进度。\r\n','经联络员与该项目联系人叶禹电话联系，当前存在如下问题：1、该项目用地范围处于调规阶段。2、该项目由北京某家投资公司出资1.2亿、新合作出资8000万元共同成立新公司，由于北京投资公司资金尚未到位，该项目新公司尚未注册。下一步，我们将继续联络，请商务局也做好跟进沟通。\r\n','1000','2017-08','2019-8'),(156,2,'2018-03-06 07:50:45','abc','前期准备','周清华','13636239848','区政府与东风实业已签订项目建设协议，现正在进行园区规划设计。先期为大洋电机项目提供临时厂房5000平米，目前正在进行临时厂房工艺布局设计。东风实业产业园项目规划方案已报市规划局；项目建议书和立项批复在2018年1月份已完成；环评报告正在采购当中；地勘工作已进场实施；施工单位招标工作已于2018年2月14日进行挂网招标，3月7日进行了资格预审。\r\n','下一步工作安排：1、加快各项手续的报批工作；2、完成大洋电机项目临时厂房的工艺布局设计。\r\n\r\n','500','2018-05','2020-12'),(157,80,'2018-03-06 07:56:48','abc','前期准备','周清华','13636239848','通过招投标找代理公司以及发布招投标公告等前期筹备工作，目前项目除了立项外，还没有办理如何手续。\r\n','存在的问题：1、资金问题。\r\n下一步工作打算：1、加快项目手续办理工作；2、按照程序，进行招投标工作。','200','2018-05','2018-12'),(158,18,'2018-03-06 08:47:20','abc','开工',' 王英','13997801378','已完成厂房设计、招标、施工单位已进场，3月份完成主要设备技术文件的签订、完成厂房基础施工、签订主要设备购买合同','1、完成地面1~2层的施工；2、白区设备进场安装；    3、完成地面3~4层施工；4、白区设备调试试生产；    5、厂房验收；6、黄区设备安装调试；7、黑区设备进场题','800','2018-02','2018-06'),(159,22,'2018-03-06 08:54:22','abc','开工','杜锋','18971916439','2018年3月超强钢板开平生产线正在建设中','存在问题；1.区政府已同意借企业生产调度资金1000万，企业的土地、房产相关手续已抵押，企业申请用股权质押使用这项资金。                         \r\n                    2.航空路项目建设近期开始，企业租用的车间在航空路边线，项目建设期间尽量不影响企业生产。     \r\n\r\n下一步计划建车架总成生产线。 ','500','2018-02','2018-12'),(160,20,'2018-03-06 09:22:34','abc','开工','瞿道平','13593758887','1、数控倒角机已签订待发货，2、电动螺旋压力机合同已签订待发货，3、数控车合同已签订待发货，4、高速圆盘锯;其他设备合同待签订及制造过程中。\r\n','计划采购数控辗环机、插齿机、喷砂机、数控车等设备。\r\n','1600','2018-03','2019-8'),(161,1,'2018-03-06 09:25:53','abc','前期准备','瞿道平','13593758887','市政府与东风公司签订“1+5”合作协议：进行41厂搬迁涂装线建设;启动43厂搬迁项目生产线设计\r\n','继续41厂搬迁涂装线建设和43厂搬迁项目生产线设计与建设;进行车轮定位检测阵地建设\r\n','100','2018-05','2019-12'),(162,16,'2018-03-06 09:48:20','abc','前期准备','王晓静','13872803126','正在完成项目可研报告。','尽快完成项目可研报告和选址。','50000','2018-03','2019-8'),(163,12,'2018-03-07 01:21:19','abc','前期准备','李勇','13035257202','1、立项已完成；2、正进行工程招投标；3、正进行环境影响评价采购；4；正进行造价咨询公司采购','待招投标结束后，进行设计','0','2017-2','2019-8'),(164,34,'2018-03-07 01:50:51','abc','前期准备','李勇','13035257202','2018年2月茅箭区政府与深圳贝特瑞新能源材料股份有限公司签订合作备忘录，2013年3月中国宝安集团负责人到十堰与十堰市政府就贝特瑞磷酸铁锂正极材料项目选址建设进行对接。深圳贝特瑞公司投资尚未确定，至今没有签订正式投资协议。','待项目协议签订后，启动建设工作','0','2017-06','2019-8'),(165,9,'2018-03-07 02:13:07','abc','开工','王冬浜','13593740465','叉车1台，公告试制样车2台，前期生产线建设筹备','1、因技术标准的提升、补贴标准的退坡，造成全年度经营排产不均衡，上半年主要以新产品开发试制、道路测试、新品公告等事项为主。下半年随着产品的定型，逐步投产。\r\n2、随着下半年的产能提升，大批量的生产物料的购入，势必需要股东方以及外界的资金支持以作运转。\r\n3、因我公司主要产销的新能源汽车底盘产品，体积大、质量重，需要中重型车辆托运发配，目前公司大门处和谐大道无调头路口，造成车辆摆渡的困难，呈请上级领导，予以协调。','3000','2017-2','2018-12'),(166,24,'2018-03-07 02:25:20','abc','开工','龚政','18507280733','1、项目建设总方案已公示，土地招拍挂3月16号摘牌；\r\n2、场平已完成50%，目前正在砌筑挡土墙，随后进一步开挖基础及厂区道路；\r\n3、施工蓝图设计3月底完成；','主要存在的问题：\r\n  1、申请政府招商项目零收费的办理；\r\n  2、与快速通道施工建设单位协调私自借用我方场地作为施工通道及开挖山体落石对我厂临时板房造成损害事宜；\r\n下一步计划：\r\n  按照进度及施工总工期具体实施推进；','1400','2017-09','2018-10'),(167,47,'2018-03-07 02:30:07','abc','开工','胡光娥','18372668329','1.项目于3月6日正式开工；\r\n2.手续已报市规划局，目前还在办理中。','存在困难：\r\n1.因重武路目前还未开工，该项目与重武路交界的一座山头现在无法平整，影响施工进度；\r\n2.市规划局在办理规划方案审批较慢，到目前为止还未审批通过。\r\n工作安排：\r\n1.积极与区城投公司对接，协调解决场地开挖平整；\r\n2.协调对接市规划局，加快审批进程。','2000','2018-03','2019-8'),(168,70,'2018-03-07 02:32:09','abc','前期准备','张文兰','18772888589','该项目目前未开工。','存在问题：\r\n区政府尽快启动拆迁程序。\r\n工作安排：\r\n1.完善征用扩展（靠军分区山边6米深）山体手续；\r\n2.完善拆迁（国税、地税）相关事宜。','50000','2017-2','2019-8'),(169,28,'2018-03-07 02:40:22','abc','前期准备','赵树山','18371978585','1、进行施工、环评、地勘等单位的招投标工作;\r\n2、已与东风实业就解决相关问题讨论对接；\r\n3、与普尔精密公司就厂区规划调整等问题进行讨论研究。’\r\n','下一步工作安排：1、完善手续的办理；\r\n                                2、尽快完成相关第三方的招标工作；\r\n                                3、确保地勘、施工等单位按照相关规定第         \r\n                                   一时间入场。','500','2018-04','2019-02'),(170,51,'2018-03-07 02:44:38','abc','前期准备','黄霞','18671662288','1.现在正在寻找合适厂房，将日报社印刷厂搬出；\r\n2.着手制作室内装修设计方案。','存在问题：\r\n印刷厂的迁出目前未找到理想位置。\r\n工作安排：\r\n继续在辖区内为其寻找合适厂房，积极对接区政府重资产厂房项目。','600','2017-2','2019-8'),(171,10,'2018-03-07 02:52:31','abc','开工','王启荣','13636256976','目前一期项目内容已建成（具体包括1#2#3#车间、办公楼、宿舍楼）；柴油车尾气处理液生产线及罐装设备全部调试完成；原材料及辅助设备已购进；二期项目基础正在施工。相关行政审批手续完成项：1、不动产权使用证2、建设工程规划许可证3、项目投资备案证4、安全三同时中的安全预评价、安全设计专篇5、环境影响预评价报告6、消防设计审核','待补办理手续事项：1、施工许可证（住建局）2、抗震设防审批（地震局）3、防雷设计审批（气象局）4、安全验收（安监局）5、消防验收（消防支队）6、环保验收（环保局）7、质监验收（建管处）8、竣工备案（档案局）9、职业病危害防治（第三方）','2000','2017-07','2018-10'),(172,44,'2018-03-07 03:08:14','abc','前期准备','王建设','13687215678','目前该项目前期地勘、林地调查已完成，正在启动拆迁工作，已签订一栋楼的拆迁协议。部分装机完工，部分土方开挖。','1.恒大十堰公司经董事会授权，前期与区棚改办签订了委托征收框架协议，与二堰街办在银行开设了共管账户，但由于相关问题没有明确，具体征收工作尚未开展。建议区政府召开专题会议，明确征收服务范围，研究资金筹集（恒大资金和棚改资金注入）问题，优化项目实施流程，进一步提高服务恒大项目的速度和质量。\r\n2.统筹柳中路、北京路至上海路连接线等两条内循环市政道路红线范围内的征收补偿工作，为恒大二期项目推进和提高二期品质打好基础。','1005','2017-2','2019-8'),(173,8,'2018-03-07 03:20:41','abc','前期准备','赵树山','18371978585','同区政府签订科创园运营战略合作协议，同施工单位沟通科创园建设思路，按照集约化、智能化、标准化要求进行设计和施工。','经与区科技局等单位联系获悉，由于项目调整，该项目已迁至武当路街办三环桥头。已向区项目办申请更改责任单位。','0','2018-05','2019-12'),(174,21,'2018-03-07 06:48:40','abc','前期准备','刘鹏','13508682289','正在规划筹备中，购进320T尹之密注塑机一台。','一、主要问题：\r\n  1、生产场地不能满足冰箱投产需要。\r\n  二、 下一步计划：\r\n 1、完成新产品模具和生产准备工作。','50','2018-06','2018-12'),(175,35,'2018-03-07 06:56:21','abc','前期准备','张薇','13707288397','2018年2月，对接了诺克公司的负责人，了解项目合作的基本情况。目前双方还在洽淡，诺克公司前期制定产品升级改造方案目前正在日本总部论证。','在谈','0','2018-03','2019-03'),(176,36,'2018-03-07 06:57:45','abc','前期准备','张薇','13707288397',' 2017年下半年，由周庆荣书记和明怀宇副区长分别带领招商小分队已赴德清考察对接2次。经了解，浙江高领新能源科技有限公司已于十堰市博拓贸易有限公司（十堰市茅箭区南街社区人民北路67号）签订正式合作协议，对方预计4月初来十堰投资考察。','在谈','0','2018-03','2019-03'),(177,37,'2018-03-07 06:58:46','abc','前期准备','张薇','13707288397','2018年1月中旬，区招商小分队赴上海闵行区考察，目前项目正在进一步对接。','在谈','0','2018-03','2019-03'),(178,38,'2018-03-07 06:59:33','abc','前期准备','张薇','13707288397','近期正和公司以专题报告形式向区政府汇报项目进展，目前正在进行项目规划论证。','在谈','0','2018-03','2019-03'),(179,39,'2018-03-07 07:00:29','abc','前期准备','张薇','13707288397','目前正在与拟引进企业进行合作洽谈。','在谈','0','2018-03','2019-03'),(180,40,'2018-03-07 07:01:23','abc','前期准备','张薇','13707288397','2017年12月底，顺意汽车零部件有限公司总经理罗永健一行赴茅箭区考察胡家工业园、何家沟工业园，对接了汽车零部件生产项目。3月14日，明怀宇副区长带队实地考察了台州市顺意汽车零部件有限公司，双方对招商引资相关优惠政策等问题进行深入沟通交流后，对方计划4月到茅箭进行详细考察洽谈。','在谈','0','2018-03','2019-03'),(181,41,'2018-03-07 07:03:13','abc','前期准备','张薇','13707288397','2018年元月，茅箭区委常委、常务副区长顾衍波带领招商小分队赴武汉进行项目对接。','在谈','0','2018-03','2019-03'),(182,42,'2018-03-07 07:03:56','abc','前期准备','张薇','13707288397','目前正在进行前期对接。','在谈','0','2018-03','2019-03'),(183,54,'2018-03-07 07:04:50','abc','前期准备','张薇','13707288397','2018年3月13至15日，茅箭区委常委、统战部长王雁波带领招商小分队赴重庆，再次考察了重庆猪八戒网总部，与公司副总裁刘川郁进行了座谈，并在合作项目战略升级方面达成共识。21-22日猪八戒网城市项目华东大区高级项目经理姚斌带队赴茅箭区考察备选场地及产业情况。期间看了积家广场、创家科技、汉城汽车工业园、汇城大厦、十堰国际金融中心、5D智能制造、驼鞍沟、枧槽村以及佰昌众创空间孵化基地，考察完毕后区商务局提供了市情区情和产业资料以及枧槽村和驼鞍沟地形图纸，下一步猪八戒网将针对拟合作项目做具体规划。','在谈','0','2018-03','2019-03'),(184,55,'2018-03-07 07:05:37','abc','前期准备','张薇','13707288397','3月14日，京东集团旗下的京东云和京东医药来堰考察，就云技术中心和智慧医疗项目与市直各相关部门进行了初步洽谈，暂未达成明确意向。','在谈','0','2018-03','2019-03'),(185,30,'2018-03-07 08:13:46','abc','前期准备','瞿海英','13636186221','1、2018年3月7日前完成项目招投标资格预审，20天后开标。\r\n2、产品正在研发投入阶段，1－3月预计投入300万','生产场所限制产品研发和生产能力，下一步尽快完成立品设计及项目手续，早日进入建设阶段','300','','2019-11'),(186,31,'2018-03-07 08:25:11','abc','前期准备','瞿海英','13636186221','1、因该项目的用地不该片区的总体规划，现规划手续已上报市规委会，申请将该用地调整为工业用地（原为商业及绿地，其中5.3亩要变更土地性质，24.3亩要进行征收），待规划手续通过后即可签订企业投资协议\r\n2、公司对前期设备投入、场房建设进行考察','积极跟进市规划局业委会的召开，第一时间掌握该项目的调规情况。','100','2017-2','2019-12'),(187,53,'2018-03-07 09:16:11','abc','前期准备','曹飞','13177477198','项目正在筹备中，下一步进行招商引资。','未落户','0','2018-12','2020-12'),(188,19,'2018-03-07 10:14:54','abc','开工','王启荣','13636256976','目前已增加一台折纸机，两台PU胶机，并制定了优化改造现有生产线的方案','目前存在的主要问题是资金问题和用工问题；下一步预备实施现有生产线优化改造方案，提高生产效率','15','2018-01','2019-01'),(189,75,'2018-03-08 00:35:33','abc','开工','张鹏','17771931858','土方开挖及临建搭设','下一步将进行池体结构建设','300','2018-03','2018-12'),(190,82,'2018-03-08 00:38:12','abc','前期准备','张鹏','17771931858','正在选址，并开始EPC招标。','尽快选址、尽快开工。','20','2017-2','2019-12'),(191,71,'2018-03-08 01:27:40','abc','开工','秦道忠','13872848382','1.办理前期建设手续。2.正在进行施工单位招投标。3.场地平整过程中。','招投标完成之后开始基础开挖','7480','2018-03','2019-12'),(192,86,'2018-03-08 03:40:43','abc','开工','赵茜','18007281135','项目进展：完善园区道路工程、挡墙美化优化工程、铺设园区游步道；栽种郁金香100余亩；紫藤长廊主体完成，安装木栏杆；售票厅、售货亭主体完成；园区导视系统制作完成。\r\n手续办理：林权不动产登记启动森林资源调查等手续；规划审批在衔接协调办理中。','存在困难：\r\n1.开年用工困难，公司招聘员工难，且受天气影响工程进度；\r\n2.以市城市规划修编为契机，需努力做好规划编制工作，把秦巴生态植物园范围纳入城市总规，编制片区内建设用地，区政府已向市政府报告，待市政府批示。\r\n下一步工作建议和安排：\r\n1.合理安排工程进度，加强人员招聘；\r\n2.建议请区主要领导向市主要领导汇报秦巴生态植物园规划的详细情况后，需要市政府致函规划编制单位或下文到规划局要求把秦巴生态植物园涉及水源区的建设用地先行纳入，待水源区取消方可建设。\r\n3.做好开园前筹备工作，对道路、场地、安全警示进行完善。','500','2017-2','2020-12'),(193,91,'2018-03-08 03:43:08','abc','开工','赵茜','18007281135','项目建设：完成第三级拦河堰施工和岸边景观石摆放，同时对河道进行清淤。\r\n沿线整治：盛康路景观改造房屋二栋，12户房屋设计基本定稿；路边临时建设拆除入户调查已基本结束；第三方还在评估阶段。','存在困难：\r\n  拆违工作难度大，拆违工作难度大，屠宰场、采石场、预制板场前期谈判进展缓慢，河道施工占地等问题，导致施工方案无法最终确定，影响了施工进度。\r\n \r\n下一步工作建议和安排：\r\n  积极加大工作力度，做好协调，尽快进行施工和完善相关手续；安排施工单位对河道施工范围进行测量，然后进行施工。','140','2017-2','2018-12'),(194,61,'2018-03-08 06:46:45','abc','开工','刘从军','15807289995','完成凤凰路至屠宰场间坟墓迁移，完成北广场刘明税、刘连明两户的资金兑付倒房工作。二期基础土石方、基础工程，一期广场回填、墙面石材干挂。','进行屠宰场至华神间坟墓迁移和26户个人货币化安置资金兑付、倒房工作。','1680','2015-07','2019-8'),(195,58,'2018-03-08 09:27:55','abc','开工','翁秋萍','13617197710','一期：抓紧时间，积极协调，与开发商沟通尽早拿到房源；\r\n二期：A1区8幢商住楼（32层）和4幢独立商业楼主体结构施工；\r\n拆迁：已完成6家企业拆迁协议的签订，并已兑付拆迁资金；\r\n手续：规划选址、规划用地手续已办理，土地批次手续已办理。','困难：一期安置房源交付，二期土地规划手续办理。\r\n下一步工作安排：一期积极协调早日拿到一期安置房源。二期有效推进安置区建设进度，办理土地招拍挂手续及建筑工程许可证。','19200','2014-06','2023-12'),(196,64,'2018-03-08 09:31:06','abc','开工','翁秋萍','13617197710','工程：路基处理及管沟恢复。\r\n拆迁：已完成南出口凤凰路至屠宰场间坟墓拆迁。下一步进行屠宰场至华神间坟墓拆迁。\r\n手续办理：规划用地、林业、批次用地手续已办理。','下一步工作计划：积极推进工程建设，协调相关街办加快拆迁进度。','820','2012-04','2018-12'),(197,7,'2018-03-09 00:38:27','abc','开工','盛平','13986882557','边招工边开工，边建设边发展。为了克服用工荒困境，调整思路，招聘部分普工从基础操作开始培训。目前已解决一线工人近30人，承接东风德纳车桥盆角齿加工月产15000件、哈弗汽车发动机皮带轮月产12000件及部分产品的打样试制任务。','1、随着机器开动率提高，订单增加，流动资金压力增大。\r\n2、产业工人严重短缺，招工不足。\r\n3、原有从5D智造谷经停的园区通勤班车近日更改通行线路，不经停5D智造谷，导致部分员工上下班很不方便，部分已入职员工因为通勤不便有意离职，如此将进一步加剧用工荒局面。\r\n4、办公场地、员工住宿空间日显紧张，请园区加快办公楼及住宿场所的建设。','4500','2017-2','2018-12'),(198,4,'2018-03-09 00:42:37','abc','开工','杨东升','13907283535','焊装车间和专用车车间基建','计划近期焊装车间和专用车车间基建。','7000','2017-08','2020-12'),(199,23,'2018-03-09 00:46:13','abc','开工','彭祖锐','13297199000','完成建设项目登报公示；产成品模具和工装的开发合同签订; 项目进展情况：已完成咨询工作，报告已转到建工科。','积极联系双兴净化器有限公司及区商务局，帮助项目推进。','200','2018-01','2018-12'),(200,6,'2018-03-09 01:09:34','abc','开工','万刚','13872811827','招标完成，首付款。','加快厂房基础设施建设。','3000','2018-01','2020-12'),(201,79,'2018-03-09 01:13:10','abc','开工','张哲','13872777300','铁塔移除工程、水、电接入报装，林木青苗补偿、土地补偿、土石方工程前期准备工作。','下一步挖运土石方，平整场地。','1300','2018-02','2019-12'),(202,32,'2018-03-09 01:14:36','abc','开工','张一鸣','18671914333','已注册十堰市始工建材有限公司作为项目业主，项目环评报告已完成；正在搭建临时板房；厂区设计正在进行。','1、厂区门前约400米道路未硬化，影响设备进场施工；2、厂区水电不通，企业称可自行协调从其它企业接入。','100','2018-03','2019-03'),(203,11,'2018-03-09 01:16:58','abc','开工','彭祖锐','13797279696','目前土体平整工作已完成90%，剩余10%部分为与相邻企业地界部分尚未完成。','1.与相邻企业地界红线尚未确定。2.地界红线图确定后，确定项目设计方案，并递交规划部门审理。3.红线确定后，开始砌地界挡墙。','1000','2018-01','2019-12'),(204,73,'2018-03-09 02:06:45','abc','开工','沈浩然','18707289768','已完成文化广场、北京路居然之家前2座人行天桥的建设，邮电街口立交桥、北京路、上海路、重庆路车行立交桥正在建设。','1、邮电街口人行天桥，正在进行国药大厦、电信公司附属楼拆迁协调事宜。\r\n2、北京路、上海路、重庆路车行立交桥进行绿化、路灯迁移工作。','900','2018-11','2019-8'),(205,15,'2018-03-09 02:15:16','abc','开工','查方鸽','13687200586','本月进度：清理剩余土石方外运约4万方\r\n手续办理情况：土地上的相关证件正在办理之中\r\n','场地平整及坚硬物破碎','1100','2017-08','2018-12'),(206,74,'2018-03-09 02:17:11','abc','前期准备','沈浩然','18707289768','林荫大道一号线、三号线为综合管沟，航空路为综合管廊建设。此项目与道路建设同步实施，目前正在进行道路沿线的房屋征收拆迁工作。','下一步加快房屋征收工作，完善管廊的规划设计工作。','0','2017-2','2019-8'),(207,76,'2018-03-09 02:28:00','abc','开工','沈浩然','18707289768','重庆路改造已完成重庆路小学至三环桥段人行道、道牙、平石、水稳、底层沥青铺设，完成重庆路小学至林荫大道2号线立交桥匝道口右侧道牙、平石、水稳、底层沥青铺设。已完成浙江路口至幸福路口2.2公里道牙、平石、水稳、底层沥青铺设工作。北京路综合改造项目已开工，完成道路一侧的人行道牙拆除工作，正在埋设管线。','交通压力大，施工受干扰。下一步，加快施工，确保按时间节点完成施工任务。','3500','2017-09','2018-06'),(208,77,'2018-03-09 02:29:38','abc','前期准备','沈浩然','18707289768','正在进行前期项目论证和规划方案设计。','无','0','2018-03','2019-8'),(209,56,'2018-03-09 02:32:41','abc','前期准备','沈浩然','18707289768','目前，市水利局正在进行调水工程的项目建议书；市规划局进行景观改造的初步改造方案；市房管局正在进行百二河沿线棚户区改造实施方案。','加大与市直相关部门的对接，掌握相关手续的办理情况及改造方案的审定情况，为项目做好服务协调工作。','0','2018-03','2022-03'),(210,83,'2018-03-09 03:29:29','abc','前期准备','李道明','15586989999','鸳鸯学校：项目规划和建筑设计方案市规划局已公示，即将审批，现正在深化建筑设计、图纸审查和预算编制。\r\n天津路第二小学：完成土地预审，规划和建筑方案设计、报批。','鸳鸯学校：1、该项目是原址新建，受地理位置及北面胡家小区日照影响，使得新设计运动场面积偏小，达不到标准。因此需要占用南面山体6.5米，增加用地面积约3200平方米。 2、学校北面村民占用的林地面积约900平方米需协调收回。       \r\n天津路第二小学：征地手续，施工图设计，地质勘查，图纸审查，编制预算。        ','300','2018-01','2019-8'),(211,17,'2018-03-09 04:52:41','abc','前期准备','王声','13477305048','已与华昌达公司签订协议，并做好了各级发改委（局）的备案工作，同时与国家电网开展华昌达附近电站扩容改造投资工作达成协议，解决了东城变电站容量不足问题。计划4月正式在华昌达公司厂房屋顶开建分布式光伏电站。冠达公司尚在洽谈当中。','投资建设内容发生变化：2018年度总投资约3300万元。项目为：在华昌达公司利用其厂房屋顶建设2MW分布式光伏电站、厂区内储能电站；在冠达公司利用其厂房楼顶建设4MW屋顶分布式光伏电站、厂区内储能发电站。\r\n华昌达公司光伏电站项目计划4月正式动工，冠达公司光伏电站项目尚在洽谈中。','0','2018-04','2018-12'),(212,69,'2018-03-09 06:02:36','abc','前期准备','梅光锐','15971886705','开展项目前期准备工作，该项目暂时处于计划阶段，目前正在积极向相关领导汇报讨论建设方案，并积极向市、区两级政府争取资金来源。','下一步加大该项目汇报力度，争取尽早确定可行方案，争取对许白路环境整治项目拆迁群众早日安置。','0','2017-2','2019-8'),(213,62,'2018-03-09 06:52:51','abc','开工','一八年一月','13920180001','2017年过渡费支付手续已完成，相关资料已提交中国银行北京路支行，近期可将过渡费发放至老百姓手上。','无','889','2017-2','2019-8'),(214,14,'2018-03-09 07:01:22','abc','前期准备','许艳丽','13593709336','规划设计及场地平整','需要市级协调相关部门尽快办理规划手续。\r\n待规划图审批后，立即启动厂区建设。','1000','2018-04','2018-12'),(215,78,'2018-03-09 08:04:37','abc','前期准备','余伟','13997823935','正在申报项目资金','待资金到位后，与相关乡镇、街办、开发区对接，启动项目','0','2018-04','2019-12'),(216,81,'2018-03-09 08:06:03','abc','前期准备','余伟','13997823935','正在进行招投标','待招投标手续完成后，立即启动项目','0','2018-04','2018-12'),(217,67,'2018-03-21 02:17:02','abc','前期准备','关晓波','18371968777','未开工','市级项目。','0','2018-12','2021-07'),(218,68,'2018-03-21 02:41:39','abc','开工','关晓波','18371968777','大黄路正在办理规划选址意见书，其他前期手续均已到位，待规划选址意见书批复后即可到省发改立项。茅官路现在正在办理林业手续（需到国家林业部审批），批复后即可开工。五卡路正在编制工可。','茅官路涉及赛武当自然保护区，需在生物多样性评价通过评审后到国家林业部办理林业手续，程序繁琐，难度较大。','200','2017-08','2020-12'),(219,84,'2018-03-21 03:36:58','abc','开工','王玉超','17320591245','已办理规划审批和用地批次审批。','正在积极与农户协商沟通占地补偿协议问题，下一步将会做好协调工作，争取尽快解决好土地占用问题。','300','2018-03','2018-12'),(220,43,'2018-03-21 08:42:00','abc','前期准备','陈双','8666692','本月正在办理相关手续规划设计图中','剩余拆迁工作需加速完成','200','2017-12','2019-8'),(221,49,'2018-03-21 08:45:57','abc','开工','陈双','8666692','本月正在办理消防等相关证件及施工筹备阶段','无','30','2017-11','2018-12'),(222,52,'2018-03-21 08:49:22','abc','前期准备','陈双','8666692','正在选址中，与“滴滴”等项目洽谈中','无','50','2018-03','2018-11'),(223,87,'2018-03-22 02:40:19','abc','开工','王玉超','13635729949','可行性研究报告以及方案图纸审计评估、项目招投标工作，地面填土整平，原有可直接施工区域展览温室材料开始进场并进行基础浇筑以及骨架安装工作。','将会加快工作进度，积极完成好前期报告评估以及面平整工作。','200','2018-03','2018-10'),(224,95,'2018-03-22 03:03:08','abc','开工','王玉超','17320591245','各个建设点的正在进行选址。','存在建设地点用地的矛盾问题，正在与农户积极的协调沟通，将会尽快解决好占地赔偿相关事宜。','250','2018-03','2018-08'),(225,92,'2018-03-22 03:04:36','abc','开工','一八年一月','13920180001','由于该项目已经放弃投资，建议不列入2018年重点项目库。','由于该项目已经放弃投资，建议不列入2018年重点项目库。','0','2017-2','2019-8'),(226,93,'2018-03-22 08:43:12','abc','开工','赵利','13617195125','分乡镇、街办组织开展全区厕所调查摸底工作、正在进一步完善实施方案，科研。目前厕所革命 试点在大川唐家村开工。','部分单位数据还在调整完善，确定数据后出台厕所革命实施方案，根据不同户型加快不同类型的设计','50','2018-03','2018-12'),(227,72,'2018-03-26 00:46:59','abc','开工','谢瑜','15271426641','景家院隧道全线贯通，景家院大桥主体完工，曹家一号隧道完成总工程量的百分之80；新增红线内用地已完成实物测量，相关用地手续正在办理中。','被征地村民的安置问题区政府已明确由东城开发区统一安置，至今未安置到位，一直支付过渡费增加政府开支。\r\n下一步项目指挥部将积极协调施工方及相关部门实时办理临时用地和新增用地相关手续。','1000','2015-11','2019-12'),(228,89,'2018-03-26 07:56:37','abc','开工','张筱雨','18371937168','五茅路猫仔咖啡馆、猫猫咪垭、猫仔天空正在进行涂料、栏杆等房屋改造，节点一、节点二、节点三正在进行杜鹃、月季、红叶石楠等绿化；马赛路蝶恋花、陌上花正在进行房屋改造收尾工作，节点七、节点八、道路沿线正在进行杜鹃、银杏等绿化，节点六、节点八正在进行自行车道建设。','马赛路兴旺山庄处、燕巢岭处（竹林）、荣欣山庄处、紫薇岛正门口自行车道用地问题','455','2017-06','2018-10'),(229,97,'2018-03-26 08:06:58','abc','前期准备','於少武','18062170008','对技术方案进行比选，修改完善项目实施方案。','项目资金未下达，项目方案进行审查批复。','0','0','0'),(230,60,'2018-03-27 02:39:20','abc','开工','金超','15387251677','1、已完成初步勘察并出具报告，设计已完成初步设计、概算编制工作，待通过评审后启动施工图设计2、武当路复线林业采伐许可证已办理，已完成林地菜地实物调查，丹江路至吉林路连接线开工点已启动清表、山体开挖工作。3、我区已于3月1日集中发布四条道路的房屋征收决定和补偿方案，目前正在做前期准备工作4、已经初步选好弃土区，位于二堰街办，为项目施工做好保障。','1、尽快启动建设红线范围内房屋征收摸底、调查、测绘、评估等房屋征收前期工作，招标第三方服务机构，进场开展工作，为大面积倒房交地做好保障。\r\n2、全面完成青苗补偿、坟墓迁移、林业砍伐等工作，兑付相关补偿资金，将土地移交施工方。\r\n3、落实补偿资金。结合我区棚户区改造工作申报项目，争取资金，同时协调市直相关单位，落实补偿资金。\r\n','0','2018-03','2021-03'),(231,63,'2018-03-27 02:41:53','abc','前期准备','金超','15387251677',' 1、目前已完成初步勘察并出具报告，设计已完成初步设计、概算编制工作。2、航空路林业采伐许可证已办理。\r\n3、已完成林地菜地实物调查。\r\n','1、房屋征收工作尚未全面展开，急需招标第三方评估机构进场开展工作，并组织相关单位进行房屋实物调查，启动征拆；\r\n2、协调完成青苗补偿、坟墓迁移、房屋征拆。\r\n下一步工作建议\r\n1.建议加快征拆迁改方案出台，锁定红线内障碍物等拆迁工程量，以正式文件明确排障计划；\r\n2.基于优先启动路段需尽早启动建设，征拆迁改工作需按排障计划完成。\r\n','0','2017-2','2019-8'),(232,65,'2018-03-27 02:44:17','abc','开工','金超','15387251677','1、目前已完成初步勘察并出具报告，设计已完成初步设计、概算编制工作，待通过评审后启动施工图设计。2、林荫大道一号线林业采伐许可证已办理，已完成林地菜地实物调查，京中国际学校至天津路开工点已启动清表、山体开挖工作。3、我区已于3月1日集中发布四条道路的房屋征收决定和补偿方案，目前正在做前期准备工作。','当前存在的问题\r\n1、征迁补偿费用尚未到位。四条道路涉及大量居民房屋、企业厂房及集体房屋的征收拆除，需要大量的拆迁安置补偿费用及工作推进保障经费，目前这两块费用均尚未明确，直接影响项目推进。\r\n2、房屋征收购买服务经费未落实。鉴于我区涉及大量市政工程、招商引资、扶贫搬迁、棚户区改造等众多项目，在干部力量、财政保障上存在较大空缺等客观事实，同时借鉴棚改项目建设的成熟经验，经市政府同意，采取引进第三方征收服务机构的操作模式，推进房屋征收工作。但相关保障配套经费没有落实，无法招标引进第三方服务机构，房屋征收工作无法有效开展。\r\n3、基层一线人员缺少办公经费。项目建设协调工作周期长、任务重，抽调人员多，基层各工作专班涉及到大量用车、用油、用房、加班加点，区级指挥部、基层各工作专班及实施单位急需配套办公经费，目前市级层面尚无明确意见。\r\n下一步工作计划\r\n1、明确重点开工点。着重做好林荫大道一号线重小路经林荫大道2号线到重庆路段和京中国际学校到天津路段两个开工点的征迁排障，利用目前有限的项目资金，集中解决好开工点的坟墓迁移、林地菜地补偿工作，尽快为施工方提供作业面。\r\n2、先期启动房屋征收摸底。房屋征收公告已经发布，道路建设也亟需作业面。下一步先招标引进具有成熟经验的第三代拆迁服务机构，启动道路建设红线范围内的房屋摸底调查、测绘工作，尝试同红线范围内的厂房、办公楼等征迁事项进行接触磋商，待资金到位后大干快干。\r\n3、落实拆迁补偿资金。加大同市相关单位的协调力度，请求尽快解决补偿资金及配套工作经费，明确资金的支付范围和管理办法，确保项目顺利实施。','0','2018-03','2021-03'),(233,66,'2018-03-27 02:47:12','abc','前期准备','金超','15387251677','1、已完成初步勘察并出具报告，设计已完成初步设计、概算编制工作。2、已办理林荫大道三号线林业采伐许可证，完成大洋五洲-民安小区段清表约2公里。3、已于2018年3月正式在十堰日报、十堰晚报、茅箭新闻网、十堰晚报官方微信公众账号等新闻媒体进行公示，茅箭区武当路复线等四条道路项目征收补偿决定和征收补偿方案（茅征收[2018]1号）。','当前存在问题\r\n截止目前，林荫大道3号线林地菜地实物调查基本完成，房屋征拆实物调查仍未开展，影响项目山体开挖，故需协调解决以下事宜：\r\n1、尽快启动招标第三方评估测绘机构，进场开展工作，进行房屋实物调查，启动征拆。\r\n2、加快推动青苗补偿、坟墓迁移、房屋征拆。兑付补偿资金，将土地移交施工方。\r\n3、七星沟拆迁区域的189户拆迁没有资金支持。要尽快纳入棚改进行包装融资。\r\n下一步工作建议\r\n1、武当路街办、东城开发区确定启动路段开工点，全面落实补偿，确保在3月中旬开工。征拆迁改工作需倒排工作按计划时间完成。\r\n2、落实拆迁补偿资金，明确拆迁资金支付的范围。提请市相关单位对征收工作给予支持。\r\n3、聘请拆迁第三方开展工作。尽快明确测绘、拆迁拆迁第三方，明确资金支出渠道，依法依规快速推进房屋征迁工作。\r\n4、加快与3号线红线范围内企事业等单位进行沟通。3号线涉及东风五一厂、市教委老重庆路小学、市商务局改制企业、原商务局幼儿园、市神鹰改装厂等多家企事业单位。要加快对接力度，充分征求企事业单位的意见。开展评估、测绘，锁定补偿实物，促使这些单位先拆先建。\r\n','0','2017-02','2019-8'),(234,94,'2018-03-27 03:35:18','abc','开工','郑珊珊','8795902','截止3月底已完成挂网61000平米，完成生态修复50000平米。','存在的困难和问题：\r\n1、马赛路沿线车流量大，对施工造成一定难度。\r\n2、日渐升高的气温对苗木栽植养护的要求更高。\r\n下一步工作安排：\r\n1、根据市园林设计院结合“六边三化三美”修改的最终方案，尽快组织施工。\r\n2、加强技术指导及跟踪，确保修复成效。\r\n','400','2017-12','2018-12'),(235,85,'2018-03-30 07:14:15','abc','前期准备','王子龙','18062189730','项目控规、修建性详规正在加紧修编，赛武当宾馆、游客接待中心改造设计方案及登山游步道、民俗馆修缮初步方案已完成，文创小镇（小川街）拆迁、征地边界线、拆迁范围及户数已初步确定，待控规评审后确定。','无','50','2018-03','2020-08'),(236,98,'2018-03-30 07:52:49','abc','开工','简盼','13597903728','1.调查摸底全镇需改造和新建厕所情况，以及片区环境整治、绿化亮化工作情况。\r\n2.完成选址、设计等工作。','积极对接服务项目，力争项目早日落地','0','2018-04','2027-12'),(237,100,'2018-03-30 08:00:06','abc','前期准备','简盼','13597903728','待棚改项目得到省住建厅批复后启动拆迁。','待棚改项目得到省住建厅批复后启动拆迁。','0','2018-06','2022-12'),(238,45,'2018-03-30 09:36:48','abc','前期准备','张薇','13707288397','正在进行项目选址。','无','0','2018-08','2020-08'),(239,15,'2018-04-20 03:38:45','abc','开工','查方鸽','13687200586','本月进度：场地平整及坚硬物破碎\r\n手续办理情况：所有手续已办完','存在问题：因修路爆破把挡土墙震坏，公司法律顾问正向有关部门协调\r\n下一步计划：办公室装修','1100','2017-08','2018-12'),(240,48,'2018-04-20 08:15:18','abc','前期准备','许伟峰','15897857888','目前项目正处于用地调规阶段。','存在的问题：该项目调规工作尚未落实到位。建议：区政府加快该项目用地调规相关工作，确保项目尽早落地。','1000','2017-08','2019-8'),(241,46,'2018-04-20 08:23:47','abc','开工','许伟峰','15897857888','1.完成仓储外部道路建设。安排协调合作物流公司入驻现场。\r\n','1.确定该用地的具体范围及用地性质，需区政府配合调规。           2.请区国土局先行办理临时用地手续。\r\n','6000','2018-02','2019-02'),(242,50,'2018-04-23 01:10:50','abc','前期准备','柴东东','13797835677','土地过户还在办理之中。','     一.按年初计划，四月份进行强夯，挖柱子基础，但因土地过户没到位整体规划方案没通过不能进行施工。\r\n     二.目前正在与规划分局沟通协调出整方案，方便我们能尽快施工，预计月底可以协调好。\r\n     三.如果四月底协调好了五月份可进行初施工，强夯.挖基础.争取在6月份把过户手续办理到位，七月正式开建设。','1500','2018-04','2019-04');
/*!40000 ALTER TABLE `progress` ENABLE KEYS */;
UNLOCK TABLES;

--
-- Table structure for table `projects`
--

DROP TABLE IF EXISTS `projects`;
/*!40101 SET @saved_cs_client     = @@character_set_client */;
/*!40101 SET character_set_client = utf8 */;
CREATE TABLE `projects` (
  `pid` int(11) NOT NULL AUTO_INCREMENT,
  `pname` varchar(50) NOT NULL,
  `property` varchar(50) NOT NULL,
  `intro` varchar(500) NOT NULL,
  `investment` varchar(50) NOT NULL,
  `invest_plan` varchar(50) NOT NULL COMMENT 'this year',
  `invest_accum` int(11) NOT NULL DEFAULT '0',
  `start` varchar(50) NOT NULL,
  `finish` varchar(50) NOT NULL,
  `investby` varchar(50) NOT NULL,
  `p_incharge` varchar(50) NOT NULL COMMENT 'people in charge',
  `oid` int(11) DEFAULT NULL,
  `oid_serve` int(11) DEFAULT NULL,
  `level` varchar(50) DEFAULT NULL,
  `alert` int(11) DEFAULT NULL,
  `type` varchar(20) DEFAULT NULL,
  `phase` varchar(20) DEFAULT NULL,
  PRIMARY KEY (`pid`)
) ENGINE=InnoDB AUTO_INCREMENT=101 DEFAULT CHARSET=utf8;
/*!40101 SET character_set_client = @saved_cs_client */;

--
-- Dumping data for table `projects`
--

LOCK TABLES `projects` WRITE;
/*!40000 ALTER TABLE `projects` DISABLE KEYS */;
INSERT INTO `projects` VALUES (1,'东风总装厂、车架厂搬迁及车轮定位检测阵地建设','新建','位于东风大道，东风公司将车架厂、总装厂老厂区零部件仓储阵地搬迁至西坪园区，在西坪联合工厂园区建设新的车架辊型线、车架涂装线、车架装配线、整车装配线、零部件存储及相关辅助设施，将联合工厂建设成为一个16万辆以上规模的包括车架、总装、零部件仓储在内的完整的生产单元，承担东风商用车重卡的全部生产业务。车轮定位检测阵地建设，增强总装厂车轮定位技术水平和能力，提升车辆驾驶的舒适性和安全性。','170000','80000',100,'2018','2019','企业投资','周庆荣             明怀宇',1,25,'一类',0,'工业','前期准备'),(2,'东风实业产业园','新建','位于胡家片区，以区政府“重资产”方式代建标准化厂房，支持东风实业公司对茅箭辖区所属东风康明斯、东森、东风非金属等企业进行规划整合，打造东风实业产业园。同时，东风实业公司与大洋电机公司合作开发生产新能源汽车电控系统和驱动电机，后期启动氢燃料电池和氢燃料发动机系统研发和生产。','110000','27000',500,'2018','2020','企业投资','张捍声\n明怀宇',1,25,'一类',0,'工业','前期准备'),(3,'驰田金钢10万辆专用车','新建','位于驼鞍沟片区，征地1000亩，十堰市驰田汽车有限公司投资建设年产6万辆“中国高轻自卸车生产基地”和年产4万辆挂车生产基地。新建20万平方米厂房（一期建设10万平方米），2万平方米高轻自卸研发中心、院士工作站、生活及办公用房，购置国内先进的大型数控冲压、辊压、剪、折设备及机器人焊接工作站，大力提升专用车生产工艺和技术水平。','200000','50000',1000,'2018','2020','企业投资','吕自宏',1,25,'一类',0,'工业','前期准备'),(4,'中正新型轻卡','续建','位于普林工业园二期，湖北中正汽车有限公司投资改建厂房，安装轻卡整车自动装配线2条、样品车装配线1条、整车检测线1条，形成年产1万辆轻型载货汽车生产能力。','50000','30000',7000,'2017','2020','企业投资','明怀宇',1,10,'一类',0,'工业','开工'),(5,'正奥PKC汽车线束生产线建设','新建','位于东风大道，湖北正奥汽车附件集团有限公司与芬兰PKC公司共同成立合资公司“湖北正奥比克希汽车电气系统有限公司”，整合正奥公司现有商用车线束业务，扩大线束等汽车零部件的设计、开发、制造与销售（包括出口）等业务。','40000','20000',15000,'2018','2019','企业投资','王书林',1,26,'一类',0,'工业','开工'),(6,'东风康明斯国六排放处理系统生产线','新建','位于东益大道1号，租赁5400平方米的厂房建设国六排放处理系统生产线、仓储物流基地、质量检测基地和各类辅房，一期项目建成后实现年产能9万套，二期实现年产能18万套。','30000','20000',3000,'2018','2020','企业投资','黄朝军',1,12,'一类',0,'工业','开工'),(7,'沈阳机床i5智能智造生态谷','新建','位于胡家工业园，由茅箭区政府提供1.2万平方米的厂房、研发中心及办公场所，上海优尼斯工业设备销售有限公司（沈阳机床股份有限公司全资子公司）提供i5智能装备500台（套），十堰圣伟屹智能制造有限公司负责租赁和运营，三方联合打造i5智能智造生态谷项目。项目一期投入i5智能装备500台（套），打造高端智能制造示范应用基地。','40000','30000',4500,'2018','2019','企业投资','明怀宇',1,24,'一类',0,'工业','开工'),(8,'科技创业园孵化器','新建','位于东风工业园，按照湖北省科技厅3A企业孵化器标准，以政府重资产方式代建厂房，打造茅箭区新兴产业孵化产业园，产业主要以智能制造、智能物联、节能环保产业为主。','30000','15000',0,'2018','2019','区政府投资 企业投资','王雁波',34,24,'一类',0,'工业','前期准备'),(9,'骐嘉新能源汽车底盘','续建','位于和谐园区，由宁波梅山保税港区武当源投资有限公司、湖北骐嘉汽车科技有限公司共同投资建设，依托湖北骐嘉汽车科技有限公司独立自主开发的空气弹簧独立悬架技术及电机集中驱动技术，建设两条新能源纯电动汽车空气悬架底盘生产线，达到年产3万台纯电动车底盘制造能力。','30000','15000',3000,'2017','2019','企业投资','明怀宇',1,14,'一类',0,'工业','开工'),(10,'天海石油汽车尾气处理液','续建','位于胡家工业园，占地100亩，天海石油新能源环保科技有限公司投资建设，项目分两期实施：一期生产汽车尾气处理液，二期新建厂房1万平方米。主要生产润滑油、玻璃水、防冻液、燃油宝、加油机、加气机、尿素加注机等相关产品。','20000','8000',2000,'2017','2019','企业投资','张文法',1,5,'一类',0,'工业','开工'),(11,'湖北捷城装配式建筑工业化生产','新建','位于何家沟工业园，占地100亩，湖北捷城建筑科技有限公司投资建设，项目分两期实施，总建筑面积2.5万平方米。建设PC构件三跨钢结构车间、一条综合环形生产线、固定模具及异型构件生产车间、钢筋加工车间、混凝土搅拌站、科研办公楼及职工宿舍餐厅等。','20000','10000',1000,'2018','2019','企业投资','金  菊',1,29,'一类',0,'工业','开工'),(12,'政府重资产厂房及配套设施建设','新建','在胡家工业园建设标准化厂房用于招商企业入驻，其中规划厂房12栋，总面积10.5万平方米，办公楼及商业楼9800平方米，食堂1500平方米，职工宿舍7000平方米。同时，对重庆路三环1万平方米老厂房进行租赁和改造，以重资产的方式引进项目入驻。','20000','12000',0,'2018','2019','区政府投资 企业投资','明怀宇\n许  波',1,27,'一类',0,'工业','前期准备'),(13,'坤钰汽车饰件高端制造及技术改造','新建','位于胡家工业园，占地60亩，十堰坤钰渝明汽车零部件有限公司投资建设，生产顶衬、门护板、全车地毯、隔音隔热垫、遮阳板等汽车饰件，建成后可形成年产100万辆全车内饰件生产能力。','12100','9000',4000,'2018','2019','企业投资','董祥吉',1,25,'一类',0,'工业','开工'),(14,'雄振汽车零部件生产基地','新建','位于何家沟工业园，征地50亩，雄振汽车零部件有限公司投资建设，建设汽车机器人、冲焊自动化生产基地。','10000','6000',1000,'2018','2019','企业投资','明怀宇',1,23,'一类',0,'工业','前期准备'),(15,'柳川智能混凝土搅拌站','续建','位于何家沟工业园，占地30亩，湖北柳川混凝土有限公司投资建设新型绿色环保智能化混凝土搅拌扩能项目，新建厂房、办公楼、智能控制生产设备，打造智能化控制的绿色环保花园式工厂。','10000','7000',2200,'2017','2018','企业投资','张俊江',1,6,'一类',0,'工业','开工'),(16,'山鼎环境环保运营控制基地','新建','位于北京路，拟征地30亩，湖北山鼎环境科技股份有限公司投资，总建筑面积7000平方米，建设4000平方米的基于物联网技术的环保设施运营总部基地和3000平方米的环保装备制造车间以及附属设施。','10000','4000',50000,'2018','2020','企业投资','勾书平',2,24,'一类',0,'工业','前期准备'),(17,'中关村储能联盟储能一体化','新建','位于东城开发区，中关村储能联盟在普林工业园、万向通达工业园、十堰华西农产品交易中心和佰昌农产品交易中心利用厂房楼顶建设5兆瓦光伏储能发电站。','10000','5000',0,'2018','2019','企业投资','顾衍波张  强',1,10,'一类',0,'工业','前期准备'),(18,'众柴年产10万件汽车发动机部件','新建','位于普林三期，十堰众柴发动机部件制造有限公司投资建设，采用最新铸造工艺——消失模铸造，生产飞轮壳、油底壳、飞轮板，提升产品品质和产能。','8000','4000',800,'2018','2019','企业投资','朱圣明',1,25,'一类',0,'工业','开工'),(19,'高启旋装滤清器生产线','新建','位于许白路，由湖北高启工贸有限公司与玉柴公司下属企业广西华源过滤系统股份有限公司共同投资，建设旋装滤清器滤芯生产线及其它空气滤清器壳体生产线，并配套建设相应的滤清器零配件加工生产线，达到年产600万套旋装滤清器能力。','5000','2500',15,'2018','2019','企业投资','张文法',1,25,'一类',0,'工业','开工'),(20,'同创同步器总成技术改造','新建','位于东城开发区西坪村，十堰同创传动技术有限公司投资，引进德国同步器加工自动化设备10余台套，对现有生产线进行技术改造与升级，提升同步器产品生产能力与效率。','5000','5000',1600,'2018','2018','企业投资','吕自宏',1,15,'一类',0,'工业','开工'),(21,'源久5万台（套）商用车车载冰箱','新建','位于普林工业园，湖北源久汽车零部件有限公司投资，租赁厂房8000平方米，独立自主研发、设计商用车车载冰箱，建设车载冰箱生产线，形成年产5万台（套）商用车车载多功能冰箱生产能力。','5000','5000',50,'2018','2018','企业投资','苏立梅',1,11,'一类',0,'工业','前期准备'),(22,'先驰新能源汽车车架装配生产线柔性化改造','新建','位于普林工业园一期，湖北先驰交通装备有限公司投资，新建车架总成生产线两条，焊接车架生产线一条，超强钢板开平生产线一条；新建数控剪切加工中心，新购大型平面数控冲压设备一台、12米折弯机一台、等离子切割设备二台、钻床十台等，对公司现有车架装配生产线进行改造，提升生产自动化水平。','5000','5000',500,'2018','2018','企业投资','王书林',1,26,'一类',0,'工业','开工'),(23,'双兴履带式稻麦联合收割机脱粒总成产能扩建','新建','位于东风大道23号，十堰市双兴净化器有限公司投资建设，总建筑面积为1万平方米，建设三栋约3000平方米的冲压车间和焊接车间，并将厂区原有的生产车间改造成总装车间，辅助建设2000平方米的仓库及配电房，购置激光切割、数控车床、数控折弯机、卧式加工中心、机器人焊接设备、液压机、各类模具设备等生产设备及综合动力、消防辅助设备188套。建成后将形成年产3000台85马力履带式稻麦联合收割机脱粒总成的生产能力。','5000','5000',200,'2018','2018','企业投资','吕自宏',1,25,'一类',0,'工业','开工'),(24,'鄂西北医用气体储备中心','新建','位于何家沟工业园，十堰市汉坤气体有限公司投资建设，项目包含医用气体储备区、分装区以及办公楼和绿化区等配套基础设施。','5000','5000',1400,'2018','2018','企业投资','谢生海',1,14,'一类',0,'工业','开工'),(25,'名创产业科技园','新建','规划建设标准化厂房5万平方米，名创产业科技园主要以生产名创优品直营的手机为主，同时生产目前各名创优品专营店销售的小包、充电器、水杯、鼠标、手机壳、耳机、太阳眼镜、茶壶、香水等。','120000','20000',0,'2018','2021','企业投资','张捍声                   明怀宇',12,27,'三类',0,'工业','前期准备'),(26,'锦恒安全气囊','新建','锦恒汽车安全系统有限公司拟与双鸥汽车饰件有限公司进行合作，进行安全座椅生产项目。','50000','15000',100,'2018','2020','企业投资','王  斌',1,18,'一类',0,'工业','前期准备'),(27,'高端精密铸造产业园','新建','规划建设产品以汽车铸件为主，通用机械铸件为辅，逐步向汽车、工程机械、家电等众多领域发展。产业链条以铸造为龙头，逐步形成铸件、精加工、铸件装配、工装模具、研发检测、信息平台为一体、功能齐全的铸造行业全产业链，最终建成年产10万吨绿色高端精密铸造基地。','40000','15000',0,'2018','2021','企业投资','明怀宇',12,12,'三类',0,'工业','前期准备'),(28,'精密新能源汽车动力总成','新建','位于胡家工业园，征地60亩，由湖北绿驰精密电驱动系统有限公司投资建设，以政府重资产方式代建厂房，建设新能源汽车动力总成项目，一期设计产能8万台动力总成系统，年产值15亿元。二期项目新增12万台产能，年产值25亿元。项目建成达产后，将形成40亿元年产值的产能。','50000','15000',500,'2018','2020','企业投资','明怀宇',1,23,'一类',0,'工业','前期准备'),(29,'KAMA云智能制造中心','新建','位于驼鞍沟片区，征地60亩，由北京洪树冶金机械建设KAMA云智能制造中心项目，主要引进德国进口七轴三维坐标、软件程序及高分子精加工智能等设备，建设智能制造中心，项目投产后，3年内实现销售收入6.5亿元。','32000','15000',0,'2018','2020','企业投资','王雁波',34,29,'一类',0,'工业','前期准备'),(30,'震科军用轮胎中央充放气','新建','位于胡家工业园，征地30亩，由十堰震科工业科技有限公司以政府重资产方式代建厂房，建设年产1万套充放气产品，2万套油水分离器、干燥器，3千台维修设备、1千台装甲车改装驾驶室的生产规模。产品覆盖军用轻、中、重型高机动战术车辆及装甲车辆。项目建成后实现销售收入1.5亿元。','20000','10000',300,'2018','2019','区政府投资 企业投资','明怀宇',1,11,'一类',0,'工业','前期准备'),(31,'安通机动车检测中心','新建','十堰交投安通机动车检车有限公司拟征地50亩，建设机动车检测中心和维修中心。','10000','8000',100,'2018','2019','企业投资','顾衍波',1,11,'一类',0,'工业','前期准备'),(32,'汉宫矿渣微粉深加工','新建','十堰市汉宫建材科技有限公司拟在何家沟工业园征地15亩，建设年产矿粉40万吨的矿渣微粉制造厂项目。项目建成后，第一年可生产32万吨矿粉，第二年可生产40万吨矿粉。矿渣微粉是高炉矿渣经烘干、粉磨至适当细度的粉体，是优质的混凝土掺合料和水泥混合材。','6000','4000',100,'2018','2019','企业投资','谢生海',1,21,'一类',0,'工业','开工'),(33,'多弗国际产业发展项目','新建','多弗控股集团拟在我区投资建设新能源汽车、生态旅游开发以及商业综合体等产业发展项目。多弗控股集团是一家以国内外贸易、融资租赁、商业保理、资产管理、拍卖行和房地产投资等多元化业务为一体的大型集团化企业。','500000','50000',0,'2018','2020','企业投资','明怀宇',12,27,'三类',0,'工业','前期准备'),(34,'深圳贝特瑞磷酸铁锂正极材料','新建','深圳贝特瑞新能源材料股份有限公司拟在驼鞍沟片区投资建设磷酸铁锂正极材料项目，项目一期为产量3万吨、产值约30亿元，一期投产后逐步扩能至产量6万吨、产值约60亿元。','100000','20000',0,'2018','2020','企业投资','张捍声\n明怀宇',1,10,'三类',0,'工业','前期准备'),(35,'丰田合成车用密封件','新建','正奥集团全资子公司诺克橡塑密封科技有限公司与日本丰田合成公司合作拟征地75亩，进行产品升级改造。','50000','10000',0,'2018','2020','企业投资','明怀宇',12,15,'三类',0,'工业','前期准备'),(36,'高领新能源科技轻量化压缩机','新建','浙江高领新能源科技有限公司拟在我区投资建设轻量化压缩机项目。该公司是一家专注于涡旋流体机械研发、制造、销售和服务为一体的企业，公司位于浙江德清科技科创园内。现有产品已用于电动车组，内燃动车组，地铁和轻型轨道车辆。已形成无油涡旋空气压缩机、无油无水涡旋空气压缩机、无油涡旋低压制氮制氧机、高空机载制氧机、一体式无油涡旋车用气泵五大系列产品。','20000','5000',0,'2018','2019','企业投资','苏立梅',12,24,'三类',0,'工业','前期准备'),(37,'上海贽匠智能化机器人','新建','上海贽匠智能科技有限公司拟在我区投资建设智能化机器人教育培训项目。该公司专业从事以工业移载机器人、工业4.0、工业码垛机器人、工业机械臂、agv、自动化专用设备、电控网络系统、mes生产管理系统为核心产品的系统解决方案。','10000','2000',0,'2018','2019','企业投资','明怀宇',12,28,'三类',0,'工业','前期准备'),(38,'正和高端车身项目','新建','正和车身公司拟争地建设高端车身厂项目。根据开发规划,将在现有产品的基础上,加大技术研发,填补现有产品的空白。','30000','2000',0,'2018','2019','企业投资','明怀宇',12,5,'一类',0,'工业','前期准备'),(39,'万向汽车零部件产业园','新建','万向钱潮股份有限公司拟在我区投资建设汽车零部件产业园。该公司立足于汽车零部件制造业专业生产汽车底盘及悬架系统、汽车制动系统、汽车传动系统、轮毂单元、轴承、精密件、工程机械零部件等汽车系统零部件及总成，是目前国内最大的独立汽车系统零部件专业生产基地之一。','30000','10000',0,'2018','2020','企业投资','明怀宇',12,28,'三类',0,'工业','前期准备'),(40,'台州顺意汽车零部件生产','新建','台州顺意汽车零部件有限公司拟在我区建设汽车零部件生产项目。','20000','5000',0,'2018','2020','企业投资','明怀宇',12,21,'三类',0,'工业','前期准备'),(41,'武汉健民中药饮片','新建','武汉健民药业集团股份有限公司拟入股清大中药饮片公司，进行中药饮片开发和建设清大中医院。武汉健民药业集团股份有限公司是国家重点高新技术企业店之一的叶开泰药店，现拥有十余个子公司，集生产、科研、经贸于一体，年生产能力近十亿元。','10000','4000',0,'2018','2019','企业投资','顾衍波',12,9,'三类',0,'工业','前期准备'),(42,'天津铁鹰特种车','新建','铁鹰特种车（天津）有限公司拟在我区投资建设军车武器改装生产基地，以东风猛士为基础，独立设计、制造采购，对东风猛士进行改装、加装武器模块。','10000','4000',0,'2018','2019','企业投资','明怀宇',12,9,'三类',0,'工业','前期准备'),(43,'世纪百强城市综合体','新建','位于北京路立交桥东北片区，占地约300亩，湖北世纪百强置业投资公司投资建设，项目包含三栋5A级写字楼及公寓，建设集商业、办公、住宅、餐饮、娱乐、旅游特产等“吃、住、行、游、购、娱”六大功能于一体的城市综合体。','100000','30000',200,'2018','2020','企业投资','周庆荣             张俊江',39,39,'一类',0,'商贸','前期准备'),(44,'十堰恒大城\n二期','新建','位于上海路北侧，由恒大地产集团武汉有限公司进行投资建设，占地733.4亩，规划总建筑面积约162万方，总投资110亿元。项目建成后，将成为一个商业面积30余万方，包含五星级酒店、购物中心、影城、运动中心等配套设施的商住大型综合体，项目建成可新增就业岗位一千余个，累计上缴税收可达16亿元。该项目拟分为七期开发建设，一期总建筑面积14万平方米，二期总建筑面积18万平方米。','300000','200000',1005,'2018','2019','企业投资','马继光',2,6,'一类',0,'商贸','前期准备'),(45,'名创吾悦广场及商业综合体','新建','①名创吾悦广场拟在火车站北广场征地500亩，总建面积约100万平方米，建设一站式大型体验式购物中心。项目建成运营后可直接产生年税收1.5元亿元,创造5000-8000人就业岗位。②199跨境电商项目拟在五堰人民路与东山路交汇处征地24.53亩,引进以名创优品集团为核心的199跨境电商全球集散中心、名创优品华中区数据结算中心，打造集电商、金融、文化创意、互联网+、融创平台、创业孵化器于一体的十堰总部经济示范区，项目建成后，直接带动外贸出口净增10亿元,华中区数据结算交易20亿元，创造就业岗位近万个,创造税收近亿元；名创PDS时尚百货位于人民路与东山路交汇处（现王子鞋城），拟对该项目升级改造，打造十堰首个引领时尚潮流主题百货；四星级酒店位于五堰香港街8号（原疾控中心），总建筑面积7400平方米，拟引进国际酒店品牌纽宾凯酒店集团打造五堰香港街首个四星级国际酒店。','420000','80000',0,'2018','2023','企业投资','王  斌\n明怀宇',42,42,'一类',0,'商贸','前期准备'),(46,'佰昌仓储物流产业园','新建','位于东城开发区驼鞍沟片区，湖北佰昌农业发展有限公司投资，为首期佰昌鄂西北优质农产品交易中心配套建设，建设农产品初加工车间、仓储库房、物流设施以及相关配服务设施，包含农产品初加工区、仓储物流区、办公生活区、配套服务区。','100000','28000',12000,'2018','2019','企业投资','顾衍波',1,10,'一类',0,'商贸','开工'),(47,'汇霖·K-MALL时尚广场','新建','位于火车站北广场，由湖北汇霖置业有限公司与上海颐贸投资有限公司共同投资建设。规划用地面积2.59万平方米，总建筑面积13万平方米。其中，商业街建筑总面积3万平方米，4栋住宅楼建筑总面积4.2万平方米，1栋高级公寓楼建筑总面积2.2万平方米。','80000','25000',2000,'2018','2022','企业投资','黄朝军',2,28,'一类',0,'商贸','开工'),(48,'新合作总部及物流基地','新建','十堰市新合作超市有限公司投资建设，总占地260亩，在驼鞍沟片区征地200亩，建设新合作仓储物流交易中心项目；另征地60亩，建设新合作总部大楼和行政中心。','50000','20000',2000,'2018','2020','企业投资','王雁波',1,12,'一类',0,'商贸','前期准备'),(49,'大洋摩登购物中心','续建','位于朝阳路与公园路交汇处，城市第一高楼IFC国际金融中心裙楼，地下三层为停车场，1至7层为购物中心，8至9层为娱乐休闲区，总营业面积约5万多平方方米。十堰大洋摩登购物中心市场定位是引领时尚消费新潮流，打造集购物、休闲、美食、娱乐为一体的情景化购物中心。','50000','5000',30,'2016','2018','企业投资','张俊江',3,12,'一类',0,'商贸','开工'),(50,'十堰群利物流园','新建','位于东环路东风商用车有限公司交付中心对面，十堰群利物流工业园有限公司投资，占地110亩，建设以办公、商业、车间、仓储为一体的综合性全方位立体式的现代工业园。主要围绕东风商用车有限公司提供相关的配套服务，项目涵盖东风商用车物流管理基地、东风商用车4S旗舰店、东风商用车差异化物流管理基地、东风配件物流仓储配送中心、东风汽车公司（十堰）生产物流基地等五大板块。项目建成后，预计可实现年产值5亿元，创利税2100万元。','20000','20000',3000,'2018','2018','企业投资','李金功',1,5,'一类',0,'商贸','前期准备'),(51,'新媒体文化创意产业园','新建','位于人民中路，对十堰日报社现有办公场所进行改造，打造新媒体文化产业基地。','5000','5000',600,'2018','2018','企业投资','童  华',2,18,'一类',0,'商贸','前期准备'),(52,'创家孵化产业园','新建','位于天津路，项目占地2000平方米，建设30个独立办公室，容纳30家科技型企业，吸纳50名留学生，带动就业200人。','3000','3000',50,'2018','2018','企业投资','王雁波',3,23,'一类',0,'商贸','前期准备'),(53,'汽车特色小镇','新建','拟选址胡家村，建设智能制造产业园、新能源电动汽车产业园、汽车主题公园、汽车展会中心、节能环保产业园、国家级康养示范基地等。','50000','15000',0,'2018','2020','企业投资','明怀宇',1,10,'一类',0,'商贸','前期准备'),(54,'猪八戒互联网示范','新建','重庆花果山企业管理有限公司拟于茅箭区政府合作在NOVO创业孵化基地打造总体量3万平方米综合示范区，为茅箭区中小企业提供全生命周期服务。重点建设十堰文化产业开发开放试验区、省级科技服务平台、省级国家级创业创新基地、省级工业设计中心、省级国家级广告园、省级国家级青年创业示范园、中小微企业创业投资基金等。','30000','15000',0,'2018','2020','企业投资','王雁波',12,9,'三类',0,'商贸','前期准备'),(55,'京东物流','新建','北京京东世纪贸易有限公司拟投资建设京东物流项目。北京京东世纪贸易有限公司是中国最大的自营式电商企业，京东集团旗下设有京东商城、京东金融、拍拍网、京东智能、O2O及海外事业部。','20000','10000',0,'2018','2020','企业投资','明怀宇',12,27,'三类',0,'商贸','前期准备'),(56,'百二河河道及沿岸\n景观改造工程','新建','起点百二河水库，终点文化宫旁六堰桥，总面积300公顷（4500亩），其中包括旧城改造、河道景观改造、建设十桥十园，打造十堰城市主轴线。','500000','10000',0,'2018','2022','市级PPP项目','周庆荣\n张俊江',6,6,'二类',0,'基建','前期准备'),(57,'火车站商圈\n（南广场商圈）','续建','总面积8000亩，其中包括旧城改造、水土修复、矿山修复、森林公园等内容，打造首个生态国土示范区。','560000','10000',0,'2017','2026','区级PPP项目','张捍声\n顾衍波\n李  斌\n朱圣明',31,31,'一类',0,'基建',NULL),(58,'林荫大道二号线\n安置区一期、二期','续建','位于林荫大道和凤凰路交汇处，总规划用地面积31.75万平方米，总建筑面积139.34万平方米，项目涵盖住宅、商业、教育配套等。','700000','150000',19200,'2017','2023','企业投资','赵洪福\n刘明华',32,32,'一类',0,'基建','开工'),(59,'快速通道（茅箭段）','新建','汉十高铁十堰站至武当山玄岳门快速一级公路项目，起于汉十高铁十堰站，经武当山机场、高铁武当山站，止于武当山玄岳门，连接316国道，全长47.5公里，设计速度80公里每小时，路基宽52米，双向六车道。快速通道茅箭段全部集中在东城开发区范围内，东城段全长13.06公里，其中快速通道长10.9公里，机场连接线长2.16公里。','169000','67600',1600,'2018','2019','市级PPP项目','顾衍波\n朱圣明',36,36,'二类',0,'基建','开工'),(60,'武当路复线工程','新建','起点接三峡路与车城南路交叉口，终点接吉林路，按照城市主干道标准建设，全长9.57公里，双向六车道。','129200','50000',0,'2018','2019','市级PPP项目','张捍声\n李  斌\n张俊江\n朱圣明',33,33,'二类',0,'基建','开工'),(61,'火车站北广场','续建','位于十堰火车站北侧，东至凤凰路，西邻城邦地产，南接火车站南广场，北至林荫大道，总面积约18公顷，建设用地面积约13.87公顷，总建筑面积约15.75万平方米，其中地上总建筑面积3.41万平方米，地下总建筑面积12.34万平方米。','120000','30000',1680,'2015','2018','市级投资','吕自宏',37,37,'二类',0,'基建','开工'),(62,'许白路沿线环境整治','续建','位于许白路，美化亮化绿化许白路沿线，整理土地2000亩。','100000','20000',889,'2016','2019','市级投资','王  斌\n张文法',41,41,'二类',0,'基建','开工'),(63,'航空路','新建','起点接林荫大道与机场路立交桥，终点接机场路东路。全长6.7公里。按照城市规划主干道标准建设，道路红线宽50米，双向六车道。主要构筑物有跨东风大道及马家河高架桥、龙门沟隧道、和谐路跨线桥、许白路跨线桥等。','93800','50000',0,'2018','2019','市级PPP项目','李金功',33,33,'二类',0,'基建','前期准备'),(64,'林荫大道二号线','续建','道路为天津路至东环路段以及凤凰路交口至北京南路段，延长线至驼鞍沟园区段，全长5千米，道路宽26-45米。','90000','2500',820,'2014','2018','市级投资','赵洪福\n刘明华',32,32,'二类',0,'基建','开工'),(65,'林荫大道一号线','新建','起点为武汉路，终点接天津路，全长3.98公里。按照城市规划次干道标准建设，重庆路至天津路段红线宽度为40米，武汉路至重庆路路段红线宽度为30米，双向四车道。','51400','25000',0,'2018','2019','市级PPP项目','张俊江',33,33,'二类',0,'基建','开工'),(66,'林荫大道三号线','新建','起点接武当路、终点接机场大道，途经张家沟，上跨重庆路、翻山至大洋五洲三期，上跨天津路，翻山至武家沟、七里沟，接机场大道，为东西走向，全长4.41公里。按照城市规划次干道标准建设，道路红线宽35米，双向四车道。','50300','25000',0,'2018','2019','市级PPP项目','马继光\n谢生海',33,33,'二类',0,'基建','前期准备'),(67,'G209十堰城区垭子至大川段改扩建工程','新建','十堰垭子至大川段，路线全长11.755公里，新建隧道1座长77米，新建桥梁18座2093.09米，道路为一级公路，设计时速60公里/小时。','45500','14900',0,'2018','2020','市级投资','顾衍波\n朱圣明',4,4,'二类',0,'基建','前期准备'),(68,'南部山区道路升级改造','新建','涉及五条道路。大黄路道路起点大川镇出口，止于黄家村，全长23公里，按照二级公路标准建设。茅官路道路起于茅塔乡，止于官山镇分道观，道路全长5.5公里，按照二级公路标准建设，其中长隧道一条1000米。岩坪路道路起于茅塔乡坪子村止于岩屋村大分水岭五棵树，道路全长7.85公里，按照二级公路标准建设。锅场路道路全长6公里，按照山区三级公路标准建设。五卡路五条岭至卡子村道路改扩建工程，全长14公里，按照二级公路标准建设。','42300','16500',200,'2018','2020','区级投资','顾衍波\n朱圣明',4,4,'一类',0,'基建','开工'),(69,'许白路安置区建设','新建','位于许白路，规划占地80余亩，建筑面积15万平方米，建设安置房1500余套。','40000','20000',0,'2018','2019','区级投资','王  斌',1,13,'一类',0,'基建','前期准备'),(70,'十堰市康德养老中心','新建','位于二堰街办杨家沟，规划用地面积4.47万平方米，建设规模11.9万平方米，建设养老床位2000张。','36000','15000',50000,'2018','2019','企业投资','张俊江',2,21,'一类',0,'基建','前期准备'),(71,'和谐安置区二期','新建','位于和谐大道，总建筑面积15万平方米。配套建设小区内基础设施。','35000','10000',7480,'2018','2019','企业投资','顾衍波',1,13,'一类',0,'基建','开工'),(72,'汉十高铁（茅箭段）','续建','起于武汉枢纽汉阳站，西北止于十堰北站，全长370.25公里。铁路等级为客运专线，速度目标值为350公里/小时，其中茅箭段3.2公里。','32000','12000',1000,'2015','2018','市级投资','龚  林',35,35,'二类',0,'基建','开工'),(73,'立体过街工程','续建','修建上海路北京路车行立交桥1座，郧阳医学院、邮电街口、八一巷、文化广场等4座人行天桥，湖北工业职业技术学院地下通道。','27900','17000',900,'2017','2019','市级PPP项目','张俊江',6,6,'二类',0,'基建','开工'),(74,'城区地下综合管廊','续建','涉及辖区3条综合管廊建设，总长度15.1公里，其中林荫大道一号线设置单舱管廊长度4公里，林荫大道三号线设置单舱管廊4.4公里，航空路设置双舱管廊6.7公里。','25230','12000',0,'2017','2020','市级投资','张俊江',6,6,'二类',0,'基建','前期准备'),(75,'泗河污水处理厂扩能\n改造工程','续建','位于许白路，设计扩建规模5万m³/d，采用“预处理+二级生物处理+深度处理工艺+污泥处理”作为主体处理工艺，项目出水水质一级A标准，部分主要指标达到地表水Ⅳ类水质标准。','19514','14514',300,'2017','2018','市级投资','张俊江',1,6,'二类',0,'基建','开工'),(76,'北京路、重庆路、浙江路综合改造及天津路\n大修','续建','北京路路面改造起点十堰市体育中心，终点接北京路立交桥。全长1.86公里，红线宽38米，双向6车道。改造公交港湾7个，在道路两侧增设绿化带。重庆路改造起点为重庆路与北京路交叉口，终点为重庆路与武当路交叉口，长3.2公里,车行道宽25米,人行道宽10米，拟对道路进行彻底改造，整体沥青罩面，对人行道进行维护，改造港湾公交站16处。浙江路综合改造，起点为浙江路转盘，终点为火箭路交叉口，长2.5公里，车行道宽20米，人行道宽10米。天津路大修起点京东路，终点东风大道51厂路口，长4公里，车行道宽20米，人行道宽10 米，部分道路路基路面破损严重，拟进行大修,对 2.5 万平方米破损路面维修和沥青罩面，改造港湾公交站。','18200','12000',3500,'2017','2018','市级投资','张俊江',6,6,'二类',0,'基建','开工'),(77,'城区内循环道路建设','新建','在城区建设四条内循环道路。柳中路起点上海路美盛城售楼部，终点至柳林路（十堰市旅游局办公楼），全长1960米，规划道路红线宽20米。北京路至上海路连接线起点九龙太阳城小区，终点至恒大售楼部，道路长度926米，宽度20米。大沟路（一期）道路起于中岳路，终点为大沟巷，道路全长280米，红线宽12米，双向两车道。标志路起点接武当路与吉林路上跨桥，终点接龙门大道，道路长1100米，双向6车道。','15000','10000',0,'2018','2019','市级PPP项目','张俊江',6,6,'二类',0,'基建','前期准备'),(78,'三供一业综合改造','新建','对辖区12个中央省属企业，住宅小区物业进行移交，对供水、供电、供暖进行综合改造。','15000','8000',0,'2018','2019','市级投资','张俊江',6,28,'二类',0,'基建','前期准备'),(79,'东方伊顿（十堰）学校','新建','位于天津路市委党校对面，江苏阳光教育集团投资建设，规划占地面积5万平方米，校舍4万平方米，设置小学、初中和国际部，设计办学72个班，可容纳学生2880人。','13000','8000',1300,'2018','2019','企业投资','顾衍波',1,17,'一类',0,'基建','开工'),(80,'东城开发区保障性安居工程配套基础设施建设','新建','涉及三个片区。天津路片区位于天津路徐家沟村、西坪村片区位于东城开发区银杏小区、鸳鸯村片区位于东城开发区梅子小区，修建利民便民休闲场所、医疗卫生服务中心、物业用房等，铺设道路，修建地下管网，增加小区绿化面积等。徐家沟综合便民服务中心位于徐家沟村民安小区，项目总占地面积1200平方米，建筑面积4600平方米，主要建设内容包括农贸市场、党员群众活动中心、医疗服务中心等。','12600','12600',200,'2018','2018','区级投资','张俊江',1,6,'一类',0,'基建','前期准备'),(81,'老旧小区综合改造','新建','对五堰街办山西路七号片区、武当路街办缸套厂小区、招贤巷片区进行完善配套设施、提升景观环境、整新建筑楼体、消除安全隐患、建立长效管理等方面的综合整治，共计涉及改造户数1700户。对辖区内七层以上的老旧小区楼房安装电梯200部。','10550','10550',0,'2018','2018','市级投资','张俊江',6,6,'二类',0,'基建','前期准备'),(82,'东部新区综合污水处理厂及管网建设工程\n（A区）','新建','位于东城开发区，污水处理厂设计规模为3000吨/日，铺设管网20公里，排放标准地表Ⅳ类水质，主要处理东部工业园区工业废水和部分生活污水。','4000','2400',20,'2018','2019','区级投资','顾衍波',1,8,'一类',0,'基建','前期准备'),(83,'茅箭区义务教育学校\n标准化建设','新建','鸳鸯学校位于东城开发区胡家村二组，学校占地面积9665平方米，新建教学楼4400平方米，设计办学规模12个教学班600人、3个幼儿班100人。天津路第二小学位于天津路民安小区，规划占地面积41.4亩，拟建校舍1.6万平方米，可容纳1000名学生，20个教学班。','10000','10000',300,'2018','2018','区级投资','童  华',1,17,'一类',0,'基建','前期准备'),(84,'漫谷公社','新建','位于茅塔乡岩屋村、坪子村、廖家村河谷地带，以精致慢生活场景体验为主题，打造集科普教育、户外运动、田园休闲、亲子体验、养生度假于一体的文旅康养休闲产业聚集地。','100000','20000',300,'2018','2023','企业投资','金  菊',40,19,'一类',0,'乡村振兴','开工'),(85,'云龙谷国际旅游度假区','新建','天津开发区梅林浩工贸有限公司以赛武当生态涵养区为核心，将产业功能与生态资源相结合，打造集生态保护、森林观光、健康医疗、中草药种植、养生度假为一体的健康生态养生产业带。','100000','15000',50,'2018','2025','企业投资','童  华\n杨亚军',43,19,'一类',0,'乡村振兴','前期准备'),(86,'秦巴生态植物园','续建','位于武当路街办马家河村，建设以秦巴特色生态植物为主题，集观赏、苗木培植、科普教育、珍稀植物保护于一体的生态植物园。','56000','10000',500,'2016','2020','企业投资','周庆荣\n王  雯',34,7,'一类',0,'乡村振兴','开工'),(87,'茅箭三益田园综合体','新建','位于茅塔乡，北京三益集团通过克隆技术，培植兰花、铁皮石斛等，通过生物酶技术养殖南北对虾，开展兰花展、农业嘉年华等农旅产业。','35000','12000',200,'2018','2019','企业投资','曾  强\n张  强',40,20,'一类',0,'乡村振兴','开工'),(88,'泗河系统治理工程','新建','茅塔河、马家河治理河道长度17公里，主要包括河道清淤疏浚、新建生态护岸挡墙、生态护坡、新建三维土工植被网、新建拦河堰等。','7000','3000',112,'2018','2019','区级投资','童  华\n张  强',22,22,'一类',0,'乡村振兴','前期准备'),(89,'南部山区公路旅游景观建设','续建','对马赛路、五茅路、茅大路沿线进行绿化美化，建设节点景观和旅游基础设施。','4000','3500',455,'2017','2018','区级投资','童  华',19,19,'一类',0,'乡村振兴','开工'),(90,'2018年农村饮水安全巩固提升工程','新建','通过管网延伸、新建小型集中供水工程、配套净化过滤及消毒等设施解决全区5500人的饮水安全（含2018年易地扶贫安置小区）。启动实施浪溪综合供水工程。','4000','2160',40,'2018','2019','区级投资','曾  强',22,22,'一类',0,'乡村振兴','前期准备'),(91,'马家河武当路街办段河道综合治理工程','续建','河道疏浚、新建挡墙及生态护坡；河道沿线绿化、自行车道、景观基础设施及配套服务建设，四个重要节点施工。','3500','2400',140,'2017','2018','区级投资','童  华',34,22,'一类',0,'乡村振兴','开工'),(92,'食用菌产业园','新建','位于茅塔乡大坪村，武当山珍公司投资建设食用菌产业园，包含食用菌生产车间、加工车间、包装车间。','3000','1500',0,'2018','2019','企业投资','曾  强',40,7,'一类',0,'乡村振兴','开工'),(93,'2018年茅箭区“厕所革命”工程建设','新建','对全区农户厕所、农村改厕、城镇厕所、交通厕所、旅游厕所以及对公众开放的内部厕所等6大类厕所，达到无害化厕所标准。','3000','3000',50,'2018','2020','区级投资','顾衍波',10,10,'一类',0,'乡村振兴','开工'),(94,'2018年茅箭区精准灭荒工程建设项目','新建','对茅箭区辖区荒地进行修整，绿化面积32万平方米，主要对马赛路、五茅路等沿线进行裸露山体治理。','3000','3000',400,'2018','2018','区级投资','童  华',20,20,'一类',0,'乡村振兴','开工'),(95,'茅箭区光伏电站建设','新建','在茅塔乡东沟村、廖家村、坪子村等15个贫困村建设光伏发电站，每个村为200千瓦，总共建设规模为3兆瓦，解决957户3556人的产业扶贫问题。','3000','3000',250,'2018','2018','区级投资','金  菊',40,16,'一类',0,'乡村振兴','开工'),(96,'茅塔河、马家河、大川生态清洁型小流域','新建','茅塔河小流域综合治理水土流失面积11.49平方公里，马家河小流域治理水土流失面积11.05平方公里，大川项目区小流域治理水土流失面积3.65平方公里，对小流域生态进行自然修复、综合治理及河（沟）道周边整治，达到减少水土流失、减轻面源污染、河道村庄美化亮化。','3000','1500',0,'2018','2019','区级投资','曾  强',22,22,'一类',0,'乡村振兴','前期准备'),(97,'泗河流域不达标支沟水质改善及水体生态治理工程','新建','主要针对韩家沟、脂肪沟、战马沟、徐家沟、黄蜡沟、七里沟和胡家沟等7条水质长期超标的支沟进行治理，建设生态透水坝，安装好氧生物反应箱、生物膜箱、生物膜带、生物岛系统、鼓风曝气。','3000','3000',0,'2018','2018','区级投资','顾衍波',38,38,'一类',0,'乡村振兴','前期准备'),(98,'廿四·节气村','新建','位于大川镇浪溪村、卡子村、段家村及五条岭S235旧省道所辖范围，建设以24节气为主题的村落，配置基础设施、景观、森林公园、主题民宿、景区升级等。','100000','15000',0,'2018','2027','企业投资','勾书平',30,19,'三类',0,'乡村振兴','开工'),(99,'紫薇岛整体开发','新建','依托紫薇岛区位优势和资源优势，整体开发打造高端度假区。','50000','20000',0,'2018','2023','企业投资','王  雯',34,19,'三类',0,'乡村振兴','前期准备'),(100,'大川特色小镇','新建','依托大川镇现有资源进行集镇开发，结合棚户区改造，对集镇中心区、村委会、拓展学校等进行绿化、建筑改造、沿线景观改造，整体对外招商。','30000','10000',0,'2018','2022','企业投资','童  华',30,10,'一类',0,'乡村振兴','前期准备');
/*!40000 ALTER TABLE `projects` ENABLE KEYS */;
UNLOCK TABLES;

--
-- Table structure for table `role`
--

DROP TABLE IF EXISTS `role`;
/*!40101 SET @saved_cs_client     = @@character_set_client */;
/*!40101 SET character_set_client = utf8 */;
CREATE TABLE `role` (
  `rid` int(11) NOT NULL AUTO_INCREMENT,
  `role` varchar(20) NOT NULL,
  `rname` varchar(20) NOT NULL,
  PRIMARY KEY (`rid`)
) ENGINE=InnoDB AUTO_INCREMENT=4 DEFAULT CHARSET=utf8;
/*!40101 SET character_set_client = @saved_cs_client */;

--
-- Dumping data for table `role`
--

LOCK TABLES `role` WRITE;
/*!40000 ALTER TABLE `role` DISABLE KEYS */;
INSERT INTO `role` VALUES (1,'user','填报'),(2,'view','浏览'),(3,'admin','管理');
/*!40000 ALTER TABLE `role` ENABLE KEYS */;
UNLOCK TABLES;

--
-- Table structure for table `setting`
--

DROP TABLE IF EXISTS `setting`;
/*!40101 SET @saved_cs_client     = @@character_set_client */;
/*!40101 SET character_set_client = utf8 */;
CREATE TABLE `setting` (
  `sid` int(11) NOT NULL AUTO_INCREMENT,
  `s_key` varchar(20) NOT NULL,
  `value` varchar(50) NOT NULL,
  `sname` varchar(50) NOT NULL,
  PRIMARY KEY (`sid`)
) ENGINE=InnoDB AUTO_INCREMENT=6 DEFAULT CHARSET=utf8;
/*!40101 SET character_set_client = @saved_cs_client */;

--
-- Dumping data for table `setting`
--

LOCK TABLES `setting` WRITE;
/*!40000 ALTER TABLE `setting` DISABLE KEYS */;
INSERT INTO `setting` VALUES (1,'lockday','31','锁定日期'),(2,'sitename','茅箭区投资项目直报平台','网站名称'),(3,'remind_days','5','提醒天数'),(4,'pics','5','图片张数'),(5,'index','project','默认首页');
/*!40000 ALTER TABLE `setting` ENABLE KEYS */;
UNLOCK TABLES;

--
-- Table structure for table `users`
--

DROP TABLE IF EXISTS `users`;
/*!40101 SET @saved_cs_client     = @@character_set_client */;
/*!40101 SET character_set_client = utf8 */;
CREATE TABLE `users` (
  `uid` int(11) NOT NULL AUTO_INCREMENT,
  `uname` varchar(20) NOT NULL,
  `passwd` varchar(50) NOT NULL,
  `date` timestamp NOT NULL DEFAULT CURRENT_TIMESTAMP ON UPDATE CURRENT_TIMESTAMP,
  `oid` int(11) NOT NULL,
  `rid` int(11) NOT NULL,
  PRIMARY KEY (`uid`)
) ENGINE=InnoDB AUTO_INCREMENT=81 DEFAULT CHARSET=utf8;
/*!40101 SET character_set_client = @saved_cs_client */;

--
-- Dumping data for table `users`
--

LOCK TABLES `users` WRITE;
/*!40000 ALTER TABLE `users` DISABLE KEYS */;
INSERT INTO `users` VALUES (1,'zhong','202cb962ac59075b964b07152d234b70','2018-02-26 16:09:15',10,3),(2,'gong','202cb962ac59075b964b07152d234b70','2018-02-26 16:09:15',10,3),(3,'tou','202cb962ac59075b964b07152d234b70','2018-02-26 16:09:15',10,3),(4,'lingdao','202cb962ac59075b964b07152d234b70','2018-02-26 16:09:15',10,2),(5,'nong','202cb962ac59075b964b07152d234b70','2018-02-26 16:09:15',10,3),(6,'ban','202cb962ac59075b964b07152d234b70','2018-02-26 16:09:15',10,3),(7,'jiao','202cb962ac59075b964b07152d234b70','2018-02-26 16:09:15',10,3),(8,'she','202cb962ac59075b964b07152d234b70','2018-02-26 16:09:15',10,3),(9,'diqu','202cb962ac59075b964b07152d234b70','2018-02-26 16:09:15',10,3),(10,'dongcheng','202cb962ac59075b964b07152d234b70','2018-02-26 16:09:15',1,1),(11,'eryan','fd856c5ef1def3d0344f94cb1427e5f1','2018-02-27 03:04:23',2,1),(12,'wuyan','202cb962ac59075b964b07152d234b70','2018-02-26 16:09:15',3,1),(13,'jiaotong','202cb962ac59075b964b07152d234b70','2018-02-26 16:09:15',4,1),(14,'renshe','202cb962ac59075b964b07152d234b70','2018-02-26 16:09:15',5,1),(15,'zhujian','202cb962ac59075b964b07152d234b70','2018-02-26 16:09:15',6,1),(16,'nongye','202cb962ac59075b964b07152d234b70','2018-02-26 16:09:15',7,1),(17,'nandiao','202cb962ac59075b964b07152d234b70','2018-02-26 16:09:15',8,1),(18,'weiji','202cb962ac59075b964b07152d234b70','2018-02-26 16:09:15',9,1),(19,'sifa','202cb962ac59075b964b07152d234b70','2018-02-26 16:09:15',11,1),(20,'shangwu','3bf725cdf5f0a23400f9a7656b5d3561','2018-02-27 02:38:49',12,1),(21,'chengtou','202cb962ac59075b964b07152d234b70','2018-02-26 16:09:15',13,1),(22,'anjian','202cb962ac59075b964b07152d234b70','2018-02-26 16:09:15',14,1),(23,'shenji','202cb962ac59075b964b07152d234b70','2018-02-26 16:09:15',15,1),(24,'fupin','202cb962ac59075b964b07152d234b70','2018-02-26 16:09:15',16,1),(25,'jiaoyu','202cb962ac59075b964b07152d234b70','2018-02-26 16:09:15',17,1),(26,'wenti','202cb962ac59075b964b07152d234b70','2018-02-26 16:09:15',18,1),(27,'lvyou','202cb962ac59075b964b07152d234b70','2018-02-26 16:09:15',19,1),(28,'linye','202cb962ac59075b964b07152d234b70','2018-02-26 16:09:15',20,1),(29,'minzheng','202cb962ac59075b964b07152d234b70','2018-02-26 16:09:15',21,1),(30,'shuili','202cb962ac59075b964b07152d234b70','2018-02-26 16:09:15',22,1),(31,'wujia','202cb962ac59075b964b07152d234b70','2018-02-26 16:09:15',23,1),(32,'keji','202cb962ac59075b964b07152d234b70','2018-02-26 16:09:15',24,1),(33,'jingxin','202cb962ac59075b964b07152d234b70','2018-02-26 16:09:15',25,1),(34,'tongji','202cb962ac59075b964b07152d234b70','2018-02-26 16:09:15',26,1),(35,'shenpi','202cb962ac59075b964b07152d234b70','2018-02-26 16:09:15',27,1),(36,'caizheng','202cb962ac59075b964b07152d234b70','2018-02-26 16:09:15',28,1),(37,'shipin','202cb962ac59075b964b07152d234b70','2018-02-26 16:09:15',29,1),(38,'dachuan','202cb962ac59075b964b07152d234b70','2018-02-26 16:09:15',30,1),(39,'chaobei','202cb962ac59075b964b07152d234b70','2018-02-26 16:09:15',31,1),(40,'linyin','202cb962ac59075b964b07152d234b70','2018-02-26 16:09:15',32,1),(41,'ppp','202cb962ac59075b964b07152d234b70','2018-02-26 16:09:15',33,1),(42,'wudang','202cb962ac59075b964b07152d234b70','2018-02-26 16:09:15',34,1),(43,'tielu','202cb962ac59075b964b07152d234b70','2018-02-26 16:09:15',35,1),(44,'bingjiang','289dff07669d7a23de0ef88d2f7129e7','2018-03-01 00:19:49',36,1),(45,'bei','8f45fe760275d21fb447c88dace3213a','2018-03-08 06:36:29',37,1),(46,'huanbao','202cb962ac59075b964b07152d234b70','2018-03-23 07:35:46',38,1),(47,'baiqiang','202cb962ac59075b964b07152d234b70','2018-02-26 16:09:15',39,1),(48,'maota','202cb962ac59075b964b07152d234b70','2018-02-26 16:09:15',40,1),(49,'xubai','202cb962ac59075b964b07152d234b70','2018-02-26 16:09:15',41,1),(50,'saiman','d099e6fdba97b84acd9f3f98ea917744','2018-03-30 09:39:30',42,1),(51,'saiguan','8e7018d4fa4957051b1c2677076a3a35','2018-03-30 07:16:17',43,1),(52,'lmh','202cb962ac59075b964b07152d234b70','2018-03-05 08:17:37',10,2),(53,'gsp','202cb962ac59075b964b07152d234b70','2018-03-05 08:17:37',10,2),(54,'lzh','202cb962ac59075b964b07152d234b70','2018-03-05 08:17:37',10,2),(55,'zqr','202cb962ac59075b964b07152d234b70','2018-03-05 08:17:37',10,2),(56,'zjj','202cb962ac59075b964b07152d234b70','2018-03-05 08:17:37',10,2),(57,'zhangq','202cb962ac59075b964b07152d234b70','2018-03-05 08:17:37',10,2),(58,'zhs','202cb962ac59075b964b07152d234b70','2018-03-05 08:17:37',10,2),(59,'zwf','202cb962ac59075b964b07152d234b70','2018-03-05 08:17:37',10,2),(60,'mhy','202cb962ac59075b964b07152d234b70','2018-03-05 08:17:37',10,2),(61,'zq','202cb962ac59075b964b07152d234b70','2018-03-05 08:17:37',10,2),(62,'zsm','202cb962ac59075b964b07152d234b70','2018-03-05 08:17:37',10,2),(63,'lb','202cb962ac59075b964b07152d234b70','2018-03-05 08:17:37',10,2),(64,'ljg','202cb962ac59075b964b07152d234b70','2018-03-05 08:17:37',10,2),(65,'yyj','202cb962ac59075b964b07152d234b70','2018-03-05 08:17:37',10,2),(66,'wsl','202cb962ac59075b964b07152d234b70','2018-03-05 08:17:37',10,2),(67,'wb','202cb962ac59075b964b07152d234b70','2018-03-05 08:17:37',10,2),(68,'wyb','202cb962ac59075b964b07152d234b70','2018-03-05 08:17:37',10,2),(69,'ww','202cb962ac59075b964b07152d234b70','2018-03-05 08:17:37',10,2),(70,'th','202cb962ac59075b964b07152d234b70','2018-03-05 08:17:37',10,2),(71,'slm','202cb962ac59075b964b07152d234b70','2018-03-05 08:17:37',10,2),(72,'dxj','202cb962ac59075b964b07152d234b70','2018-03-05 08:17:37',10,2),(73,'xb','202cb962ac59075b964b07152d234b70','2018-03-05 08:17:37',10,2),(74,'xsh','202cb962ac59075b964b07152d234b70','2018-03-05 08:17:37',10,2),(75,'zhf','202cb962ac59075b964b07152d234b70','2018-03-05 08:17:37',10,2),(76,'jj','202cb962ac59075b964b07152d234b70','2018-03-05 08:17:37',10,2),(77,'gyb','202cb962ac59075b964b07152d234b70','2018-03-05 08:17:37',10,2),(78,'mjg','202cb962ac59075b964b07152d234b70','2018-03-05 08:17:37',10,2),(79,'hcj','202cb962ac59075b964b07152d234b70','2018-03-05 08:17:37',10,2),(80,'gl','202cb962ac59075b964b07152d234b70','2018-03-05 08:17:37',10,2);
/*!40000 ALTER TABLE `users` ENABLE KEYS */;
UNLOCK TABLES;
/*!40103 SET TIME_ZONE=@OLD_TIME_ZONE */;

/*!40101 SET SQL_MODE=@OLD_SQL_MODE */;
/*!40014 SET FOREIGN_KEY_CHECKS=@OLD_FOREIGN_KEY_CHECKS */;
/*!40014 SET UNIQUE_CHECKS=@OLD_UNIQUE_CHECKS */;
/*!40101 SET CHARACTER_SET_CLIENT=@OLD_CHARACTER_SET_CLIENT */;
/*!40101 SET CHARACTER_SET_RESULTS=@OLD_CHARACTER_SET_RESULTS */;
/*!40101 SET COLLATION_CONNECTION=@OLD_COLLATION_CONNECTION */;
/*!40111 SET SQL_NOTES=@OLD_SQL_NOTES */;

-- Dump completed on 2018-04-23  9:14:43
