-- MySQL dump 10.16  Distrib 10.1.26-MariaDB, for debian-linux-gnu (x86_64)
--
-- Host: 172.16.204.165    Database: fgw
-- ------------------------------------------------------
-- Server version	5.7.18-log

/*!40101 SET @OLD_CHARACTER_SET_CLIENT=@@CHARACTER_SET_CLIENT */;
/*!40101 SET @OLD_CHARACTER_SET_RESULTS=@@CHARACTER_SET_RESULTS */;
/*!40101 SET @OLD_COLLATION_CONNECTION=@@COLLATION_CONNECTION */;
/*!40101 SET NAMES utf8mb4 */;
/*!40103 SET @OLD_TIME_ZONE=@@TIME_ZONE */;
/*!40103 SET TIME_ZONE='+00:00' */;
/*!40014 SET @OLD_UNIQUE_CHECKS=@@UNIQUE_CHECKS, UNIQUE_CHECKS=0 */;
/*!40014 SET @OLD_FOREIGN_KEY_CHECKS=@@FOREIGN_KEY_CHECKS, FOREIGN_KEY_CHECKS=0 */;
/*!40101 SET @OLD_SQL_MODE=@@SQL_MODE, SQL_MODE='NO_AUTO_VALUE_ON_ZERO' */;
/*!40111 SET @OLD_SQL_NOTES=@@SQL_NOTES, SQL_NOTES=0 */;

--
-- Table structure for table `organization`
--

DROP TABLE IF EXISTS `organization`;
/*!40101 SET @saved_cs_client     = @@character_set_client */;
/*!40101 SET character_set_client = utf8 */;
CREATE TABLE `organization` (
  `oid` int(11) NOT NULL AUTO_INCREMENT,
  `oname` varchar(100) NOT NULL,
  PRIMARY KEY (`oid`)
) ENGINE=InnoDB AUTO_INCREMENT=44 DEFAULT CHARSET=utf8;
/*!40101 SET character_set_client = @saved_cs_client */;

--
-- Dumping data for table `organization`
--

LOCK TABLES `organization` WRITE;
/*!40000 ALTER TABLE `organization` DISABLE KEYS */;
INSERT INTO `organization` VALUES (1,'东城开发区'),(2,'二堰街办'),(3,'五堰街办'),(4,'区交通局'),(5,'区人社局'),(6,'区住建局'),(7,'区农业局'),(8,'区南调办'),(9,'区卫计局'),(10,'区发改局'),(11,'区司法局'),(12,'区商务局'),(13,'区城投公司'),(14,'区安监局'),(15,'区审计局'),(16,'区扶贫办'),(17,'区教育局'),(18,'区文体新广局'),(19,'区旅游局'),(20,'区林业局'),(21,'区民政局'),(22,'区水利局'),(23,'区物价局'),(24,'区科技局'),(25,'区经信局'),(26,'区统计局'),(27,'区行政审批局'),(28,'区财政局'),(29,'区食品药品监督局'),(30,'大川镇'),(31,'朝北沟生态国土综合治理示范项目指挥部'),(32,'林荫大道二号线建设工程指挥部'),(33,'武当路复线等市政道路PPP项目建设拆迁协调服务领导小组'),(34,'武当路街办'),(35,'武汉至十堰城际铁路茅箭段项目建设协调服务指挥部'),(36,'滨江新区至武当山玄岳门一级公路建设茅箭段协调指挥部'),(37,'火车站北广场项目协调服务指挥部'),(38,'环保茅箭分局'),(39,'百强世纪城项目协调服务指挥部'),(40,'茅塔乡'),(41,'许白路沿线环境整治指挥部'),(42,'赛曼控股集团（茅箭）投资项目协调服务指挥部'),(43,'赛管局');
/*!40000 ALTER TABLE `organization` ENABLE KEYS */;
UNLOCK TABLES;

--
-- Table structure for table `path`
--

DROP TABLE IF EXISTS `path`;
/*!40101 SET @saved_cs_client     = @@character_set_client */;
/*!40101 SET character_set_client = utf8 */;
CREATE TABLE `path` (
  `pid` int(11) NOT NULL AUTO_INCREMENT,
  `location` varchar(100) DEFAULT NULL,
  `annual_task` varchar(1000) DEFAULT NULL,
  `q1_p` varchar(1000) DEFAULT NULL,
  `q1_i` varchar(20) DEFAULT NULL,
  `q2_p` varchar(1000) DEFAULT NULL,
  `q2_i` varchar(20) DEFAULT NULL,
  `q3_p` varchar(1000) DEFAULT NULL,
  `q3_i` varchar(20) DEFAULT NULL,
  `q4_p` varchar(1000) DEFAULT NULL,
  `q4_i` varchar(20) DEFAULT NULL,
  PRIMARY KEY (`pid`)
) ENGINE=InnoDB AUTO_INCREMENT=101 DEFAULT CHARSET=utf8;
/*!40101 SET character_set_client = @saved_cs_client */;

--
-- Dumping data for table `path`
--

LOCK TABLES `path` WRITE;
/*!40000 ALTER TABLE `path` DISABLE KEYS */;
INSERT INTO `path` VALUES (1,'东风大道','东风公司将车架厂、总装厂老厂区零部件仓储阵地搬迁至西坪园区，在西坪联合工厂园区建设新的车架辊型线、车架涂装线、车架装配线、整车装配线、零部件存储及相关辅助设施。','市政府与东风公司签订“1+5”合作协议：进行41厂搬迁涂装线建设;启动43厂搬迁项目生产线设计','100','继续41厂搬迁涂装线建设和43厂搬迁项目生产线设计与建设;进行车轮定位检测阵地建设','20000','继续41厂搬迁涂装线建设和43厂搬迁项目生产线设计与建设;继续车轮定位检测阵地建设','39900','完成41厂搬迁涂装线建设和43厂搬迁项目生产线设计与建设;进行车轮定位检测阵地建设','20000'),(2,'胡家片区','以区政府重资产方式代建已签订入驻协议企业需要的标准化厂房','东风实业产业园项目规划方案已报市规划局；项目建议书和立项批复在2018年1月份已完成；环评报告正在采购当中；地勘工作已进场实施；施工单位招标工作已于2018年2月14日进行挂网招标，3月7日进行了资格预审。','500','1、2018年4月8日完成东风实业产业园项目开标工作，4月15日组织进场施工。\n2、组织开展清场工作。一是完成驰田金刚公司3000台车辆的转移工作；二是完成石料厂设备的拆除转移工作，目前已在转移；三是完成石料厂石头的转移工作，近几天可清理完毕。\n3、二次场坪工作由于价格差价等原因正在对接，将在4月15日开标后边搞边做。针对厂房设计、技术要点、规划条件等已与大洋机电公司正式对接了3次。','15000','2018年9月底前完成厂房、办公楼、宿舍楼以及其它配套工程设施建设，做好设备安装调试的前期准备工作。','6500','完成设备安装调试，全面投入生产。','5000'),(3,'驼鞍沟片区','项目部分生产车间基础建设','项目场地整治、三通一平、强夯等基础工程。','1000','项目报规划土地审批并办理环评批复手续。进行驰田总部办公楼建设。','18000','一期4万平方米车厢生产车间的建设，包含车间框架结构施工、内粉刷、地面施工、门窗安装、外墙施工等。','26000','研发中心及营销中心展场建设，包含中心内粉刷、贴砖、涂料、吊顶、门窗安装、外墙施工等。','5000'),(4,'普林工业园二期','改建厂房，安装轻卡整车自动装配线2条、样品车装配线1条、整车检测线1条。','焊装车间和专用车车间基建','7000','焊装车间和专用车车间基建','10000','焊装设备和专用车设备进厂','10000','检测及测试设备进厂','3000'),(5,'东风大道','注册合资公司，改善员工工作环境，升级生产设备。','该项目已于2017年8月1日完成工商注册，2017年9月1日合资公司已经正式运营。注册资金1.5亿元元月底已经全部投资到位（其中：正奥以线束板块的实物资产及业务投资，投资9000万元；PKC直接以现金出资6000万）。','15000','改善员工工作环境，进行中央空调系统改造（空调系统已经购置到位，目前正在施工，投资215.5万元）；工艺布局优化353.65万元；','600','引进合作方先进的生产管理系统，前期对IT方面的投资435.4万元（软硬件、DDN专线、网络改造、计算机、扫描枪、CAPP工艺软件升级等，部分已经实施到位，正在推进中）；实验室改造计划投资146.7万元；','600','1、生产设备升级改造投资3871.89万元。2、根据情况，决定是否投入厂房建设（待定）','3800'),(6,'东益大道1号','年底达到9万产能','招标完成，首付款','3000','厂房基础设施建设','6300','生产设备安装调试','5700','产能提升，项目验收','5000'),(7,'胡家工业园','年内设备到位500台套（金额约15000万元）；研发、培训中心投入使用；与其他科研单位合作进行自动线设计、制造方面的探索；吸收引进创业团队，推动创新、创业平台建设，建成华中地区最大的机床共享平台；对接3C航天、新能源、节能环保项目，发展规模经济；带动区域制造业转型升级。','1、招工、培训。\n2、空压机房等基础设施建设完成，新增空压机等配套设施到位。\n3、已到位设备基本安装调试完成，部分设备开动，投入使用，形成初步产能。\n4、引进3～5个创业团队。\n5、对接行业代表性企业，共同开发流水线、自动线，协同发展、联合创新。','4500','1、i5智能机床到位率50%；设备开机率达60%。\n2、2#厂房投入使用，车间内实到设备基本安装完毕。\n3、三坐标测量仪数量达到2台，检测中心配套设备基本到位。\n4、创业团队增至5～8个。','7000','1、i5智能机床到位率70%；设备开机率达70%。\n2、企业外墙、厂门、公共设施等户外形象广告宣传到位。\n3、数据采集传输中心具备基本功能。\n4、双创平台建设取得一定成效。\n5、航天、新能源项目落地。','9500','1、i5智能机床到位率100%；设备开机率达90%。\n2、产学研教实训中心建成，孵化创业团队。\n3、新产品研发、新技术应用取得阶段性成果，申报1～3项实用新型（或发明）专利。\n4、企业间合作协同发展效果显著，形成规模经济。\n5、生产加工充分实现自动化、智能化，桁架机器人、自动线得到应用，引领区域制造业转型升级。\n5、共享经济在十堰地区实现从公共交通领域向制造业发展。','9000'),(8,'东风工业园','位于东风工业园，按照湖北省科技厅3A企业孵化器标准，以政府重资产方式代建厂房，打造茅箭区新兴产业孵化产业园，产业主要以节能环保、智能制造、智能物联产业为主。','经与区科技局等单位联系获悉，由于项目调整，该项目已迁至武当路街办三环桥头。已向区项目办申请更改责任单位。','','','','','','',''),(9,'和谐园区','办公楼内部装修完善及装配线、货箱生产线的建设','叉车1台，公告试制样车2台，前期生产线建设筹备','3000','办公室，食堂建设，管理软件建设','2000','核心零部件生产线建设','5000','货厢生产线建设','5000'),(10,'胡家工业园','项目位于胡家工业园，建二期工业厂房三个，建筑总面积23200平方米。','完成二期厂房基础及钢结构订制','2000','预计完成：汽车尾气处理液生产线的试生产；玻璃水、防冻液、燃油宝等共计四条生产线的安装、调试；二期三个厂房动工。','2000','预计完成二期厂房的建设，完成双层油罐、防爆管、喷涂生产线的设备安装、调试等。','2000','预计建设项目整体竣工，各生产线投入试生产，其中汽车尾气处理液年产预计达到5000吨','2000'),(11,'何家沟工业园','完成场地平整，主体工程施工建设的一半进度。','1.场地平整。2.整个项目建筑方案设计。','1000','1.地界挡墙建设。2.地勘。3.规划方案送审、土地招拍挂（取决于行政部门进度）。4.完善主体工程施工前的相关手续。','3000','1.主体工程招投标、施工建设（建设期12-18个月）。','3000','工程施工期','3000'),(12,'胡家工业园','建设厂房、办公楼、食堂、宿舍等。','完成前期招标准备工作','0','完成招投标工作，正式启动建设。','4000','7月底完成三标段26亩厂房建设；8月底完成二标段170亩厂房建设；9月底完成一标段240亩厂房建设。','5000','职工宿舍、食堂等配套设施建设，预计2019年3月完成。','3000'),(13,'胡家工业园','占地60亩的十堰坤钰渝明汽车零部件有限公司投资建设整体项目在年度内进行办公楼、厂房车间建设及装修和外网铺设','办公楼主体结构建造及装修、1#2#车间主体结构建造','4000','主体结构装修及外网铺设至全体完工','5000','开始生产','——','开始生产','——'),(14,'何家沟工业园','建设汽车机器人、冲焊自动化生产基地。','规划设计及场地平整','1000','启动厂房建设','2000','建设生产线','2000','完善相关设施','1000'),(15,'何家沟工业园','新建厂房、办公楼、智能控制生产设备，打造智能化控制的绿色环保花园式工厂。','地质坚硬需破碎外运土石方约11万方','1100','场地平整及坚硬物破碎，场地硬化及生产设备入场，封闭式料仓建设。','1800','办公楼、宿舍楼主体竣工，生产设备安装完毕，主机楼封闭式建设','3400','办公楼、宿舍楼整体装修完毕，厂区绿化建设，投产前准备及试机投产。','700'),(16,'北京路','项目前期、环保运营控制基地主体土建部分和包括远程运营控制中心、远程技术会诊中心设备部分及除值班宿舍外部分附属设施','进行项目可研报告的编制和项目选址,目前拟选址在东城开发区胡家工业园','','','','','','',''),(17,'东城开发区','在华昌达公司利用其厂房屋顶建设2MW分布式光伏电站、厂区内储能电站；在冠达公司利用其厂房楼顶建设4MW屋顶分布式光伏电站、厂区内储能发电站。','分别与两家公司签订协议，做好各级发改委（局）的备案工作，积极协调国家电网开展相关扩容改造投资工作。','0','启动华昌达公司2MW屋顶分布式光伏发电站建设项目。','1100','完成华昌达公司2MW屋顶分布式光伏发电站建设项目；启动冠达公司4MW光伏发电站建设项目。','1700','完成冠达公司4MW光伏发电站建设项目。','2200'),(18,'普林三期','完成4层厂房的建设，消失模铸造全套设备的购进、安装、调试，消失模铸造的试生产到批量生产','做好环评、图纸设计、地勘、招标、施工单位进场，完成厂房基础施工，签订消失模设备采购合同并支付定金','800','完成厂房的建设，白区设备和黄区设备进厂安装、调试并试生产，黑区设备进厂安装调试','2000','厂房整体验收，黑区设备安装、调试并试生产，配套设备及辅助设备的安装、调试，并全面进行试生产','900','试生产到小批量生产','300'),(19,'许白路','设备更新和技术改造','制定生产线优化改造方案','15','初步实施生产线优化改造方案','200','批量购进生产设备','1300','设备更新和技术改造阶段性完工','985'),(20,'东城开发区西坪村','乘用车生产线建设、商用车生产线建设、热处理生产线建设','1、数控倒角机已签订待发货，2、电动螺旋压力机合同已签订待发货，3、数控车合同已签订待发货，4、高速圆盘锯;其他设备合同待签订及制造过程中。','1600','计划采购数控辗环机、插齿机、喷砂机、数控车等设备。','1500','预计等温正火线、抛丸机、自动化上下料机构、数控滚齿机、等设备','1500','预计数控磨床、双端面磨、四柱油压机、抛丸机等设备','400'),(21,'普林工业园','注塑设备及冰箱部分模具投入','购进320T尹之密注塑机一台','50','隔板，连接栓小塑料件模具','2000','冰箱内胆型腔模具','2000','冰箱其他附件模具','950'),(22,'普林工业园一期','新建车架总成生产线两条，焊接车架生产线一条，超强钢板开平生产线一条；新建数控剪切加工中心，新购大型平面数控冲压设备一台、12米折弯机一台、等离子切割设备二台、钻床十台等，对公司现有车架装配生产线进行改造，提升生产自动化水平。','建设超强钢板开平生产线一条','500','新建车架总成生产线两条，焊接车架生产线一条。','1500','新建数控剪切加工中心，新购大型平面数控冲压设备一台、12米折弯机一台。','1500','购置并安装使用等离子切割设备二台、钻床十台。','1500'),(23,'东风大道23号','完成产品全部模具开发、设备采购、并制造样机进入田间实验；完成产品展示中心和焊接车间建设','完成建设规划许可证办理','200','完成模具工装开发协议签订；产品展示中心动工建设','1500','核心零部件的工装模具到位，开始脱粒总成主要部品的开发；焊接车间开始动工建设。','1700','完成脱粒总成新品样机试制和田间实验；产品展示中心建设完成，焊接车间框架封顶。','1600'),(24,'何家沟工业园','场地平整及建筑开挖，完成办公楼及车间主体建设和装修，设备安装及调试。','场平建设及基础开挖','1400','办公楼及车间主体建设','2200','办公楼、仓库内外装修及厂房设备安装调试','1200','办公用品及生产、运输设备的购置','200'),(25,'驼鞍沟片区','','拟征地200亩，目前正在与拟引进企业进行合作洽谈。','','积极对接合作事宜，力促与洽谈企业早日签约。','','','','',''),(26,'和谐园区','双鸥公司与锦恒协商安全气囊项目分产品供应商、技术研发、合作生产三个阶段。2018年度目标为双鸥公司成为锦恒公司的货品供应商。','双方签订供应商合作协议，完成项目初步阶段。','100','双方人员互访，就产品质量、供货量达成一致协议，签订正式合同。双鸥公司针对新产品进行相关技术改造。','5000','正式合作开始，双鸥公司正式成为锦恒的供货商，双方开始就安全气囊进行技术合作。','5000','技术研发到一定阶段，双鸥与锦恒负责人就项目落地展开协商。争取项目正式落地。','4900'),(27,'','','2018年1月25日，驻外招商深圳组拜访了项目牵头单位深圳彩歌科技有限公司，目前彩歌科技公司与合作企业就项目建设方案进行规划论证。','','以精密新能源汽车动力总成项目为契机，引进湖北绿驰精密电驱动系统有限公司，目前正在积极进行对接洽谈，争取项目早日签约。','','','','',''),(28,'胡家工业园','完成厂房及配套建设','完成立项；\n进行施工、环评、地勘等单位的招投标工作;','500','完成规划设计；\n启动厂房建设；','5000','办理的相关资料手续；完成厂房建设；推进办公楼等配套设施的建设；','5000','办公楼等配套施工建设完成；投产生产；','4500'),(29,'驼鞍沟片区','主要引进德国进口七轴三维坐标、软件程序及高分子精加工智能等设备，建设智能制造中心，项目投产后，3年内实现销售收入6.5亿元。','目前在老三环工业园进行老车间、办公楼装修，目前暂无落户东城开发区意向。已提交区项目办，建议变更责任单位。','','','','','','',''),(30,'胡家工业园','办理好规划及招投标手续，完成厂房建设，产品进行研发投入','1、办理厂房建设招投标手续                     2、产品进行研发投入','300','1、完成设计、报规手续，进入厂房建设阶段','700','完成厂房建设并交付使用','3000','完成设备购置，产品进行投入生产','6000'),(31,'','办好相关手续，进行厂房建设，设备购置等','1、将规划手续提交市规委会             2、向市规划局申请办理土地变更手续（其中5.3亩变更土 地性质，24.3亩要进行征收）                   3、规划手续通过后待区政府审核并签订投资协议','100','征好土地，场地平整等','2000','厂房建设，设备购置等','5000','各类设施建设，设备安装等','900'),(32,'何家沟工业园','在何家沟工业园征地15亩，投资6000万元（其中固定资产投资4000万元，流动资金2000万元），建成年产矿粉40万吨的矿渣微粉制造厂，该项目预计建设期10个月，投产后第一年可生产32万吨矿粉，第二年可生产40万吨矿粉，可实现年上缴税收800余万元，带动就业60人。','3月 临时建筑、场平','100','4-6月 设备基础、厂房建设、水电安装','1200','7-9月 设备安装、办公楼建设、厂区绿化、道路建设','2500','10-12月 设备调试、人员岗前培训','200'),(33,'','','2018年1月12日，多弗控股集团董事长胡兴荣率考察团一行来到茅箭区考察了华昌达和中正汽车股份有限公司，双方关于紫薇岛项目收购达成初步意向。','','积极对接合作事宜，争取项目早日签约。','10000','','','',''),(34,'驼鞍沟片区','深圳贝特瑞新能源材料股份有限公司拟在驼鞍沟片区投资建设磷酸铁锂正极材料项目，项目一期为产量3万吨、产值约30亿元，一期投产后逐步扩能至产量6万吨、产值约60亿元。','深圳贝特瑞公司投资尚未确定，至今没有签订正式投资协议。待协议签署之后再按季度确定投资计划。','','','','','','',''),(35,'','','目前公司正在制定产品升级改造方案。','','积极对接合作事宜，争取项目早日签约。','','','','',''),(36,'','','2017年下半年区招商小分队已赴德清考察对接2次，目前项目还在进一步对接跟踪。','','积极对接合作事宜，争取项目早日签约。','','','','',''),(37,'','','2018年1月中旬，区招商小分队赴上海闵行区考察，目前项目正在进一步对接。','','积极对接合作事宜，争取项目早日签约。','','','','',''),(38,'','','近期正和公司以专题报告形式向区政府汇报项目进展，目前正在进行项目规划论证。','','积极对接合作事宜，争取项目早日签约。','500','','','',''),(39,'','','目前正在与拟引进企业进行合作洽谈。','','积极对接合作事宜，争取项目早日签约。','','','','',''),(40,'','','2017年12月底，顺意汽车零部件有限公司总经理罗永健一行赴茅箭区考察胡家工业园、何家沟工业园，对接了汽车零部件生产项目。目前项目还在进一步对接洽谈。','','积极对接合作事宜，争取项目早日签约。','','','','',''),(41,'','','2018年元月，茅箭区委常委、常务副区长顾衍波带领招商小分队赴武汉进行项目对接。','','积极对接合作事宜，争取项目早日签约。','','','','',''),(42,'','','目前正在进行前期对接。','','积极对接合作事宜，争取项目早日签约。','','','','',''),(43,'北京路立交桥东北片区','','正在办理相关手续、规划设计图、完成剩余拆迁工作','200','进入挖土施工阶段','30','进入施工阶段的建设','19800','根据规划设计要求全面组织施工','13000'),(44,'上海路北侧','进行报建工作和范围内的征收补偿工作，并于2018年初开工建设，完成部分楼栋封顶砌体工程','部分装机完工，部分土方开挖','50000','部分楼栋达到10层','50000','部分楼栋结构封顶','50000','部分楼栋砌体完工','50000'),(45,'','','双方经过前期对接，目前还在进一步洽谈，对接项目协议事宜。','','积极促成项目签约。','10000','','','',''),(46,'驼鞍沟片区','1.仓储物流园计划建设5栋仓储，建筑规模4.6万方。 2.完成275亩商业用地摘牌工作','1. 完成1#、2#常温库土地摘牌及建设','6000','1.完成3.4.5#仓库地基基础处理工作。                              2. 完成275亩工业仓储物流用地的摘牌工作。','12600','1.完成完成3.4.5#仓库建设工作。','6400','1. 完成275亩商业用地摘牌工作。2. 其它现场年度收尾工作。','3000'),(47,'火车站北广场','实现商业和住宅部分楼盘封顶开盘','3月6日正式开工，进行一标段商业部分建设','8000','实现商业2号楼、4号楼封顶开盘','7000','实现商业5号楼封顶开盘及住宅4号楼、5号楼封顶开盘','5000','实现商业1号楼开盘及住宅3号楼开盘','5000'),(48,'驼鞍沟片区','在驼鞍沟片区征地200亩，建设新合作仓储物流交易中心项目；另征地60亩，建设新合作总部大楼和行政中心。','正在办理土地调规手续','1000','规划设计，建设新合作仓储物流交易中心。','10000','继续建设新合作仓储物流交易中心，启动新合作总部大楼和行政中心。','8000','继续建设新合作总部大楼和行政中心','1000'),(49,'朝阳路与公园路交汇处','','正在办理消防等相关证件及施工筹备阶段','30','进入施工阶段','450','进入施工阶段及主体建设','2100','完成购物中心的主体建设及周边基础设施及招商','1800'),(50,'东环路','位于东环路东风商用车有限公司交付中心对面，十堰群利物流工业园有限公司投资，占地110亩，建设以办公、商业、车间、仓储为一体的综合性全方位立体式的现代工业园。主要围绕东风商用车有限公司提供相关的配套服务，项目涵盖东风商用车物流管理基地、东风商用车4S旗舰店、东风商用车差异化物流管理基地、东风配件物流仓储配送中心、东风汽车公司（十堰）生产物流基地等五大板块。项目建成后，预计可实现年产值5亿元，创利税2100万元。','完成强夯及基础开挖','1500','建2万平米物流仓库','5000','建物流综合服务用房2万平米','12000','完成园区道路绿化','1500'),(51,'人民中路','寻找合适厂房，将日报社印刷厂迁出，待厂房迁出后，着手室内装修设计方案，进行装修改造','寻找合适厂房，将日报社印刷厂搬出；着手制作室内装修设计方案。','','寻找合适厂房，将日报社印刷厂搬出；着手制作室内装修设计方案。','','待印刷厂迁出后进行装修改造','','待印刷厂迁出后进行装修改造',''),(52,'天津路','','正在选址中，与\"滴滴\"等项目洽谈中','50','项目正在洽谈，暂时无法确定计划','','项目正在洽谈，暂时无法确定计划','','项目正在洽谈，暂时无法确定计划',''),(53,'胡家村','招商引资，建设智能制造产业园、新能源电动汽车产业园、汽车主题公园、汽车展会中心、节能环保产业园、国家级康养示范基地等。','当前正在筹备中，下一步进行招商引资，待招商引资确定之后再按季度确定投资计划。','','','','','','',''),(54,'','','2017年8月中旬，区领导带队赴重庆开展小分队招商活动，实地考察了猪八戒网重庆总部。2017年8月底，重庆猪八戒网经理姚斌、向东、崔广一行赴我区考察了积家广场及天津路创客空间，对接了项目落地事宜。目前项目还在进一步对接洽谈。','','积极对接合作事宜，争取项目早日签约。','2000','','','',''),(55,'','','2017年8月，区领导带队赴北京开展对口协作工作，对接了京东农特产品物流园项目。目前正在积极对接洽谈合作事宜。','','积极对接合作事宜，争取项目早日签约。','3000','','','',''),(56,'','完成调水工程的项目建议书和相关手续的审批；景观带的前期招标工程及棚户区改造和管线污水处理工程','由市水利局完成调水工程的项目建议书；向市政府汇报景观改造的初步改造方案；由市房管局完成百二河沿线棚户区改造实施方案，报市政府审定。','100','由市水利局向市委市政府汇报调水工程项目建议书，争取相关部门的审批。启动景观改造工程设计等前期工作招标。由市房管局牵头，组织实施棚改拆迁工作。启动污水处理工程工程施工招标工作.','500','由市水利局完成调水工程的可研专题报告。组织实施景观带改造工程。实施棚改拆迁工作。启动管线污水处理施工。','5000','由市水利局向市委市政府汇报可研报告，争取相关部门审批，并在1个月内完成各专题报告。组织实施景观带改造工程。实施棚改拆迁工作。启动管线污水处理施工。','4400'),(57,'','实现规划上报审批工作，启动市政道路及商贸物流园的PPP咨询，对道路及辰泓周边的棚户区及旧城进行征迁。','规划编制，可研招标准备，辖区部分棚户区及旧城启动前期调查摸底工作。','500','规划成册并上报市政府审查批准，完成市政道路及商贸物流园的可研编制，启动市政道路PPP咨询。','500','市政道路采购社会资本方，启动商贸物流园的PPP咨询，道路及辰泓市场周边棚户区、旧城进行拆迁','5000','商贸物流园采购社会资本方','4000'),(58,'','一期拿到房源，安置拆迁户。协调推进二期房屋建设。','二期：独立商业及A1区8幢主体结构施工。拆迁：完成安置区二期6家企业厂房拆迁。','19200','二期：独立商业完工，A1区8幢主体结构及A2区7幢商住施工基础部分。拆迁：完成二期20户个人房屋拆迁。','84200','二期：A1区8幢主体结构完工进入装饰阶段及A2区7幢商住施工主体部分。','19800','二期：A1区8幢主体结构完工进入装饰阶段，A2区7幢商住施工主体部分，C1区6幢主体机构施工。','28085.7'),(59,'','土石方完成80%，填方50%，桥梁下部65%，T梁架设20%','胡家村、鸳鸯村清表，路基试验段及土石方施工完成3%','1600','桥梁下部施工、梁场区土石方开挖15%，桥梁下构完成15%','17000','梁场建设、预制T梁、土石方施工35%，桥梁下构完成30%','27000','下梁预制完成30%，坑基、墩台完成25%、土石方完成27%','22000'),(60,'','完成总工程量的30%','林地、菜地征收补偿；房屋征收实物调查，选取弃土区、开工点。','5000','房屋征收、初步启动3个开工点，弃土区建设。','15000','房屋征收、全面启动道路建设','15000','全力推进道路建设','15000'),(61,'','安装工程、装饰工程、停车场及相关配套、水、电、路、通讯、供暖、路灯、绿化、广场铺装、广场对外交通联系等设施','二期基础土石方、基础工程，一期广场回填、墙面石材干挂；安装工程','2000','二期主体框架，一期广场回填、石材铺装墙面石材干挂、地面石材铺装；安装工程','11000','二期砌体及装修、广场回填，一期广场工程、室内、外精装；安装工程','9000','二期精装及广场施工，一期精装；安装工程；路灯、绿化等','4000'),(62,'','亮化许白路沿线环境、整体土地2000余亩','1、协调市、区尽快拨付拆迁许白路项目补偿资金3000万元，目前已拨付到位1000万元。\n2、督促尽快落实2017年许白路项目群众拆迁过渡费打款','1000','1、加快许家棚最后五栋房屋的拆迁谈判工作，对已经签订协议的督促打款、拆除。\n2、完成胡家安置区涉及的十余栋房屋的拆迁工作。','5000','对许白路沿线四个村开展地类划分统计，最终确定涉迁四个村的“两项补偿”费用','5000','核算拆迁过渡费、劳动力安置费和土地补偿费，积极争取资金投入，确保年底将各项费用发放至拆迁群众。','9000'),(63,'','完成总工程量的30%','林地、菜地征收补偿；房屋征收实物调查，选取弃土区、开工点。','5000','房屋征收、初步启动2个开工点，弃土区建设。','15000','房屋征收、全面启动道路建设','15000','全力推进道路建设','15000'),(64,'','8.6公里道路建设','工程：路基处理及管沟恢复。拆迁：完成南出口凤凰路至屠宰场间坟墓拆迁。','820','工程：稳定层及路面、道牙、人行道铺设，道路绿化。完成屠宰场至华神公司间坟墓拆迁，完成南出口至26户个人拆迁工作。完成货币安置资金兑付。','5520','稳定层及路面、道牙、人行道铺设，培植绿化，路灯工程','3880','路面、绿化、路灯收尾及验收','1280'),(65,'','完成总工程量的30%','林地、菜地征收补偿；房屋征收实物调查，选取弃土区、开工点。','3000','房屋征收、初步启动2个开工点，弃土区建设。','5000','房屋征收、全面启动道路建设','8000','全力推进道路建设','9000'),(66,'','完成总工程量的30%','林地、菜地征收补偿；房屋征收实物调查，选取弃土区、开工点。','3000','房屋征收、初步启动2个开工点，弃土区建设。','5000','房屋征收、全面启动道路建设','8000','全力推进道路建设','9000'),(67,'','','办理前期要件','','办理前期要件','','办理前期要件、招投标','','进行征迁协调，进场施工','5000'),(68,'','岩坪路、锅厂路完工，茅官路、五卡路、S446大黄路全面开工。','岩坪路完成路基工程30%，锅厂路进场施工。','1000','岩坪路完成路基工程50%，锅厂路完成路基工程30%。','3000','岩坪路完成路基工程，锅厂路完成路基工程80%。茅官路开工，S446大黄路开工，五卡路开工。','3000','岩坪路完成路面工程30%，锅厂路完工。茅官路、S446大黄路、五卡路完成总体进度5%。','5000'),(69,'','规划占地90余亩，建筑面积15万平方米，建设安置房1500余套','申报许白路安置区建设方案，成立安置区建设指挥部，开展前期准备工作，积极向市、区两级政府申请资金投入。','0','1、报发改部门审批立项，报规划部门确定安置区建设选址，并上报市规委会过会。\n2、根据目前安置区初步选址，做好胡家片区十余栋房屋拆迁工作和鸳鸯片区山头整理工作。','5000','办理土地相关手续，办理规划许可手续','2000','确定最终安置区设计方案，开展建设施工单位招投标，确定施工单位后紧张施工','13000'),(70,'','完成主体工程3万平米','规划审批','4000','基础、报建','4000','基础施工','4000','主体建设','4000'),(71,'','总建筑面积15万平方米。配套建设小区内基础设施。','土地拍卖7400万元，前期手续办理约80万元。','7480','基础开挖，建基础梁。','520','建基础梁和地下室','1000','主体建设20%。','1000'),(72,'','茅箭段项目建设主体完工','曹家一号隧道贯通百分之80','3000','曹家一号隧道贯通','3000','茅箭段轨道铺设完工','3000','主体完工','3000'),(73,'','完成过街人行天桥的建设任务及车行立交桥的部分施工','文化广场天桥、居然之家已投入使用，邮电街口人行天桥开挖','900','完成邮电街口人行天桥建设任务，启动上海路、重庆路、北京路车行立交桥建设。','5100','继续建设上海路、重庆路、北京路车行立交桥，论证、确定湖北职业技术学院地下人行通道的选址','5000','完成上海路、重庆路、北京路车行立交桥的主体设施，启动湖北职业技术学院地下通道建设.','6000'),(74,'','启动、加快推进管廊建设任务。','管廊为道路建设配套设施，与道路建设同步进行，完成施工图设计等前期手续办理。','1000','根据道路拆迁进展，启动管廊建设任务.','2000','推进管廊建设任务。','4000','推进管廊建设任务。','5000'),(75,'','土建及设备安装','项目招标','300','临建搭设及土方开挖','4000','主体建设及设备安装','10000','设备安装，调试','214'),(76,'','完成道路综合改造任务。','启动重庆路、浙江路、北京路综合改造任务。','3500','计划完成重庆路、浙江路、北京路改造任务。','5000','启动天津路综合改造任务。','2000','完成天津路综合改造任务。','1500'),(77,'','完成部分道路建设任务。','与市相关部门对接，确定建设任务。','','规划论证，待论证后启动项目招标工作。','1000','完成项目招投标工作，确定施工单位后启动项目建设。','3000','完成部分道路建设任务。','4000'),(78,'','全部完工','明确工作任务','','方案设计、招标、施工','2400','施工','2400','施工','2400'),(79,'','土地平整，建筑四层框架。','铁塔移除工程、水、电接入报装，林木青苗补偿、土地补偿、土石方工程前期准备工作，','1300','挖运土石方，平整场地。','3400','地勘、孔桩，一层建筑框架浇筑','1500','二层建筑框架浇筑、一层二次结构，三层建筑框架浇筑、二层二次结构，四层建筑框架浇筑、三层二次结构。','1800'),(80,'','涉及三个片区。天津路片区位于天津路徐家沟村、西坪村片区位于东城开发区银杏小区、鸳鸯村片区位于东城开发区梅子小区，修建利民便民休闲场所、医疗卫生服务中心、物业用房等，铺设道路，修建地下管网，增加小区绿化面积等。徐家沟综合便民服务中心位于徐家沟村民安小区，项目总占地面积1200平方米，建筑面积4600平方米，主要建设内容包括农贸市场、党员群众活动中心、医疗服务中心等。','编制项目意见书等项目申报材料，组织项目申报、立项工作，过招投标找代理公司以及筹备相关工作。','200','由代理公司进行招投标找规划设计单位和施工单位。完善规划设计，组织施工单位进场施工。根据规划设计要求及投标书要求全面组织施工。','2400','根据规划设计要求及投标书要求全面组织施工','6000','根据规划设计要求及投标书要求全面组织施工，完善相关设施。','4000'),(81,'','全部完工','方案设计','','招标、施工','316.5','施工','316.5','验收','316.5'),(82,'','铺设管网20公里，排放标准地表Ⅳ类水质，主要处理东部工业园区工业废水和部分生活污水。','选址并开始EPC招标','20','5月份完成设计','80','开工建设','1000','完成50%建设','1300'),(83,'胡家村','鸳鸯学校：1、完成前期建设手续。2、完成主体建设。天津第二小学：1、完成前期建设手续。2、完成一至三层主体框架建设，一、二层二次结构。','鸳鸯学校：办理前期建设手续。天津第二小学：天津第二小学：土地预审，规划和建筑方案设计、报批。','300','鸳鸯学校：预算编制、审定拦标价，施工单位、监理单位招标，土石方开挖，基础施工。天津第二小学：征地手续，施工图设计，地质勘查，图纸审查，编制预算。','1600','鸳鸯学校：基础施工，一至四层框架浇筑，一至三层二次结构。天津第二小学：审定拦标价，施工单位、监理单位招标，土石方开挖，基础施工，孔桩开挖。','4500','鸳鸯学校：五层框架浇筑，四、五层二次结构；水磨石地坪施工；门窗、水电消防设施安装。天津第二小学：基础施工；一至三层框架浇筑；一至二层二次结构。','3600'),(84,'','完成生态河道治理、漫谷绿道、坪子古街、旅游服务中心、生态停车场、绿心童乡建设','办理规划审批和用地批次审批','','施工图纸设计和图纸审查，用地审批','','启动生态河道治理、漫谷绿道、坪子古街、旅游服务中心、生态停车场、绿心童乡','10000','推进生态河道治理、漫谷绿道、坪子古街、旅游服务中心、生态停车场、绿心童乡','10000'),(85,'小川、营子村','1、修建性详规编制；2、完成环保、国土、规划、林业等报批手续所需相关材料；3、原有设施（游客中心、赛武当宾馆、登山游步道）的维护；4、景区正常运营。','完成云龙谷项目控规；赛武当宾馆、游客服务中心、民宿改造方案；泰山观改造、小川王家院搬迁、登山步道修复方案；地形图测量。','1000','修建性详规编制，完成环保、国土、规划、林业等报批手续所需相关材料；完成原游客服务中心改造','4000','赛武当宾馆改造，登山游步道修复','5000','赛武当宾馆改造，正常运营；登山游步道修复，10月1日景区正常运营','5000'),(86,'马家河村','完成一期整体工程建设，花展运营；开展旅游文创；温室建设，停车楼建设，植物（花卉）栽植，百果园土地治理；继续进行景观建设；推进康养小镇道路等基础设施建设。','停车楼场地平整；植物（花卉）栽植；一期整体完善工程；完成开园筹备工作并开园迎客。','2500','一期花展运营，旅游文创，征地手续等。','2000','温室建设，一期植物（花卉）栽植，景观建设。','2500','景观建设，百果园土地治理，康养小镇道路等基础设施建设。','2000'),(87,'','完成大棚温室建设','可行性研究报告以及方案图纸审计评估、项目招投标工作，地面填土整平，原有可直接施工区域展览温室材料开始进场并进行基础浇筑以及骨架安装工作','1400','园区内土建以及配套房设施施工，温室设备安装调试 蝴蝶兰生产温室以及展览温室优先施工','1800','游客中心及办公室等相关配套房安装  温室及相关设备安装、调试，园区主道路施工完成，预埋管线及排水沟施工、人员培训','1300','温室剩余部分施工（包含四周围栏、绿化、告示牌、监控以及广场大门）','795.86'),(88,'茅塔乡、赛管局','初设方案通过省厅审查批复，完成招标程序确定施工及监理单位，主体工程开工建设并完成年度投资计划','初设方案编制及区政府初审，上报省厅待审查。','0','初设方案通过省厅审查、修改、批复。批复方案报区政府确定拦标价。','0','通过公开招投标确定施工单位及监理单位。做好开工前的准备工作，例如实物调查，三通一平等。','150','主体工程正式开工建设，至12月底完成总工程量的45％，并完成省厅下达的年度投资计划。','2850'),(89,'十堰市茅箭区马赛路、五茅路、茅大路沿线','完成马赛路、五茅路、茅大路的绿化、房屋改造、自行车道、旅游公厕、公交站廊等配套设施建议。','1、完成五茅路、马赛路主要节点的绿化。\n2、马赛路沿线自行车道完成60%。\n3、完成王家村已签订改造承诺书农户的房屋外型70%的改造任务。\n4、完成马家河村已签订改造承诺书农户的70%的改造任务。                5、重点户内部装修完成50% 。','800','1、五茅路、马赛路绿化完成80%。\n2、马赛路沿线自行车道完成80%\n3、完成王家村已签订改造承诺书农户的房屋外型90%的改造任务。\n4、完成马家河村已签订改造承诺书农户的90%的改造任务。 \n5、重点户内部装修完成80%              6、茅大路启动绿化。','1800','1、完成五茅路、马赛路绿化任务。\n2、完成马赛路自行车道。               3、完成沿线房屋外型改造任务。         4、完成重点户的内部装修。','400','',''),(90,'','主体工程开工建设并完成年度投资计划','方案编制及审查修改。报区政府确定拦价，并进行招标。','0','招投标确定施工、监理单位。完成施工前期准备工作。','300','主体工程正式开工建设。','820','继续施工，至年底完成全部建设内容。','1040'),(91,'马家河武当路街办段','马家河武当路街办段河道综合治理工程河道整治和河道绿化全部完工；完成沿线13户房屋改造。','项目建设：新建三级景观拦河堰、主河槽景石摆放、挡墙护砌、污水管网转移等。\n\n沿线整治：盛康路景观改造房屋二栋，相关房屋设计定稿；对路边临时建筑进行入户调查；组织第三方进行评估。','240','项目建设：河道清淤疏浚、岸坡护砌、岸上景观绿化及配套基础设施等、沿线环境整治。\n\n沿线整治：启动房屋改造，组织施工。','710','项目建设：岸上景观绿化及配套基础设施等。\n\n沿线整治：完成沿线13户房屋改造。','1050','岸上景观部分土建收尾、苗木进场栽植及收尾工作。','600'),(92,'','','','','','','','','',''),(93,'茅箭区','全部竣工','完成分乡镇完成调查摸底，完成实施方案','','完成可研编制、规划选址和施工图设计、招投标','','进行施工建设','','施工建设收尾，竣工验收',''),(94,'茅塔乡、武当街办、赛管局、城区主干道沿线及工业园区','对茅塔乡、武当街办、赛管局、城区主干道沿线及工业园区进行裸露山体治理，总面积32万平米。','完成生态修复治理10万平米','900','完成生态修复治理10万平米','900','完成生态修复治理共10万平米','800','全部完成生态修复治理共2万平米','400'),(95,'','全部竣工','办理招投标手续','','基础建设及光伏面板安装','1100','并网发电','','',''),(96,'','茅箭区2018年水土保持项目，分别实施茅塔河生态清洁型小流域、马家河生态清洁型小流域和大川小流域综合治理项目区。项目共治理水土流失面积26.19平方公里，其中综合治理1.28平方公里，生态修复24.91平方公里，实施农村污水收集5处，农村垃圾处理设施2处，沟道整治7.2公里。','方案编制，上报审查、修改完善及批复。','0','报区政府确定拦标价,并进行招标，招投标确定施工、监理单位。完成施工前期准备工作。主体工程正式开工建设。','450','完成总工程量的50％','600','主体工程完工，完成省厅下达的年度投资计划。','450'),(97,'','项目可研、实施方案通过审查批复，完成项目招投标，启动工程施工。','完成项目可研、实施方案编制工作','50','项目实施方案通过审查批复','20','完成项目招投标','900','启动工程施工','900'),(98,'','开展浪溪村至卡子村环境卫生整治、绿化亮化工作，开展厕所革命。','1.调查摸底需改造和新建厕所情况，以及片区环境整治、绿化亮化工作情况。\n2.完成选址、设计等工作。','','启动厕所革命和片区环境整治、绿化亮化工作。','1500','实施厕所革命和片区环境整治、绿化亮化工作。','1500','',''),(99,'','完成对原施工单位工程量的审计；恢复景区接待中心经营工作；招商引资，盘活资源。','对原施工单位工程量开展审计；恢复景区接待中心经营工作；开展景区环境治理工作\n；维修排查工作；招商引资，盘活资源。','','完成所有审计、监理资料的收集汇总工作；招商引资，盘活资源。','','招商引资，盘活资源。','','招商引资，盘活资源。','20000'),(100,'','完成171户2.2万㎡的拆迁任务，收回3.2亩公路段、湖北医药学院5.2亩土地，完成供电所搬迁任务。','','','待棚改项目得到省住建厅批复后启动拆迁。','0','实施拆迁安置工作，建设安置房，完善河道、停车场等基础设施配套建设。','10000','','');
/*!40000 ALTER TABLE `path` ENABLE KEYS */;
UNLOCK TABLES;

--
-- Table structure for table `pproc`
--

DROP TABLE IF EXISTS `pproc`;
/*!40101 SET @saved_cs_client     = @@character_set_client */;
/*!40101 SET character_set_client = utf8 */;
CREATE TABLE `pproc` (
  `pid` int(11) NOT NULL AUTO_INCREMENT,
  `a-1` int(11) NOT NULL DEFAULT '0',
  `a-2` int(11) NOT NULL DEFAULT '0',
  `a-3` int(11) NOT NULL DEFAULT '0',
  `b-1` int(11) NOT NULL DEFAULT '0',
  `c-1` int(11) NOT NULL DEFAULT '0',
  `c-2` int(11) NOT NULL DEFAULT '0',
  `c-3` int(11) NOT NULL DEFAULT '0',
  `c-4` int(11) NOT NULL DEFAULT '0',
  `c-5` int(11) NOT NULL DEFAULT '0',
  `d-1` int(11) NOT NULL DEFAULT '0',
  `d-2` int(11) NOT NULL DEFAULT '0',
  `d-3` int(11) NOT NULL DEFAULT '0',
  `d-4` int(11) NOT NULL DEFAULT '0',
  `d-5` int(11) NOT NULL DEFAULT '0',
  `d-6` int(11) NOT NULL DEFAULT '0',
  `d-7` int(11) NOT NULL DEFAULT '0',
  `d-8` int(11) NOT NULL DEFAULT '0',
  `d-9` int(11) NOT NULL DEFAULT '0',
  `e-1` int(11) NOT NULL DEFAULT '0',
  `e-2` int(11) NOT NULL DEFAULT '0',
  `e-3` int(11) NOT NULL DEFAULT '0',
  `e-4` int(11) NOT NULL DEFAULT '0',
  `f-1` int(11) NOT NULL DEFAULT '0',
  `f-2` int(11) NOT NULL DEFAULT '0',
  `f-3` int(11) NOT NULL DEFAULT '0',
  `f-4` int(11) NOT NULL DEFAULT '0',
  `f-5` int(11) NOT NULL DEFAULT '0',
  `f-6` int(11) NOT NULL DEFAULT '0',
  `f-7` int(11) NOT NULL DEFAULT '0',
  `f-8` int(11) NOT NULL DEFAULT '0',
  `g-1` int(11) NOT NULL DEFAULT '0',
  PRIMARY KEY (`pid`)
) ENGINE=InnoDB AUTO_INCREMENT=101 DEFAULT CHARSET=utf8;
/*!40101 SET character_set_client = @saved_cs_client */;

--
-- Dumping data for table `pproc`
--

LOCK TABLES `pproc` WRITE;
/*!40000 ALTER TABLE `pproc` DISABLE KEYS */;
INSERT INTO `pproc` VALUES (1,2,3,1,0,1,1,0,0,0,0,3,3,3,3,3,3,3,3,3,2,1,2,1,1,2,0,0,0,0,0,0),(2,0,0,0,0,0,0,0,0,0,0,0,0,0,0,0,0,0,0,0,0,0,0,0,0,0,0,0,0,0,0,0),(3,0,0,3,0,0,0,0,0,3,0,0,0,0,0,0,0,0,0,0,0,0,0,0,0,0,0,0,0,0,0,0),(4,0,0,0,0,0,0,0,0,0,0,0,0,0,0,0,0,0,0,0,0,0,0,0,0,0,0,0,0,0,0,0),(5,0,2,0,1,0,0,0,0,0,0,0,2,0,0,0,0,0,0,0,0,0,0,0,0,0,0,0,0,0,0,0),(6,0,0,0,0,0,0,0,0,0,0,0,0,0,0,0,0,0,0,0,0,0,0,0,0,0,0,0,0,0,0,0),(7,0,0,0,0,0,0,0,0,0,0,0,0,0,0,0,0,0,0,0,0,0,0,0,0,0,0,0,0,0,0,0),(8,0,0,0,0,0,0,0,0,0,0,0,0,0,0,0,0,0,0,0,0,0,0,0,0,0,0,0,0,0,0,0),(9,0,0,0,0,0,0,0,0,0,0,0,0,0,0,0,0,0,0,0,0,0,0,0,0,0,0,0,0,0,0,0),(10,3,3,3,3,3,3,3,3,3,0,2,0,0,0,0,0,0,0,0,0,0,0,0,0,0,0,0,0,0,0,0),(11,3,0,0,0,0,0,0,0,0,0,0,0,0,0,0,0,0,0,0,0,0,0,0,0,0,0,0,0,0,0,0),(12,0,0,0,0,0,0,0,0,0,0,0,0,0,0,0,0,0,0,0,0,0,0,0,0,0,0,0,0,0,0,0),(13,0,0,0,0,0,0,0,0,0,0,0,0,0,0,0,0,0,0,0,0,0,0,0,0,0,0,0,0,0,0,0),(14,0,0,0,2,0,0,0,0,0,0,0,0,0,0,0,0,0,0,0,0,0,0,0,0,0,0,0,0,0,0,0),(15,3,0,0,0,0,0,0,0,0,0,0,0,0,0,0,0,0,0,0,0,0,0,0,0,0,0,0,0,0,0,0),(16,0,0,0,0,0,0,0,0,0,0,0,0,0,0,0,0,0,0,0,0,0,0,0,0,0,0,0,0,0,0,0),(17,2,0,0,0,0,0,0,0,0,0,0,0,0,0,0,0,0,0,0,0,0,0,0,0,0,0,0,0,0,0,0),(18,0,0,0,0,0,0,0,0,0,0,0,0,0,0,0,0,0,0,0,0,0,0,0,0,0,0,0,0,0,0,0),(19,0,0,0,0,0,0,0,0,0,0,0,0,0,0,0,0,0,0,0,0,0,0,0,0,0,0,0,0,0,0,0),(20,0,0,0,0,0,0,0,0,0,0,0,0,0,0,0,0,0,0,0,0,0,0,0,0,0,0,0,0,0,0,0),(21,0,0,0,0,0,0,0,0,0,0,0,0,0,0,0,0,0,0,0,0,0,0,0,0,0,0,0,0,0,0,0),(22,0,0,3,0,0,0,0,0,0,0,0,0,0,0,0,0,0,0,0,0,0,0,0,0,0,0,0,0,0,0,0),(23,0,0,0,0,0,0,0,0,0,0,0,0,0,0,0,0,0,0,0,0,0,0,0,0,0,0,0,0,0,0,0),(24,0,0,0,0,0,0,0,0,0,0,0,0,0,0,0,0,0,0,0,0,0,0,0,0,0,0,0,0,0,0,0),(25,0,0,0,0,0,0,0,0,0,0,0,0,0,0,0,0,0,0,0,0,0,0,0,0,0,0,0,0,0,0,0),(26,0,0,0,0,0,0,0,0,0,0,0,0,0,0,0,0,0,0,0,0,0,0,0,0,0,0,0,0,0,0,0),(27,0,0,0,0,0,0,0,0,0,0,0,0,0,0,0,0,0,0,0,0,0,0,0,0,0,0,0,0,0,0,0),(28,0,0,0,0,0,0,0,0,0,0,0,0,0,3,0,0,0,0,0,0,0,0,0,0,0,0,0,0,0,0,0),(29,0,0,0,0,0,0,0,0,0,0,0,0,0,0,0,0,0,0,0,0,0,0,0,0,0,0,0,0,0,0,0),(30,0,0,0,0,0,0,0,0,0,0,0,0,0,0,0,0,0,0,0,0,0,0,0,0,0,0,0,0,0,0,0),(31,0,0,0,0,0,0,0,0,0,0,0,0,0,0,0,0,0,0,0,0,0,0,0,0,0,0,0,0,0,0,0),(32,0,0,0,0,0,0,0,0,0,0,0,0,0,0,0,0,0,0,0,0,0,0,0,0,0,0,0,0,0,0,0),(33,0,0,0,0,0,0,0,0,0,0,0,0,0,0,0,0,0,0,0,0,0,0,0,0,0,0,0,0,0,0,0),(34,0,0,0,0,0,0,0,0,0,0,0,0,0,0,0,0,0,0,0,0,0,0,0,0,0,0,0,0,0,0,0),(35,0,0,0,0,0,0,0,0,0,0,0,0,0,0,0,0,0,0,0,0,0,0,0,0,0,0,0,0,0,0,0),(36,0,0,0,0,0,0,0,0,0,0,0,0,0,0,0,0,0,0,0,0,0,0,0,0,0,0,0,0,0,0,0),(37,0,0,0,0,0,0,0,0,0,0,0,0,0,0,0,0,0,0,0,0,0,0,0,0,0,0,0,0,0,0,0),(38,0,0,0,0,0,0,0,0,0,0,0,0,0,0,0,0,0,0,0,0,0,0,0,0,0,0,0,0,0,0,0),(39,0,0,0,0,0,0,0,0,0,0,0,0,0,0,0,0,0,0,0,0,0,0,0,0,0,0,0,0,0,0,0),(40,0,0,0,0,0,0,0,0,0,0,0,0,0,0,0,0,0,0,0,0,0,0,0,0,0,0,0,0,0,0,0),(41,0,0,0,0,0,0,0,0,0,0,0,0,0,0,0,0,0,0,0,0,0,0,0,0,0,0,0,0,0,0,0),(42,0,0,0,0,0,0,0,0,0,0,0,0,0,0,0,0,0,0,0,0,0,0,0,0,0,0,0,0,0,0,0),(43,0,0,0,0,0,0,0,0,0,0,0,0,0,0,0,0,0,0,0,0,0,0,0,0,0,0,0,0,0,0,0),(44,0,0,0,0,0,0,0,0,0,0,0,0,0,0,0,0,0,0,0,0,0,0,0,0,0,0,0,0,0,0,0),(45,0,0,0,0,0,0,0,0,0,0,0,0,0,0,0,0,0,0,0,0,0,0,0,0,0,0,0,0,0,0,0),(46,3,0,0,3,0,0,3,3,1,3,1,1,1,0,1,1,1,1,2,3,1,1,1,1,1,1,1,1,1,1,1),(47,0,2,0,0,0,0,0,0,0,0,0,0,0,0,0,0,2,0,0,0,0,0,0,0,1,0,0,0,0,0,0),(48,0,0,0,0,0,0,0,0,0,0,0,0,0,0,0,0,0,0,0,0,0,0,0,0,0,0,0,0,0,0,0),(49,0,0,0,0,0,0,0,0,0,0,0,0,0,0,0,0,0,0,0,0,0,0,0,0,0,0,0,0,0,0,0),(50,0,0,0,0,0,0,0,0,0,0,0,0,0,0,0,0,0,0,0,0,0,0,0,0,0,0,0,0,0,0,0),(51,0,0,0,0,0,0,0,0,0,0,0,0,0,0,0,0,0,0,0,0,0,0,0,0,0,0,0,0,0,0,0),(52,0,0,0,0,0,0,0,0,0,0,0,0,0,0,0,0,0,0,0,0,0,0,0,0,0,0,0,0,0,0,0),(53,0,0,0,0,0,0,0,0,0,0,0,0,0,0,0,0,0,0,0,0,0,0,0,0,0,0,0,0,0,0,0),(54,0,0,0,0,0,0,0,0,0,0,0,0,0,0,0,0,0,0,0,0,0,0,0,0,0,0,0,0,0,0,0),(55,0,0,0,0,0,0,0,0,0,0,0,0,0,0,0,0,0,0,0,0,0,0,0,0,0,0,0,0,0,0,0),(56,0,0,0,0,0,0,0,0,0,0,0,0,0,0,0,0,0,0,0,0,0,0,0,0,0,0,0,0,0,0,0),(57,0,0,0,0,0,0,0,0,0,0,0,0,0,0,0,0,0,0,0,0,0,0,0,0,0,0,0,0,0,0,0),(58,0,3,0,0,3,3,0,0,0,0,0,0,0,0,0,0,0,0,0,0,0,0,0,0,0,0,0,0,0,0,0),(59,0,0,0,0,0,0,0,0,0,0,0,0,0,0,0,0,0,0,0,0,0,0,0,0,0,0,0,0,0,0,0),(60,0,0,0,0,0,0,0,0,0,0,0,0,0,0,0,0,0,0,0,0,0,0,0,0,0,0,0,0,0,0,0),(61,0,0,0,0,0,0,0,0,0,0,0,0,0,0,0,0,0,0,0,0,0,0,0,0,0,0,0,0,0,0,0),(62,0,0,0,0,0,0,0,0,0,0,0,0,0,0,0,0,0,0,0,0,0,0,0,0,0,0,0,0,0,0,0),(63,0,0,0,0,0,0,0,0,0,0,0,0,0,0,0,0,0,0,0,0,0,0,0,0,0,0,0,0,0,0,0),(64,3,3,3,3,3,3,1,3,0,3,0,3,3,1,3,3,1,1,0,3,0,1,1,1,1,1,1,1,1,1,0),(65,0,0,0,0,0,0,0,0,0,0,0,0,0,0,0,0,0,0,0,0,0,0,0,0,0,0,0,0,0,0,0),(66,0,0,0,0,0,0,0,0,0,0,0,0,0,0,0,0,0,0,0,0,0,0,0,0,0,0,0,0,0,0,0),(67,0,0,0,0,0,0,0,0,0,0,0,0,0,0,0,0,0,0,0,0,0,0,0,0,0,0,0,0,0,0,0),(68,0,0,0,0,0,0,3,0,0,0,0,0,0,0,0,0,0,0,0,0,0,0,0,0,0,0,0,0,0,0,0),(69,1,0,0,0,0,0,0,0,0,0,0,0,0,0,0,0,0,0,0,0,0,0,0,0,0,0,0,0,0,0,0),(70,0,0,0,0,0,0,0,0,0,0,0,0,0,0,0,0,0,0,0,0,0,0,0,0,0,0,0,0,0,0,0),(71,0,0,1,0,0,0,0,0,0,0,0,0,0,0,0,0,0,0,0,0,0,0,0,0,0,0,0,0,0,0,0),(72,0,0,0,0,0,0,0,0,0,0,0,0,0,0,0,0,0,0,0,0,0,0,0,0,0,0,0,0,0,0,0),(73,0,0,0,0,0,0,0,0,0,0,0,0,0,0,0,0,0,0,0,0,0,0,0,0,0,0,0,0,0,0,0),(74,0,0,0,0,0,0,0,0,0,0,0,0,0,0,0,0,0,0,0,0,0,0,0,0,0,0,0,0,0,0,0),(75,0,0,2,0,0,0,0,0,0,0,0,0,0,0,0,0,0,0,0,0,0,0,0,0,0,0,0,0,0,0,0),(76,0,0,0,0,0,0,0,0,0,0,0,0,0,0,0,0,0,0,0,0,0,0,0,0,0,0,0,0,0,0,0),(77,0,0,0,0,0,0,0,0,0,0,0,0,0,0,0,0,0,0,0,0,0,0,0,0,0,0,0,0,0,0,0),(78,0,0,0,0,0,0,0,0,0,0,0,0,0,0,0,0,0,0,0,0,0,0,0,0,0,0,0,0,0,0,0),(79,0,0,0,0,0,0,0,0,0,0,0,0,0,0,0,0,0,0,0,0,0,0,0,0,0,0,0,0,0,0,0),(80,0,0,0,0,0,0,0,0,0,0,0,0,0,0,0,0,0,0,0,0,0,0,0,0,0,0,0,0,0,0,0),(81,0,0,0,0,0,0,0,0,0,0,0,0,0,0,0,0,0,0,0,0,0,0,0,0,0,0,0,0,0,0,0),(82,0,0,0,0,0,0,0,0,0,0,0,0,0,0,0,0,0,0,0,0,0,0,0,0,0,0,0,0,0,0,0),(83,0,0,0,0,0,0,0,0,0,0,0,0,0,0,0,0,0,0,0,0,0,0,0,0,0,0,0,0,0,0,0),(84,0,0,0,0,0,0,0,0,0,0,0,0,0,0,0,0,0,0,0,0,0,0,2,0,0,0,0,0,0,0,0),(85,0,0,0,0,0,0,0,0,0,0,0,0,0,0,0,0,0,0,0,0,0,0,0,0,0,0,0,0,0,0,0),(86,0,0,0,0,0,0,0,0,0,0,0,0,0,0,0,0,0,0,0,0,0,0,0,0,0,0,0,0,0,0,0),(87,0,0,0,0,0,0,0,0,0,0,0,0,0,0,0,0,0,0,0,0,0,0,0,0,0,0,0,0,0,0,0),(88,0,0,0,0,0,0,0,3,0,0,0,0,0,0,0,0,0,0,0,0,0,0,0,0,0,0,0,0,0,0,0),(89,0,0,0,0,0,0,0,0,0,0,0,0,0,0,0,0,0,0,0,2,0,0,0,0,0,0,0,1,1,1,0),(90,0,0,0,0,0,0,0,0,0,0,0,0,0,0,0,0,0,3,0,0,0,0,0,0,0,0,0,0,0,0,0),(91,0,0,0,0,0,0,0,0,0,0,0,0,0,0,0,0,0,0,0,0,0,0,0,0,0,0,0,0,0,0,0),(92,0,0,0,0,0,0,0,0,0,0,0,0,0,0,0,0,0,0,0,0,0,0,0,0,0,0,0,0,0,0,0),(93,0,0,0,0,0,0,0,0,0,0,0,0,0,0,0,0,0,0,0,0,0,0,0,0,0,0,0,0,0,0,0),(94,0,0,0,0,0,0,0,0,0,0,0,0,0,0,0,0,0,0,0,0,0,0,0,0,0,0,0,0,0,0,0),(95,0,0,0,2,0,0,1,0,0,0,0,0,0,0,0,0,0,0,0,0,0,0,0,0,0,0,0,0,0,0,0),(96,0,0,0,0,0,0,0,0,0,0,0,0,0,0,0,0,0,0,0,0,0,0,0,0,0,0,0,0,0,0,0),(97,0,0,0,0,0,0,0,0,0,0,0,0,0,0,0,0,0,0,0,0,0,0,0,0,0,0,0,0,0,0,0),(98,1,3,0,0,0,0,0,0,0,0,0,0,0,0,0,0,0,0,0,0,0,0,0,0,0,0,0,1,0,0,0),(99,0,0,0,0,0,0,0,0,0,0,0,0,0,0,0,0,0,0,0,0,0,0,0,0,0,0,0,0,0,0,0),(100,2,3,0,3,0,0,0,0,0,0,0,0,0,0,0,0,0,0,0,0,0,0,0,0,0,0,0,0,0,0,0);
/*!40000 ALTER TABLE `pproc` ENABLE KEYS */;
UNLOCK TABLES;

--
-- Table structure for table `procedure`
--

DROP TABLE IF EXISTS `procedure`;
/*!40101 SET @saved_cs_client     = @@character_set_client */;
/*!40101 SET character_set_client = utf8 */;
CREATE TABLE `procedure` (
  `id` int(11) NOT NULL AUTO_INCREMENT,
  `level` int(11) NOT NULL,
  `parent` varchar(10) NOT NULL,
  `num` int(11) NOT NULL,
  `code` varchar(20) NOT NULL,
  `name` varchar(100) NOT NULL,
  PRIMARY KEY (`id`)
) ENGINE=InnoDB AUTO_INCREMENT=39 DEFAULT CHARSET=utf8;
/*!40101 SET character_set_client = @saved_cs_client */;

--
-- Dumping data for table `procedure`
--

LOCK TABLES `procedure` WRITE;
/*!40000 ALTER TABLE `procedure` DISABLE KEYS */;
INSERT INTO `procedure` VALUES (1,1,'a',0,'a','立项环节'),(2,1,'b',0,'b','征地报批环节'),(3,1,'c',0,'c','划拨出让阶段'),(4,1,'d',0,'d','报建环节'),(5,1,'e',0,'e','施工许可环节'),(6,1,'f',0,'f','竣工验收环节'),(7,1,'g',0,'g','办证环节'),(8,2,'a',1,'a-1','企业投资项目备案'),(9,2,'a',2,'a-2','建设项目选址意见书 [商贸（安置区）]'),(10,2,'a',3,'a-3','建设项目用地预审'),(11,2,'b',1,'b-1','农用地征收转用'),(12,2,'c',1,'c-1','核发建设项目选址意见书'),(13,2,'c',2,'c-2','建设项目用地预审'),(14,2,'c',3,'c-3','建设项目环境影响评价文件审批'),(15,2,'c',4,'c-4','岩土工程勘察设计'),(16,2,'c',5,'c-5','土地公开出让'),(17,2,'d',1,'d-1','建设项目环境影响评价审批'),(18,2,'d',2,'d-2','土地公开出让'),(19,2,'d',3,'d-3','建设用地规划许可证'),(20,2,'d',4,'d-4','建筑设计方案审查'),(21,2,'d',5,'d-5','人防工程建设方案审批'),(22,2,'d',6,'d-6','抗震设防要求的确定'),(23,2,'d',7,'d-7','影响地震观测环境的建设工程的审批 [商贸（安置区）]'),(24,2,'d',8,'d-8','建设工程规划许可证'),(25,2,'d',9,'d-9','建设工程质量监督安全登记'),(26,2,'e',1,'e-1','建设工程消防设计审核'),(27,2,'e',2,'e-2','施工图纸审查'),(28,2,'e',3,'e-3','房屋白蚁防治工程合格证'),(29,2,'e',4,'e-4','建筑工程施工许可证'),(30,2,'f',1,'f-1','建设工程消防验收'),(31,2,'f',2,'f-2','建设工程人防验收'),(32,2,'f',3,'f-3','建设工程安全验收'),(33,2,'f',4,'f-4','建设项目环保验收'),(34,2,'f',5,'f-5','建设工程规划类条件核实'),(35,2,'f',6,'f-6','建筑工程竣工验收'),(36,2,'f',7,'f-7','建设工程档案合格证核发'),(37,2,'f',8,'f-8','建筑工程竣工验收'),(38,2,'g',1,'g-1','不动产权登记');
/*!40000 ALTER TABLE `procedure` ENABLE KEYS */;
UNLOCK TABLES;

--
-- Table structure for table `progress`
--

DROP TABLE IF EXISTS `progress`;
/*!40101 SET @saved_cs_client     = @@character_set_client */;
/*!40101 SET character_set_client = utf8 */;
CREATE TABLE `progress` (
  `id` int(11) NOT NULL AUTO_INCREMENT,
  `pid` int(11) NOT NULL,
  `date` timestamp NOT NULL DEFAULT CURRENT_TIMESTAMP,
  `fill_state` varchar(50) DEFAULT NULL,
  `phase` varchar(50) DEFAULT NULL COMMENT 'phase of construction',
  `fillby` varchar(50) DEFAULT NULL COMMENT 'filled in by who',
  `phone` varchar(50) DEFAULT NULL,
  `progress` varchar(1000) DEFAULT NULL,
  `problem` varchar(1000) DEFAULT NULL,
  `invest_mon` varchar(50) DEFAULT NULL,
  `actual_start` varchar(50) DEFAULT NULL,
  `actual_finish` varchar(50) DEFAULT NULL,
  PRIMARY KEY (`id`)
) ENGINE=InnoDB AUTO_INCREMENT=702 DEFAULT CHARSET=utf8;
/*!40101 SET character_set_client = @saved_cs_client */;

--
-- Dumping data for table `progress`
--

LOCK TABLES `progress` WRITE;
/*!40000 ALTER TABLE `progress` DISABLE KEYS */;
INSERT INTO `progress` VALUES (1,1,'2018-02-26 16:09:15','abc','开工','一八年一月','13920180001','2018年1月进度进度进度进度进度进度进度','2018年1月问题问题问题问题问题问题问题问题','0','2017-2','2019-8'),(2,2,'2018-02-26 16:09:15','abc','开工','一八年一月','13920180001','2018年1月进度进度进度进度进度进度进度','2018年1月问题问题问题问题问题问题问题问题','0','2017-2','2019-8'),(3,3,'2018-02-26 16:09:15','abc','开工','一八年一月','13920180001','2018年1月进度进度进度进度进度进度进度','2018年1月问题问题问题问题问题问题问题问题','0','2017-2','2019-8'),(4,4,'2018-02-26 16:09:15','abc','开工','一八年一月','13920180001','2018年1月进度进度进度进度进度进度进度','2018年1月问题问题问题问题问题问题问题问题','0','2017-2','2019-8'),(5,5,'2018-02-26 16:09:15','abc','开工','一八年一月','13920180001','2018年1月进度进度进度进度进度进度进度','2018年1月问题问题问题问题问题问题问题问题','0','2017-2','2019-8'),(6,6,'2018-02-26 16:09:15','abc','开工','一八年一月','13920180001','2018年1月进度进度进度进度进度进度进度','2018年1月问题问题问题问题问题问题问题问题','0','2017-2','2019-8'),(7,7,'2018-02-26 16:09:15','abc','开工','一八年一月','13920180001','2018年1月进度进度进度进度进度进度进度','2018年1月问题问题问题问题问题问题问题问题','0','2017-2','2019-8'),(8,8,'2018-02-26 16:09:15','abc','开工','一八年一月','13920180001','2018年1月进度进度进度进度进度进度进度','2018年1月问题问题问题问题问题问题问题问题','0','2017-2','2019-8'),(9,9,'2018-02-26 16:09:15','abc','开工','一八年一月','13920180001','2018年1月进度进度进度进度进度进度进度','2018年1月问题问题问题问题问题问题问题问题','0','2017-2','2019-8'),(10,10,'2018-02-26 16:09:15','abc','开工','一八年一月','13920180001','2018年1月进度进度进度进度进度进度进度','2018年1月问题问题问题问题问题问题问题问题','0','2017-2','2019-8'),(11,11,'2018-02-26 16:09:15','abc','开工','一八年一月','13920180001','2018年1月进度进度进度进度进度进度进度','2018年1月问题问题问题问题问题问题问题问题','0','2017-2','2019-8'),(12,12,'2018-02-26 16:09:15','abc','开工','一八年一月','13920180001','2018年1月进度进度进度进度进度进度进度','2018年1月问题问题问题问题问题问题问题问题','0','2017-2','2019-8'),(13,13,'2018-02-26 16:09:15','abc','开工','一八年一月','13920180001','2018年1月进度进度进度进度进度进度进度','2018年1月问题问题问题问题问题问题问题问题','0','2017-2','2019-8'),(14,14,'2018-02-26 16:09:15','abc','开工','一八年一月','13920180001','2018年1月进度进度进度进度进度进度进度','2018年1月问题问题问题问题问题问题问题问题','0','2017-2','2019-8'),(15,15,'2018-02-26 16:09:15','abc','开工','一八年一月','13920180001','2018年1月进度进度进度进度进度进度进度','2018年1月问题问题问题问题问题问题问题问题','0','2017-2','2019-8'),(16,16,'2018-02-26 16:09:15','abc','开工','一八年一月','13920180001','2018年1月进度进度进度进度进度进度进度','2018年1月问题问题问题问题问题问题问题问题','0','2017-2','2019-8'),(17,17,'2018-02-26 16:09:15','abc','开工','一八年一月','13920180001','2018年1月进度进度进度进度进度进度进度','2018年1月问题问题问题问题问题问题问题问题','0','2017-2','2019-8'),(18,18,'2018-02-26 16:09:15','abc','开工','一八年一月','13920180001','2018年1月进度进度进度进度进度进度进度','2018年1月问题问题问题问题问题问题问题问题','0','2017-2','2019-8'),(19,19,'2018-02-26 16:09:15','abc','开工','一八年一月','13920180001','2018年1月进度进度进度进度进度进度进度','2018年1月问题问题问题问题问题问题问题问题','0','2017-2','2019-8'),(20,20,'2018-02-26 16:09:15','abc','开工','一八年一月','13920180001','2018年1月进度进度进度进度进度进度进度','2018年1月问题问题问题问题问题问题问题问题','0','2017-2','2019-8'),(21,21,'2018-02-26 16:09:15','abc','开工','一八年一月','13920180001','2018年1月进度进度进度进度进度进度进度','2018年1月问题问题问题问题问题问题问题问题','0','2017-2','2019-8'),(22,22,'2018-02-26 16:09:15','abc','开工','一八年一月','13920180001','2018年1月进度进度进度进度进度进度进度','2018年1月问题问题问题问题问题问题问题问题','0','2017-2','2019-8'),(23,23,'2018-02-26 16:09:15','abc','开工','一八年一月','13920180001','2018年1月进度进度进度进度进度进度进度','2018年1月问题问题问题问题问题问题问题问题','0','2017-2','2019-8'),(24,24,'2018-02-26 16:09:15','abc','开工','一八年一月','13920180001','2018年1月进度进度进度进度进度进度进度','2018年1月问题问题问题问题问题问题问题问题','0','2017-2','2019-8'),(25,25,'2018-02-26 16:09:15','abc','开工','一八年一月','13920180001','2018年1月进度进度进度进度进度进度进度','2018年1月问题问题问题问题问题问题问题问题','0','2017-2','2019-8'),(26,26,'2018-02-26 16:09:15','abc','开工','一八年一月','13920180001','2018年1月进度进度进度进度进度进度进度','2018年1月问题问题问题问题问题问题问题问题','0','2017-2','2019-8'),(27,27,'2018-02-26 16:09:15','abc','开工','一八年一月','13920180001','2018年1月进度进度进度进度进度进度进度','2018年1月问题问题问题问题问题问题问题问题','0','2017-2','2019-8'),(28,28,'2018-02-26 16:09:15','abc','开工','一八年一月','13920180001','2018年1月进度进度进度进度进度进度进度','2018年1月问题问题问题问题问题问题问题问题','0','2017-2','2019-8'),(29,29,'2018-02-26 16:09:15','abc','开工','一八年一月','13920180001','2018年1月进度进度进度进度进度进度进度','2018年1月问题问题问题问题问题问题问题问题','0','2017-2','2019-8'),(30,30,'2018-02-26 16:09:15','abc','开工','一八年一月','13920180001','2018年1月进度进度进度进度进度进度进度','2018年1月问题问题问题问题问题问题问题问题','0','2017-2','2019-8'),(31,31,'2018-02-26 16:09:15','abc','开工','一八年一月','13920180001','2018年1月进度进度进度进度进度进度进度','2018年1月问题问题问题问题问题问题问题问题','0','2017-2','2019-8'),(32,32,'2018-02-26 16:09:15','abc','开工','一八年一月','13920180001','2018年1月进度进度进度进度进度进度进度','2018年1月问题问题问题问题问题问题问题问题','0','2017-2','2019-8'),(33,33,'2018-02-26 16:09:15','abc','开工','一八年一月','13920180001','2018年1月进度进度进度进度进度进度进度','2018年1月问题问题问题问题问题问题问题问题','0','2017-2','2019-8'),(34,34,'2018-02-26 16:09:15','abc','开工','一八年一月','13920180001','2018年1月进度进度进度进度进度进度进度','2018年1月问题问题问题问题问题问题问题问题','0','2017-2','2019-8'),(35,35,'2018-02-26 16:09:15','abc','开工','一八年一月','13920180001','2018年1月进度进度进度进度进度进度进度','2018年1月问题问题问题问题问题问题问题问题','0','2017-2','2019-8'),(36,36,'2018-02-26 16:09:15','abc','开工','一八年一月','13920180001','2018年1月进度进度进度进度进度进度进度','2018年1月问题问题问题问题问题问题问题问题','0','2017-2','2019-8'),(37,37,'2018-02-26 16:09:15','abc','开工','一八年一月','13920180001','2018年1月进度进度进度进度进度进度进度','2018年1月问题问题问题问题问题问题问题问题','0','2017-2','2019-8'),(38,38,'2018-02-26 16:09:15','abc','开工','一八年一月','13920180001','2018年1月进度进度进度进度进度进度进度','2018年1月问题问题问题问题问题问题问题问题','0','2017-2','2019-8'),(39,39,'2018-02-26 16:09:15','abc','开工','一八年一月','13920180001','2018年1月进度进度进度进度进度进度进度','2018年1月问题问题问题问题问题问题问题问题','0','2017-2','2019-8'),(40,40,'2018-02-26 16:09:15','abc','开工','一八年一月','13920180001','2018年1月进度进度进度进度进度进度进度','2018年1月问题问题问题问题问题问题问题问题','0','2017-2','2019-8'),(41,41,'2018-02-26 16:09:15','abc','开工','一八年一月','13920180001','2018年1月进度进度进度进度进度进度进度','2018年1月问题问题问题问题问题问题问题问题','0','2017-2','2019-8'),(42,42,'2018-02-26 16:09:15','abc','开工','一八年一月','13920180001','2018年1月进度进度进度进度进度进度进度','2018年1月问题问题问题问题问题问题问题问题','0','2017-2','2019-8'),(43,43,'2018-02-26 16:09:15','abc','开工','一八年一月','13920180001','2018年1月进度进度进度进度进度进度进度','2018年1月问题问题问题问题问题问题问题问题','0','2017-2','2019-8'),(44,44,'2018-02-26 16:09:15','abc','开工','一八年一月','13920180001','2018年1月进度进度进度进度进度进度进度','2018年1月问题问题问题问题问题问题问题问题','0','2017-2','2019-8'),(45,45,'2018-02-26 16:09:15','abc','开工','一八年一月','13920180001','2018年1月进度进度进度进度进度进度进度','2018年1月问题问题问题问题问题问题问题问题','0','2017-2','2019-8'),(46,46,'2018-02-26 16:09:15','abc','开工','一八年一月','13920180001','2018年1月进度进度进度进度进度进度进度','2018年1月问题问题问题问题问题问题问题问题','0','2017-2','2019-8'),(47,47,'2018-02-26 16:09:15','abc','开工','一八年一月','13920180001','2018年1月进度进度进度进度进度进度进度','2018年1月问题问题问题问题问题问题问题问题','0','2017-2','2019-8'),(48,48,'2018-02-26 16:09:15','abc','开工','一八年一月','13920180001','2018年1月进度进度进度进度进度进度进度','2018年1月问题问题问题问题问题问题问题问题','0','2017-2','2019-8'),(49,49,'2018-02-26 16:09:15','abc','开工','一八年一月','13920180001','2018年1月进度进度进度进度进度进度进度','2018年1月问题问题问题问题问题问题问题问题','0','2017-2','2019-8'),(50,50,'2018-02-26 16:09:15','abc','开工','一八年一月','13920180001','2018年1月进度进度进度进度进度进度进度','2018年1月问题问题问题问题问题问题问题问题','0','2017-2','2019-8'),(51,51,'2018-02-26 16:09:15','abc','开工','一八年一月','13920180001','2018年1月进度进度进度进度进度进度进度','2018年1月问题问题问题问题问题问题问题问题','0','2017-2','2019-8'),(52,52,'2018-02-26 16:09:15','abc','开工','一八年一月','13920180001','2018年1月进度进度进度进度进度进度进度','2018年1月问题问题问题问题问题问题问题问题','0','2017-2','2019-8'),(53,53,'2018-02-26 16:09:15','abc','开工','一八年一月','13920180001','2018年1月进度进度进度进度进度进度进度','2018年1月问题问题问题问题问题问题问题问题','0','2017-2','2019-8'),(54,54,'2018-02-26 16:09:15','abc','开工','一八年一月','13920180001','2018年1月进度进度进度进度进度进度进度','2018年1月问题问题问题问题问题问题问题问题','0','2017-2','2019-8'),(55,55,'2018-02-26 16:09:15','abc','开工','一八年一月','13920180001','2018年1月进度进度进度进度进度进度进度','2018年1月问题问题问题问题问题问题问题问题','0','2017-2','2019-8'),(56,56,'2018-02-26 16:09:15','abc','开工','一八年一月','13920180001','2018年1月进度进度进度进度进度进度进度','2018年1月问题问题问题问题问题问题问题问题','0','2017-2','2019-8'),(57,57,'2018-02-26 16:09:15','abc','开工','一八年一月','13920180001','2018年1月进度进度进度进度进度进度进度','2018年1月问题问题问题问题问题问题问题问题','0','2017-2','2019-8'),(58,58,'2018-02-26 16:09:15','abc','开工','一八年一月','13920180001','2018年1月进度进度进度进度进度进度进度','2018年1月问题问题问题问题问题问题问题问题','0','2017-2','2019-8'),(59,59,'2018-02-26 16:09:15','abc','开工','一八年一月','13920180001','2018年1月进度进度进度进度进度进度进度','2018年1月问题问题问题问题问题问题问题问题','0','2017-2','2019-8'),(60,60,'2018-02-26 16:09:15','abc','开工','一八年一月','13920180001','2018年1月进度进度进度进度进度进度进度','2018年1月问题问题问题问题问题问题问题问题','0','2017-2','2019-8'),(61,61,'2018-02-26 16:09:15','abc','开工','一八年一月','13920180001','2018年1月进度进度进度进度进度进度进度','2018年1月问题问题问题问题问题问题问题问题','0','2017-2','2019-8'),(62,62,'2018-02-26 16:09:15','abc','开工','一八年一月','13920180001','2018年1月进度进度进度进度进度进度进度','2018年1月问题问题问题问题问题问题问题问题','0','2017-2','2019-8'),(63,63,'2018-02-26 16:09:15','abc','开工','一八年一月','13920180001','2018年1月进度进度进度进度进度进度进度','2018年1月问题问题问题问题问题问题问题问题','0','2017-2','2019-8'),(64,64,'2018-02-26 16:09:15','abc','开工','一八年一月','13920180001','2018年1月进度进度进度进度进度进度进度','2018年1月问题问题问题问题问题问题问题问题','0','2017-2','2019-8'),(65,65,'2018-02-26 16:09:15','abc','开工','一八年一月','13920180001','2018年1月进度进度进度进度进度进度进度','2018年1月问题问题问题问题问题问题问题问题','0','2017-2','2019-8'),(66,66,'2018-02-26 16:09:15','abc','开工','一八年一月','13920180001','2018年1月进度进度进度进度进度进度进度','2018年1月问题问题问题问题问题问题问题问题','0','2017-2','2019-8'),(67,67,'2018-02-26 16:09:15','abc','开工','一八年一月','13920180001','2018年1月进度进度进度进度进度进度进度','2018年1月问题问题问题问题问题问题问题问题','0','2017-2','2019-8'),(68,68,'2018-02-26 16:09:15','abc','开工','一八年一月','13920180001','2018年1月进度进度进度进度进度进度进度','2018年1月问题问题问题问题问题问题问题问题','0','2017-2','2019-8'),(69,69,'2018-02-26 16:09:15','abc','开工','一八年一月','13920180001','2018年1月进度进度进度进度进度进度进度','2018年1月问题问题问题问题问题问题问题问题','0','2017-2','2019-8'),(70,70,'2018-02-26 16:09:15','abc','开工','一八年一月','13920180001','2018年1月进度进度进度进度进度进度进度','2018年1月问题问题问题问题问题问题问题问题','0','2017-2','2019-8'),(71,71,'2018-02-26 16:09:15','abc','开工','一八年一月','13920180001','2018年1月进度进度进度进度进度进度进度','2018年1月问题问题问题问题问题问题问题问题','0','2017-2','2019-8'),(72,72,'2018-02-26 16:09:15','abc','开工','一八年一月','13920180001','2018年1月进度进度进度进度进度进度进度','2018年1月问题问题问题问题问题问题问题问题','0','2017-2','2019-8'),(73,73,'2018-02-26 16:09:15','abc','开工','一八年一月','13920180001','2018年1月进度进度进度进度进度进度进度','2018年1月问题问题问题问题问题问题问题问题','0','2017-2','2019-8'),(74,74,'2018-02-26 16:09:15','abc','开工','一八年一月','13920180001','2018年1月进度进度进度进度进度进度进度','2018年1月问题问题问题问题问题问题问题问题','0','2017-2','2019-8'),(75,75,'2018-02-26 16:09:15','abc','开工','一八年一月','13920180001','2018年1月进度进度进度进度进度进度进度','2018年1月问题问题问题问题问题问题问题问题','0','2017-2','2019-8'),(76,76,'2018-02-26 16:09:15','abc','开工','一八年一月','13920180001','2018年1月进度进度进度进度进度进度进度','2018年1月问题问题问题问题问题问题问题问题','0','2017-2','2019-8'),(77,77,'2018-02-26 16:09:15','abc','开工','一八年一月','13920180001','2018年1月进度进度进度进度进度进度进度','2018年1月问题问题问题问题问题问题问题问题','0','2017-2','2019-8'),(78,78,'2018-02-26 16:09:15','abc','开工','一八年一月','13920180001','2018年1月进度进度进度进度进度进度进度','2018年1月问题问题问题问题问题问题问题问题','0','2017-2','2019-8'),(79,79,'2018-02-26 16:09:15','abc','开工','一八年一月','13920180001','2018年1月进度进度进度进度进度进度进度','2018年1月问题问题问题问题问题问题问题问题','0','2017-2','2019-8'),(80,80,'2018-02-26 16:09:15','abc','开工','一八年一月','13920180001','2018年1月进度进度进度进度进度进度进度','2018年1月问题问题问题问题问题问题问题问题','0','2017-2','2019-8'),(81,81,'2018-02-26 16:09:15','abc','开工','一八年一月','13920180001','2018年1月进度进度进度进度进度进度进度','2018年1月问题问题问题问题问题问题问题问题','0','2017-2','2019-8'),(82,82,'2018-02-26 16:09:15','abc','开工','一八年一月','13920180001','2018年1月进度进度进度进度进度进度进度','2018年1月问题问题问题问题问题问题问题问题','0','2017-2','2019-8'),(83,83,'2018-02-26 16:09:15','abc','开工','一八年一月','13920180001','2018年1月进度进度进度进度进度进度进度','2018年1月问题问题问题问题问题问题问题问题','0','2017-2','2019-8'),(84,84,'2018-02-26 16:09:15','abc','开工','一八年一月','13920180001','2018年1月进度进度进度进度进度进度进度','2018年1月问题问题问题问题问题问题问题问题','0','2017-2','2019-8'),(85,85,'2018-02-26 16:09:15','abc','开工','一八年一月','13920180001','2018年1月进度进度进度进度进度进度进度','2018年1月问题问题问题问题问题问题问题问题','0','2017-2','2019-8'),(86,86,'2018-02-26 16:09:15','abc','开工','一八年一月','13920180001','2018年1月进度进度进度进度进度进度进度','2018年1月问题问题问题问题问题问题问题问题','0','2017-2','2019-8'),(87,87,'2018-02-26 16:09:15','abc','开工','一八年一月','13920180001','2018年1月进度进度进度进度进度进度进度','2018年1月问题问题问题问题问题问题问题问题','0','2017-2','2019-8'),(88,88,'2018-02-26 16:09:15','abc','开工','一八年一月','13920180001','2018年1月进度进度进度进度进度进度进度','2018年1月问题问题问题问题问题问题问题问题','0','2017-2','2019-8'),(89,89,'2018-02-26 16:09:15','abc','开工','一八年一月','13920180001','2018年1月进度进度进度进度进度进度进度','2018年1月问题问题问题问题问题问题问题问题','0','2017-2','2019-8'),(90,90,'2018-02-26 16:09:15','abc','开工','一八年一月','13920180001','2018年1月进度进度进度进度进度进度进度','2018年1月问题问题问题问题问题问题问题问题','0','2017-2','2019-8'),(91,91,'2018-02-26 16:09:15','abc','开工','一八年一月','13920180001','2018年1月进度进度进度进度进度进度进度','2018年1月问题问题问题问题问题问题问题问题','0','2017-2','2019-8'),(92,92,'2018-02-26 16:09:15','abc','开工','一八年一月','13920180001','2018年1月进度进度进度进度进度进度进度','2018年1月问题问题问题问题问题问题问题问题','0','2017-2','2019-8'),(93,93,'2018-02-26 16:09:15','abc','开工','一八年一月','13920180001','2018年1月进度进度进度进度进度进度进度','2018年1月问题问题问题问题问题问题问题问题','0','2017-2','2019-8'),(94,94,'2018-02-26 16:09:15','abc','开工','一八年一月','13920180001','2018年1月进度进度进度进度进度进度进度','2018年1月问题问题问题问题问题问题问题问题','0','2017-2','2019-8'),(95,95,'2018-02-26 16:09:15','abc','开工','一八年一月','13920180001','2018年1月进度进度进度进度进度进度进度','2018年1月问题问题问题问题问题问题问题问题','0','2017-2','2019-8'),(96,96,'2018-02-26 16:09:15','abc','开工','一八年一月','13920180001','2018年1月进度进度进度进度进度进度进度','2018年1月问题问题问题问题问题问题问题问题','0','2017-2','2019-8'),(97,97,'2018-02-26 16:09:15','abc','开工','一八年一月','13920180001','2018年1月进度进度进度进度进度进度进度','2018年1月问题问题问题问题问题问题问题问题','0','2017-2','2019-8'),(98,98,'2018-02-26 16:09:15','abc','开工','一八年一月','13920180001','2018年1月进度进度进度进度进度进度进度','2018年1月问题问题问题问题问题问题问题问题','0','2017-2','2019-8'),(99,99,'2018-02-26 16:09:15','abc','开工','一八年一月','13920180001','2018年1月进度进度进度进度进度进度进度','2018年1月问题问题问题问题问题问题问题问题','0','2017-2','2019-8'),(100,100,'2018-02-26 16:09:15','abc','开工','一八年一月','13920180001','2018年1月进度进度进度进度进度进度进度','2018年1月问题问题问题问题问题问题问题问题','0','2017-2','2019-8'),(128,33,'2017-01-24 16:00:00',NULL,NULL,'一七年一月','13920170001','2017年1月进度进度进度进度','2017.1问题问题问题问题问题问题','1000',NULL,NULL),(129,33,'2017-02-24 16:00:00',NULL,NULL,'一七年二月','13920170002','2017年2月进度进度进度进度','2017.2问题问题问题问题问题问题','2000',NULL,NULL),(130,33,'2017-03-24 16:00:00',NULL,NULL,'一七年三月','13920170003','2017年3月进度进度进度进度','2017.3问题问题问题问题问题问题','3000',NULL,NULL),(131,33,'2017-04-24 16:00:00',NULL,NULL,'一七年四月','13920170004','2017年4月进度进度进度进度','2017.4问题问题问题问题问题问题','4000',NULL,NULL),(132,33,'2017-05-24 16:00:00',NULL,NULL,'一七年五月','13920170005','2017年5月进度进度进度进度','2017.5问题问题问题问题问题问题','5000',NULL,NULL),(133,33,'2017-06-24 16:00:00',NULL,NULL,'一七年六月','13920170006','2017年6月进度进度进度进度','2017.6问题问题问题问题问题问题','6000',NULL,NULL),(134,33,'2017-07-24 16:00:00',NULL,NULL,'一七年七月','13920170007','2017年7月进度进度进度进度','2017.7问题问题问题问题问题问题','7000',NULL,NULL),(135,33,'2017-08-24 16:00:00',NULL,NULL,'一七年八月','13920170008','2017年8月进度进度进度进度','2017.8问题问题问题问题问题问题','8000',NULL,NULL),(136,33,'2017-09-24 16:00:00',NULL,NULL,'一七年九月','13920170009','2017年9月进度进度进度进度','2017.9问题问题问题问题问题问题','9000',NULL,NULL),(137,33,'2017-10-24 16:00:00',NULL,NULL,'一七年十月','13920170010','2017年10月进度进度进度进度','2017.10问题问题问题问题问题问题','10000',NULL,NULL),(138,33,'2017-11-24 16:00:00',NULL,NULL,'一七年十一月','13920170011','2017年11月进度进度进度进度','2017.11问题问题问题问题问题问题','11000',NULL,NULL),(139,33,'2017-12-24 16:00:00',NULL,NULL,'一七年十二月','13920170012','2017年12月进度进度进度进度','2017.12问题问题问题问题问题问题','12000',NULL,NULL),(140,25,'2018-03-05 09:14:18','abc','前期准备','张薇','13707288397','项目初步选址驼鞍沟工业园，拟征地200亩，目前正在与拟引进企业进行合作洽谈。','在谈','0','2018-03','2019-03'),(141,27,'2018-03-05 09:15:31','abc','前期准备','张薇','13707288397','项目拟选址胡家工业园，征地138亩，目前正在与拟引进企业湖北普尔精密科技有限公司进行合作洽谈。','在谈','0','2018-03','2019-03'),(142,33,'2018-03-05 09:16:23','abc','前期准备','张薇','13707288397','2018年1月12日，多弗控股集团董事长胡兴荣率考察团一行来到茅箭区考察了华昌达和中正汽车股份有限公司，双方关于紫薇岛项目收购达成初步意向。','在谈','0','2018-03','2019-03'),(143,3,'2018-03-06 01:07:47','abc','前期准备','董静','13636150142','已完成项目总设计，正在进行项目建设总体规划与用地审批。','项目场地整治、地质勘测、三通一平、强夯等基础工程。','1000','2018-06','2020-12'),(144,59,'2018-03-06 02:46:11','abc','开工','景永生','13329840778','完成了茅箭区胡家村、鸳鸯村清表工作，路基试验段及土石方施工完成3%。目前，55米路基内林木砍伐手续已全部办理到位，55米外（规划红线内）林木砍伐手续正在办理中。','因规划红线内（机场连接线上）有4户居民，提出拆迁补偿要求远远大于补偿标准，故未能签订房屋拆迁补偿协议；另有2户养殖场也因补偿要求过高，无法达成拆迁协议。下一步我们将继续再做这6户拆迁户的工作，力争早日完成拆迁协议的签订。','1600','2017-05','2019-12'),(145,90,'2018-03-06 02:56:32','abc','前期准备','刘君毅','0719-8795906','2018年3月设计单位编制完成设计方案，审查批复修改到位，报区政府确定拦标价，月底开始施工招标。','2018年3月加快施工招标进度，尽快启动项目建设','40','2018-04','2018-12'),(146,96,'2018-03-06 03:10:57','abc','前期准备','刘君毅','0719-8795906','2018年3月方案编制完成，已经完成审查，现根据审查意见进行整改。','2018年3月等修改完毕后报上级部门完成批复。','0','2018-05','2018-12'),(147,99,'2018-03-06 03:14:56','abc','前期准备','赵茜','18007281135','对原施工单位工程量开展审计工作','下一步工作建议和安排：\r\n1.加快对原施工单位工程量的审计；\r\n2.招商引资，盘活资源；\r\n3.建议公安、消防、旅游等相关部门加强协调支持，尽快恢复景区接待中心经营工作，抓住旅游旺季发展机会，为招商营造良好氛围。\r\n','0','2018-02','2023-12'),(148,88,'2018-03-06 03:27:11','abc','前期准备','刘君毅','0719-8795906','初设方案区政府第二次审查，修改完善后上报省厅。','云龙谷和曼谷公社尽可能提交相关规划设计成果，并加强与设计单位对接。','112','2018-09','2019-12'),(149,5,'2018-03-06 03:36:17','abc','开工','易琴','13477970630','该项目已于2017年8月1日完成工商注册，2017年9月1日合资公司已经正式运营。注册资金1.5亿元。','1.现有厂房无法满足公司扩能需要，已报请市规划局设计规划车间1900平米。2.公司员工停车难问题。','15000','2017-09','2019-12'),(150,13,'2018-03-06 03:47:47','abc','开工','王冬浜 ','135937404656','办公楼主体结构装修及1#2#车间主体结构建造\r\n','进行办公楼装修、1#车间2#车间主体结构建造\r\n','4000','2017-10','2018-07'),(151,26,'2018-03-06 06:57:01','abc','前期准备','王蓓','8787279','据与双鸥汽车饰件有限公司分三步：1、双鸥公司成为锦恒公司供应商 2、双方合作进行安全气囊技术研发 3、双方合资开展安全气囊生产项目。   现在处于第一阶段。\r\n','1、双鸥公司负责人鲍总反应其项目配套后勤保障问题一个：双鸥公司食堂建设问题。双鸥公司原食堂面积小、功能不全，不能满足公司发展需要，计划在厂房后面空地新建一个后勤配套房屋，由于土地的归属问题，（部分土地归白浪开发区所属）需要区里进行沟通协调。','100','2018-03','2020-12'),(152,50,'2018-03-06 07:06:53','abc','前期准备','柴东东','13797835677','目前场平已完成，打算本月强夯。手续还在市土地局办理之中。','      经过对该项目的实地进行走访，发现该项已被十堰市东利洋物流服务有限公司收购，目前正在与群利物流园有限公司进行过户阶段，双方资料已经提交市国土资源局，手续还在审核之中。  \r\n     下一步打算进行基础开挖。','1500','2018-04','2019-04'),(153,29,'2018-03-06 07:37:11','abc','前期准备','许伟峰','15897857888','目前在老三环工业园进行老车间、办公楼装修，目前暂无落户东城开发区意向。已提交区项目办，建议变更责任单位。','目前在老三环工业园进行老车间、办公楼装修，目前暂无落户东城开发区意向。已提交区项目办，建议变更责任单位。','0','2017-2','2019-8'),(154,46,'2018-03-06 07:42:07','abc','开工','许伟峰','15897857888','1.完成1.2#仓储建设收尾工作，处理仓储外部道路建设。\r\n','确定该用地的具体范围及用地性质，需区政府配合调规。\r\n','6000','2018-02','2019-02'),(155,48,'2018-03-06 07:44:14','abc','前期准备','许伟峰','15897857888','目前项目正在办理用地手续，加快公司注册进度。\r\n','经联络员与该项目联系人叶禹电话联系，当前存在如下问题：1、该项目用地范围处于调规阶段。2、该项目由北京某家投资公司出资1.2亿、新合作出资8000万元共同成立新公司，由于北京投资公司资金尚未到位，该项目新公司尚未注册。下一步，我们将继续联络，请商务局也做好跟进沟通。\r\n','1000','2017-08','2019-8'),(156,2,'2018-03-06 07:50:45','abc','前期准备','周清华','13636239848','区政府与东风实业已签订项目建设协议，现正在进行园区规划设计。先期为大洋电机项目提供临时厂房5000平米，目前正在进行临时厂房工艺布局设计。东风实业产业园项目规划方案已报市规划局；项目建议书和立项批复在2018年1月份已完成；环评报告正在采购当中；地勘工作已进场实施；施工单位招标工作已于2018年2月14日进行挂网招标，3月7日进行了资格预审。\r\n','下一步工作安排：1、加快各项手续的报批工作；2、完成大洋电机项目临时厂房的工艺布局设计。\r\n\r\n','500','2018-05','2020-12'),(157,80,'2018-03-06 07:56:48','abc','前期准备','周清华','13636239848','通过招投标找代理公司以及发布招投标公告等前期筹备工作，目前项目除了立项外，还没有办理如何手续。\r\n','存在的问题：1、资金问题。\r\n下一步工作打算：1、加快项目手续办理工作；2、按照程序，进行招投标工作。','200','2018-05','2018-12'),(158,18,'2018-03-06 08:47:20','abc','开工',' 王英','13997801378','已完成厂房设计、招标、施工单位已进场，3月份完成主要设备技术文件的签订、完成厂房基础施工、签订主要设备购买合同','1、完成地面1~2层的施工；2、白区设备进场安装；    3、完成地面3~4层施工；4、白区设备调试试生产；    5、厂房验收；6、黄区设备安装调试；7、黑区设备进场题','800','2018-02','2018-06'),(159,22,'2018-03-06 08:54:22','abc','开工','杜锋','18971916439','2018年3月超强钢板开平生产线正在建设中','存在问题；1.区政府已同意借企业生产调度资金1000万，企业的土地、房产相关手续已抵押，企业申请用股权质押使用这项资金。                         \r\n                    2.航空路项目建设近期开始，企业租用的车间在航空路边线，项目建设期间尽量不影响企业生产。     \r\n\r\n下一步计划建车架总成生产线。 ','500','2018-02','2018-12'),(160,20,'2018-03-06 09:22:34','abc','开工','瞿道平','13593758887','1、数控倒角机已签订待发货，2、电动螺旋压力机合同已签订待发货，3、数控车合同已签订待发货，4、高速圆盘锯;其他设备合同待签订及制造过程中。\r\n','计划采购数控辗环机、插齿机、喷砂机、数控车等设备。\r\n','1600','2018-03','2019-8'),(161,1,'2018-03-06 09:25:53','abc','前期准备','瞿道平','13593758887','市政府与东风公司签订“1+5”合作协议：进行41厂搬迁涂装线建设;启动43厂搬迁项目生产线设计\r\n','继续41厂搬迁涂装线建设和43厂搬迁项目生产线设计与建设;进行车轮定位检测阵地建设\r\n','100','2018-05','2019-12'),(162,16,'2018-03-06 09:48:20','abc','前期准备','王晓静','13872803126','正在完成项目可研报告。','尽快完成项目可研报告和选址。','50000','2018-03','2019-8'),(163,12,'2018-03-07 01:21:19','abc','前期准备','李勇','13035257202','1、立项已完成；2、正进行工程招投标；3、正进行环境影响评价采购；4；正进行造价咨询公司采购','待招投标结束后，进行设计','0','2017-2','2019-8'),(164,34,'2018-03-07 01:50:51','abc','前期准备','李勇','13035257202','2018年2月茅箭区政府与深圳贝特瑞新能源材料股份有限公司签订合作备忘录，2013年3月中国宝安集团负责人到十堰与十堰市政府就贝特瑞磷酸铁锂正极材料项目选址建设进行对接。深圳贝特瑞公司投资尚未确定，至今没有签订正式投资协议。','待项目协议签订后，启动建设工作','0','2017-06','2019-8'),(165,9,'2018-03-07 02:13:07','abc','开工','王冬浜','13593740465','叉车1台，公告试制样车2台，前期生产线建设筹备','1、因技术标准的提升、补贴标准的退坡，造成全年度经营排产不均衡，上半年主要以新产品开发试制、道路测试、新品公告等事项为主。下半年随着产品的定型，逐步投产。\r\n2、随着下半年的产能提升，大批量的生产物料的购入，势必需要股东方以及外界的资金支持以作运转。\r\n3、因我公司主要产销的新能源汽车底盘产品，体积大、质量重，需要中重型车辆托运发配，目前公司大门处和谐大道无调头路口，造成车辆摆渡的困难，呈请上级领导，予以协调。','3000','2017-2','2018-12'),(166,24,'2018-03-07 02:25:20','abc','开工','龚政','18507280733','1、项目建设总方案已公示，土地招拍挂3月16号摘牌；\r\n2、场平已完成50%，目前正在砌筑挡土墙，随后进一步开挖基础及厂区道路；\r\n3、施工蓝图设计3月底完成；','主要存在的问题：\r\n  1、申请政府招商项目零收费的办理；\r\n  2、与快速通道施工建设单位协调私自借用我方场地作为施工通道及开挖山体落石对我厂临时板房造成损害事宜；\r\n下一步计划：\r\n  按照进度及施工总工期具体实施推进；','1400','2017-09','2018-10'),(167,47,'2018-03-07 02:30:07','abc','开工','胡光娥','18372668329','1.项目于3月6日正式开工；\r\n2.手续已报市规划局，目前还在办理中。','存在困难：\r\n1.因重武路目前还未开工，该项目与重武路交界的一座山头现在无法平整，影响施工进度；\r\n2.市规划局在办理规划方案审批较慢，到目前为止还未审批通过。\r\n工作安排：\r\n1.积极与区城投公司对接，协调解决场地开挖平整；\r\n2.协调对接市规划局，加快审批进程。','2000','2018-03','2019-8'),(168,70,'2018-03-07 02:32:09','abc','前期准备','张文兰','18772888589','该项目目前未开工。','存在问题：\r\n区政府尽快启动拆迁程序。\r\n工作安排：\r\n1.完善征用扩展（靠军分区山边6米深）山体手续；\r\n2.完善拆迁（国税、地税）相关事宜。','50000','2017-2','2019-8'),(169,28,'2018-03-07 02:40:22','abc','前期准备','赵树山','18371978585','1、进行施工、环评、地勘等单位的招投标工作;\r\n2、已与东风实业就解决相关问题讨论对接；\r\n3、与普尔精密公司就厂区规划调整等问题进行讨论研究。’\r\n','下一步工作安排：1、完善手续的办理；\r\n                                2、尽快完成相关第三方的招标工作；\r\n                                3、确保地勘、施工等单位按照相关规定第         \r\n                                   一时间入场。','500','2018-04','2019-02'),(170,51,'2018-03-07 02:44:38','abc','前期准备','黄霞','18671662288','1.现在正在寻找合适厂房，将日报社印刷厂搬出；\r\n2.着手制作室内装修设计方案。','存在问题：\r\n印刷厂的迁出目前未找到理想位置。\r\n工作安排：\r\n继续在辖区内为其寻找合适厂房，积极对接区政府重资产厂房项目。','600','2017-2','2019-8'),(171,10,'2018-03-07 02:52:31','abc','开工','王启荣','13636256976','目前一期项目内容已建成（具体包括1#2#3#车间、办公楼、宿舍楼）；柴油车尾气处理液生产线及罐装设备全部调试完成；原材料及辅助设备已购进；二期项目基础正在施工。相关行政审批手续完成项：1、不动产权使用证2、建设工程规划许可证3、项目投资备案证4、安全三同时中的安全预评价、安全设计专篇5、环境影响预评价报告6、消防设计审核','待补办理手续事项：1、施工许可证（住建局）2、抗震设防审批（地震局）3、防雷设计审批（气象局）4、安全验收（安监局）5、消防验收（消防支队）6、环保验收（环保局）7、质监验收（建管处）8、竣工备案（档案局）9、职业病危害防治（第三方）','2000','2017-07','2018-10'),(172,44,'2018-03-07 03:08:14','abc','前期准备','王建设','13687215678','目前该项目前期地勘、林地调查已完成，正在启动拆迁工作，已签订一栋楼的拆迁协议。部分装机完工，部分土方开挖。','1.恒大十堰公司经董事会授权，前期与区棚改办签订了委托征收框架协议，与二堰街办在银行开设了共管账户，但由于相关问题没有明确，具体征收工作尚未开展。建议区政府召开专题会议，明确征收服务范围，研究资金筹集（恒大资金和棚改资金注入）问题，优化项目实施流程，进一步提高服务恒大项目的速度和质量。\r\n2.统筹柳中路、北京路至上海路连接线等两条内循环市政道路红线范围内的征收补偿工作，为恒大二期项目推进和提高二期品质打好基础。','1005','2017-2','2019-8'),(173,8,'2018-03-07 03:20:41','abc','前期准备','赵树山','18371978585','同区政府签订科创园运营战略合作协议，同施工单位沟通科创园建设思路，按照集约化、智能化、标准化要求进行设计和施工。','经与区科技局等单位联系获悉，由于项目调整，该项目已迁至武当路街办三环桥头。已向区项目办申请更改责任单位。','0','2018-05','2019-12'),(174,21,'2018-03-07 06:48:40','abc','前期准备','刘鹏','13508682289','正在规划筹备中，购进320T尹之密注塑机一台。','一、主要问题：\r\n  1、生产场地不能满足冰箱投产需要。\r\n  二、 下一步计划：\r\n 1、完成新产品模具和生产准备工作。','50','2018-06','2018-12'),(175,35,'2018-03-07 06:56:21','abc','前期准备','张薇','13707288397','2018年2月，对接了诺克公司的负责人，了解项目合作的基本情况。目前双方还在洽淡，诺克公司前期制定产品升级改造方案目前正在日本总部论证。','在谈','0','2018-03','2019-03'),(176,36,'2018-03-07 06:57:45','abc','前期准备','张薇','13707288397',' 2017年下半年，由周庆荣书记和明怀宇副区长分别带领招商小分队已赴德清考察对接2次。经了解，浙江高领新能源科技有限公司已于十堰市博拓贸易有限公司（十堰市茅箭区南街社区人民北路67号）签订正式合作协议，对方预计4月初来十堰投资考察。','在谈','0','2018-03','2019-03'),(177,37,'2018-03-07 06:58:46','abc','前期准备','张薇','13707288397','2018年1月中旬，区招商小分队赴上海闵行区考察，目前项目正在进一步对接。','在谈','0','2018-03','2019-03'),(178,38,'2018-03-07 06:59:33','abc','前期准备','张薇','13707288397','近期正和公司以专题报告形式向区政府汇报项目进展，目前正在进行项目规划论证。','在谈','0','2018-03','2019-03'),(179,39,'2018-03-07 07:00:29','abc','前期准备','张薇','13707288397','目前正在与拟引进企业进行合作洽谈。','在谈','0','2018-03','2019-03'),(180,40,'2018-03-07 07:01:23','abc','前期准备','张薇','13707288397','2017年12月底，顺意汽车零部件有限公司总经理罗永健一行赴茅箭区考察胡家工业园、何家沟工业园，对接了汽车零部件生产项目。3月14日，明怀宇副区长带队实地考察了台州市顺意汽车零部件有限公司，双方对招商引资相关优惠政策等问题进行深入沟通交流后，对方计划4月到茅箭进行详细考察洽谈。','在谈','0','2018-03','2019-03'),(181,41,'2018-03-07 07:03:13','abc','前期准备','张薇','13707288397','2018年元月，茅箭区委常委、常务副区长顾衍波带领招商小分队赴武汉进行项目对接。','在谈','0','2018-03','2019-03'),(182,42,'2018-03-07 07:03:56','abc','前期准备','张薇','13707288397','目前正在进行前期对接。','在谈','0','2018-03','2019-03'),(183,54,'2018-03-07 07:04:50','abc','前期准备','张薇','13707288397','2018年3月13至15日，茅箭区委常委、统战部长王雁波带领招商小分队赴重庆，再次考察了重庆猪八戒网总部，与公司副总裁刘川郁进行了座谈，并在合作项目战略升级方面达成共识。21-22日猪八戒网城市项目华东大区高级项目经理姚斌带队赴茅箭区考察备选场地及产业情况。期间看了积家广场、创家科技、汉城汽车工业园、汇城大厦、十堰国际金融中心、5D智能制造、驼鞍沟、枧槽村以及佰昌众创空间孵化基地，考察完毕后区商务局提供了市情区情和产业资料以及枧槽村和驼鞍沟地形图纸，下一步猪八戒网将针对拟合作项目做具体规划。','在谈','0','2018-03','2019-03'),(184,55,'2018-03-07 07:05:37','abc','前期准备','张薇','13707288397','3月14日，京东集团旗下的京东云和京东医药来堰考察，就云技术中心和智慧医疗项目与市直各相关部门进行了初步洽谈，暂未达成明确意向。','在谈','0','2018-03','2019-03'),(185,30,'2018-03-07 08:13:46','abc','前期准备','瞿海英','13636186221','1、2018年3月7日前完成项目招投标资格预审，20天后开标。\r\n2、产品正在研发投入阶段，1－3月预计投入300万','生产场所限制产品研发和生产能力，下一步尽快完成立品设计及项目手续，早日进入建设阶段','300','','2019-11'),(186,31,'2018-03-07 08:25:11','abc','前期准备','瞿海英','13636186221','1、因该项目的用地不该片区的总体规划，现规划手续已上报市规委会，申请将该用地调整为工业用地（原为商业及绿地，其中5.3亩要变更土地性质，24.3亩要进行征收），待规划手续通过后即可签订企业投资协议\r\n2、公司对前期设备投入、场房建设进行考察','积极跟进市规划局业委会的召开，第一时间掌握该项目的调规情况。','100','2017-2','2019-12'),(187,53,'2018-03-07 09:16:11','abc','前期准备','曹飞','13177477198','项目正在筹备中，下一步进行招商引资。','未落户','0','2018-12','2020-12'),(188,19,'2018-03-07 10:14:54','abc','开工','王启荣','13636256976','目前已增加一台折纸机，两台PU胶机，并制定了优化改造现有生产线的方案','目前存在的主要问题是资金问题和用工问题；下一步预备实施现有生产线优化改造方案，提高生产效率','15','2018-01','2019-01'),(189,75,'2018-03-08 00:35:33','abc','开工','张鹏','17771931858','土方开挖及临建搭设','下一步将进行池体结构建设','300','2018-03','2018-12'),(190,82,'2018-03-08 00:38:12','abc','前期准备','张鹏','17771931858','正在选址，并开始EPC招标。','尽快选址、尽快开工。','20','2017-2','2019-12'),(191,71,'2018-03-08 01:27:40','abc','开工','秦道忠','13872848382','1.办理前期建设手续。2.正在进行施工单位招投标。3.场地平整过程中。','招投标完成之后开始基础开挖','7480','2018-03','2019-12'),(192,86,'2018-03-08 03:40:43','abc','开工','赵茜','18007281135','项目进展：完善园区道路工程、挡墙美化优化工程、铺设园区游步道；栽种郁金香100余亩；紫藤长廊主体完成，安装木栏杆；售票厅、售货亭主体完成；园区导视系统制作完成。\r\n手续办理：林权不动产登记启动森林资源调查等手续；规划审批在衔接协调办理中。','存在困难：\r\n1.开年用工困难，公司招聘员工难，且受天气影响工程进度；\r\n2.以市城市规划修编为契机，需努力做好规划编制工作，把秦巴生态植物园范围纳入城市总规，编制片区内建设用地，区政府已向市政府报告，待市政府批示。\r\n下一步工作建议和安排：\r\n1.合理安排工程进度，加强人员招聘；\r\n2.建议请区主要领导向市主要领导汇报秦巴生态植物园规划的详细情况后，需要市政府致函规划编制单位或下文到规划局要求把秦巴生态植物园涉及水源区的建设用地先行纳入，待水源区取消方可建设。\r\n3.做好开园前筹备工作，对道路、场地、安全警示进行完善。','500','2017-2','2020-12'),(193,91,'2018-03-08 03:43:08','abc','开工','赵茜','18007281135','项目建设：完成第三级拦河堰施工和岸边景观石摆放，同时对河道进行清淤。\r\n沿线整治：盛康路景观改造房屋二栋，12户房屋设计基本定稿；路边临时建设拆除入户调查已基本结束；第三方还在评估阶段。','存在困难：\r\n  拆违工作难度大，拆违工作难度大，屠宰场、采石场、预制板场前期谈判进展缓慢，河道施工占地等问题，导致施工方案无法最终确定，影响了施工进度。\r\n \r\n下一步工作建议和安排：\r\n  积极加大工作力度，做好协调，尽快进行施工和完善相关手续；安排施工单位对河道施工范围进行测量，然后进行施工。','140','2017-2','2018-12'),(194,61,'2018-03-08 06:46:45','abc','开工','刘从军','15807289995','完成凤凰路至屠宰场间坟墓迁移，完成北广场刘明税、刘连明两户的资金兑付倒房工作。二期基础土石方、基础工程，一期广场回填、墙面石材干挂。','进行屠宰场至华神间坟墓迁移和26户个人货币化安置资金兑付、倒房工作。','1680','2015-07','2019-8'),(195,58,'2018-03-08 09:27:55','abc','开工','翁秋萍','13617197710','一期：抓紧时间，积极协调，与开发商沟通尽早拿到房源；\r\n二期：A1区8幢商住楼（32层）和4幢独立商业楼主体结构施工；\r\n拆迁：已完成6家企业拆迁协议的签订，并已兑付拆迁资金；\r\n手续：规划选址、规划用地手续已办理，土地批次手续已办理。','困难：一期安置房源交付，二期土地规划手续办理。\r\n下一步工作安排：一期积极协调早日拿到一期安置房源。二期有效推进安置区建设进度，办理土地招拍挂手续及建筑工程许可证。','19200','2014-06','2023-12'),(196,64,'2018-03-08 09:31:06','abc','开工','翁秋萍','13617197710','工程：路基处理及管沟恢复。\r\n拆迁：已完成南出口凤凰路至屠宰场间坟墓拆迁。下一步进行屠宰场至华神间坟墓拆迁。\r\n手续办理：规划用地、林业、批次用地手续已办理。','下一步工作计划：积极推进工程建设，协调相关街办加快拆迁进度。','820','2012-04','2018-12'),(197,7,'2018-03-09 00:38:27','abc','开工','盛平','13986882557','边招工边开工，边建设边发展。为了克服用工荒困境，调整思路，招聘部分普工从基础操作开始培训。目前已解决一线工人近30人，承接东风德纳车桥盆角齿加工月产15000件、哈弗汽车发动机皮带轮月产12000件及部分产品的打样试制任务。','1、随着机器开动率提高，订单增加，流动资金压力增大。\r\n2、产业工人严重短缺，招工不足。\r\n3、原有从5D智造谷经停的园区通勤班车近日更改通行线路，不经停5D智造谷，导致部分员工上下班很不方便，部分已入职员工因为通勤不便有意离职，如此将进一步加剧用工荒局面。\r\n4、办公场地、员工住宿空间日显紧张，请园区加快办公楼及住宿场所的建设。','4500','2017-2','2018-12'),(198,4,'2018-03-09 00:42:37','abc','开工','杨东升','13907283535','焊装车间和专用车车间基建','计划近期焊装车间和专用车车间基建。','7000','2017-08','2020-12'),(199,23,'2018-03-09 00:46:13','abc','开工','彭祖锐','13297199000','完成建设项目登报公示；产成品模具和工装的开发合同签订; 项目进展情况：已完成咨询工作，报告已转到建工科。','积极联系双兴净化器有限公司及区商务局，帮助项目推进。','200','2018-01','2018-12'),(200,6,'2018-03-09 01:09:34','abc','开工','万刚','13872811827','招标完成，首付款。','加快厂房基础设施建设。','3000','2018-01','2020-12'),(201,79,'2018-03-09 01:13:10','abc','开工','张哲','13872777300','铁塔移除工程、水、电接入报装，林木青苗补偿、土地补偿、土石方工程前期准备工作。','下一步挖运土石方，平整场地。','1300','2018-02','2019-12'),(202,32,'2018-03-09 01:14:36','abc','开工','张一鸣','18671914333','已注册十堰市始工建材有限公司作为项目业主，项目环评报告已完成；正在搭建临时板房；厂区设计正在进行。','1、厂区门前约400米道路未硬化，影响设备进场施工；2、厂区水电不通，企业称可自行协调从其它企业接入。','100','2018-03','2019-03'),(203,11,'2018-03-09 01:16:58','abc','开工','彭祖锐','13797279696','目前土体平整工作已完成90%，剩余10%部分为与相邻企业地界部分尚未完成。','1.与相邻企业地界红线尚未确定。2.地界红线图确定后，确定项目设计方案，并递交规划部门审理。3.红线确定后，开始砌地界挡墙。','1000','2018-01','2019-12'),(204,73,'2018-03-09 02:06:45','abc','开工','沈浩然','18707289768','已完成文化广场、北京路居然之家前2座人行天桥的建设，邮电街口立交桥、北京路、上海路、重庆路车行立交桥正在建设。','1、邮电街口人行天桥，正在进行国药大厦、电信公司附属楼拆迁协调事宜。\r\n2、北京路、上海路、重庆路车行立交桥进行绿化、路灯迁移工作。','900','2018-11','2019-8'),(205,15,'2018-03-09 02:15:16','abc','开工','查方鸽','13687200586','本月进度：清理剩余土石方外运约4万方\r\n手续办理情况：土地上的相关证件正在办理之中\r\n','场地平整及坚硬物破碎','1100','2017-08','2018-12'),(206,74,'2018-03-09 02:17:11','abc','前期准备','沈浩然','18707289768','林荫大道一号线、三号线为综合管沟，航空路为综合管廊建设。此项目与道路建设同步实施，目前正在进行道路沿线的房屋征收拆迁工作。','下一步加快房屋征收工作，完善管廊的规划设计工作。','0','2017-2','2019-8'),(207,76,'2018-03-09 02:28:00','abc','开工','沈浩然','18707289768','重庆路改造已完成重庆路小学至三环桥段人行道、道牙、平石、水稳、底层沥青铺设，完成重庆路小学至林荫大道2号线立交桥匝道口右侧道牙、平石、水稳、底层沥青铺设。已完成浙江路口至幸福路口2.2公里道牙、平石、水稳、底层沥青铺设工作。北京路综合改造项目已开工，完成道路一侧的人行道牙拆除工作，正在埋设管线。','交通压力大，施工受干扰。下一步，加快施工，确保按时间节点完成施工任务。','3500','2017-09','2018-06'),(208,77,'2018-03-09 02:29:38','abc','前期准备','沈浩然','18707289768','正在进行前期项目论证和规划方案设计。','无','0','2018-03','2019-8'),(209,56,'2018-03-09 02:32:41','abc','前期准备','沈浩然','18707289768','目前，市水利局正在进行调水工程的项目建议书；市规划局进行景观改造的初步改造方案；市房管局正在进行百二河沿线棚户区改造实施方案。','加大与市直相关部门的对接，掌握相关手续的办理情况及改造方案的审定情况，为项目做好服务协调工作。','0','2018-03','2022-03'),(210,83,'2018-03-09 03:29:29','abc','前期准备','李道明','15586989999','鸳鸯学校：项目规划和建筑设计方案市规划局已公示，即将审批，现正在深化建筑设计、图纸审查和预算编制。\r\n天津路第二小学：完成土地预审，规划和建筑方案设计、报批。','鸳鸯学校：1、该项目是原址新建，受地理位置及北面胡家小区日照影响，使得新设计运动场面积偏小，达不到标准。因此需要占用南面山体6.5米，增加用地面积约3200平方米。 2、学校北面村民占用的林地面积约900平方米需协调收回。       \r\n天津路第二小学：征地手续，施工图设计，地质勘查，图纸审查，编制预算。        ','300','2018-01','2019-8'),(211,17,'2018-03-09 04:52:41','abc','前期准备','王声','13477305048','已与华昌达公司签订协议，并做好了各级发改委（局）的备案工作，同时与国家电网开展华昌达附近电站扩容改造投资工作达成协议，解决了东城变电站容量不足问题。计划4月正式在华昌达公司厂房屋顶开建分布式光伏电站。冠达公司尚在洽谈当中。','投资建设内容发生变化：2018年度总投资约3300万元。项目为：在华昌达公司利用其厂房屋顶建设2MW分布式光伏电站、厂区内储能电站；在冠达公司利用其厂房楼顶建设4MW屋顶分布式光伏电站、厂区内储能发电站。\r\n华昌达公司光伏电站项目计划4月正式动工，冠达公司光伏电站项目尚在洽谈中。','0','2018-04','2018-12'),(212,69,'2018-03-09 06:02:36','abc','前期准备','梅光锐','15971886705','开展项目前期准备工作，该项目暂时处于计划阶段，目前正在积极向相关领导汇报讨论建设方案，并积极向市、区两级政府争取资金来源。','下一步加大该项目汇报力度，争取尽早确定可行方案，争取对许白路环境整治项目拆迁群众早日安置。','0','2017-2','2019-8'),(213,62,'2018-03-09 06:52:51','abc','开工','一八年一月','13920180001','2017年过渡费支付手续已完成，相关资料已提交中国银行北京路支行，近期可将过渡费发放至老百姓手上。','无','889','2017-2','2019-8'),(214,14,'2018-03-09 07:01:22','abc','前期准备','许艳丽','13593709336','规划设计及场地平整','需要市级协调相关部门尽快办理规划手续。\r\n待规划图审批后，立即启动厂区建设。','1000','2018-04','2018-12'),(215,78,'2018-03-09 08:04:37','abc','前期准备','余伟','13997823935','正在申报项目资金','待资金到位后，与相关乡镇、街办、开发区对接，启动项目','0','2018-04','2019-12'),(216,81,'2018-03-09 08:06:03','abc','前期准备','余伟','13997823935','正在进行招投标','待招投标手续完成后，立即启动项目','0','2018-04','2018-12'),(217,67,'2018-03-21 02:17:02','abc','前期准备','关晓波','18371968777','未开工','市级项目。','0','2018-12','2021-07'),(218,68,'2018-03-21 02:41:39','abc','开工','关晓波','18371968777','大黄路正在办理规划选址意见书，其他前期手续均已到位，待规划选址意见书批复后即可到省发改立项。茅官路现在正在办理林业手续（需到国家林业部审批），批复后即可开工。五卡路正在编制工可。','茅官路涉及赛武当自然保护区，需在生物多样性评价通过评审后到国家林业部办理林业手续，程序繁琐，难度较大。','200','2017-08','2020-12'),(219,84,'2018-03-21 03:36:58','abc','开工','王玉超','17320591245','已办理规划审批和用地批次审批。','正在积极与农户协商沟通占地补偿协议问题，下一步将会做好协调工作，争取尽快解决好土地占用问题。','300','2018-03','2018-12'),(220,43,'2018-03-21 08:42:00','abc','前期准备','陈双','8666692','本月正在办理相关手续规划设计图中','剩余拆迁工作需加速完成','200','2017-12','2019-8'),(221,49,'2018-03-21 08:45:57','abc','开工','陈双','8666692','本月正在办理消防等相关证件及施工筹备阶段','无','30','2017-11','2018-12'),(222,52,'2018-03-21 08:49:22','abc','前期准备','陈双','8666692','正在选址中，与“滴滴”等项目洽谈中','无','50','2018-03','2018-11'),(223,87,'2018-03-22 02:40:19','abc','开工','王玉超','13635729949','可行性研究报告以及方案图纸审计评估、项目招投标工作，地面填土整平，原有可直接施工区域展览温室材料开始进场并进行基础浇筑以及骨架安装工作。','将会加快工作进度，积极完成好前期报告评估以及面平整工作。','200','2018-03','2018-10'),(224,95,'2018-03-22 03:03:08','abc','开工','王玉超','17320591245','各个建设点的正在进行选址。','存在建设地点用地的矛盾问题，正在与农户积极的协调沟通，将会尽快解决好占地赔偿相关事宜。','250','2018-03','2018-08'),(225,92,'2018-03-22 03:04:36','abc','开工','一八年一月','13920180001','由于该项目已经放弃投资，建议不列入2018年重点项目库。','由于该项目已经放弃投资，建议不列入2018年重点项目库。','0','2017-2','2019-8'),(226,93,'2018-03-22 08:43:12','abc','开工','赵利','13617195125','分乡镇、街办组织开展全区厕所调查摸底工作、正在进一步完善实施方案，科研。目前厕所革命 试点在大川唐家村开工。','部分单位数据还在调整完善，确定数据后出台厕所革命实施方案，根据不同户型加快不同类型的设计','50','2018-03','2018-12'),(227,72,'2018-03-26 00:46:59','abc','开工','谢瑜','15271426641','景家院隧道全线贯通，景家院大桥主体完工，曹家一号隧道完成总工程量的百分之80；新增红线内用地已完成实物测量，相关用地手续正在办理中。','被征地村民的安置问题区政府已明确由东城开发区统一安置，至今未安置到位，一直支付过渡费增加政府开支。\r\n下一步项目指挥部将积极协调施工方及相关部门实时办理临时用地和新增用地相关手续。','1000','2015-11','2019-12'),(228,89,'2018-03-26 07:56:37','abc','开工','张筱雨','18371937168','五茅路猫仔咖啡馆、猫猫咪垭、猫仔天空正在进行涂料、栏杆等房屋改造，节点一、节点二、节点三正在进行杜鹃、月季、红叶石楠等绿化；马赛路蝶恋花、陌上花正在进行房屋改造收尾工作，节点七、节点八、道路沿线正在进行杜鹃、银杏等绿化，节点六、节点八正在进行自行车道建设。','马赛路兴旺山庄处、燕巢岭处（竹林）、荣欣山庄处、紫薇岛正门口自行车道用地问题','455','2017-06','2018-10'),(229,97,'2018-03-26 08:06:58','abc','前期准备','於少武','18062170008','对技术方案进行比选，修改完善项目实施方案。','项目资金未下达，项目方案进行审查批复。','0','0','0'),(230,60,'2018-03-27 02:39:20','abc','开工','金超','15387251677','1、已完成初步勘察并出具报告，设计已完成初步设计、概算编制工作，待通过评审后启动施工图设计2、武当路复线林业采伐许可证已办理，已完成林地菜地实物调查，丹江路至吉林路连接线开工点已启动清表、山体开挖工作。3、我区已于3月1日集中发布四条道路的房屋征收决定和补偿方案，目前正在做前期准备工作4、已经初步选好弃土区，位于二堰街办，为项目施工做好保障。','1、尽快启动建设红线范围内房屋征收摸底、调查、测绘、评估等房屋征收前期工作，招标第三方服务机构，进场开展工作，为大面积倒房交地做好保障。\r\n2、全面完成青苗补偿、坟墓迁移、林业砍伐等工作，兑付相关补偿资金，将土地移交施工方。\r\n3、落实补偿资金。结合我区棚户区改造工作申报项目，争取资金，同时协调市直相关单位，落实补偿资金。\r\n','0','2018-03','2021-03'),(231,63,'2018-03-27 02:41:53','abc','前期准备','金超','15387251677',' 1、目前已完成初步勘察并出具报告，设计已完成初步设计、概算编制工作。2、航空路林业采伐许可证已办理。\r\n3、已完成林地菜地实物调查。\r\n','1、房屋征收工作尚未全面展开，急需招标第三方评估机构进场开展工作，并组织相关单位进行房屋实物调查，启动征拆；\r\n2、协调完成青苗补偿、坟墓迁移、房屋征拆。\r\n下一步工作建议\r\n1.建议加快征拆迁改方案出台，锁定红线内障碍物等拆迁工程量，以正式文件明确排障计划；\r\n2.基于优先启动路段需尽早启动建设，征拆迁改工作需按排障计划完成。\r\n','0','2017-2','2019-8'),(232,65,'2018-03-27 02:44:17','abc','开工','金超','15387251677','1、目前已完成初步勘察并出具报告，设计已完成初步设计、概算编制工作，待通过评审后启动施工图设计。2、林荫大道一号线林业采伐许可证已办理，已完成林地菜地实物调查，京中国际学校至天津路开工点已启动清表、山体开挖工作。3、我区已于3月1日集中发布四条道路的房屋征收决定和补偿方案，目前正在做前期准备工作。','当前存在的问题\r\n1、征迁补偿费用尚未到位。四条道路涉及大量居民房屋、企业厂房及集体房屋的征收拆除，需要大量的拆迁安置补偿费用及工作推进保障经费，目前这两块费用均尚未明确，直接影响项目推进。\r\n2、房屋征收购买服务经费未落实。鉴于我区涉及大量市政工程、招商引资、扶贫搬迁、棚户区改造等众多项目，在干部力量、财政保障上存在较大空缺等客观事实，同时借鉴棚改项目建设的成熟经验，经市政府同意，采取引进第三方征收服务机构的操作模式，推进房屋征收工作。但相关保障配套经费没有落实，无法招标引进第三方服务机构，房屋征收工作无法有效开展。\r\n3、基层一线人员缺少办公经费。项目建设协调工作周期长、任务重，抽调人员多，基层各工作专班涉及到大量用车、用油、用房、加班加点，区级指挥部、基层各工作专班及实施单位急需配套办公经费，目前市级层面尚无明确意见。\r\n下一步工作计划\r\n1、明确重点开工点。着重做好林荫大道一号线重小路经林荫大道2号线到重庆路段和京中国际学校到天津路段两个开工点的征迁排障，利用目前有限的项目资金，集中解决好开工点的坟墓迁移、林地菜地补偿工作，尽快为施工方提供作业面。\r\n2、先期启动房屋征收摸底。房屋征收公告已经发布，道路建设也亟需作业面。下一步先招标引进具有成熟经验的第三代拆迁服务机构，启动道路建设红线范围内的房屋摸底调查、测绘工作，尝试同红线范围内的厂房、办公楼等征迁事项进行接触磋商，待资金到位后大干快干。\r\n3、落实拆迁补偿资金。加大同市相关单位的协调力度，请求尽快解决补偿资金及配套工作经费，明确资金的支付范围和管理办法，确保项目顺利实施。','0','2018-03','2021-03'),(233,66,'2018-03-27 02:47:12','abc','前期准备','金超','15387251677','1、已完成初步勘察并出具报告，设计已完成初步设计、概算编制工作。2、已办理林荫大道三号线林业采伐许可证，完成大洋五洲-民安小区段清表约2公里。3、已于2018年3月正式在十堰日报、十堰晚报、茅箭新闻网、十堰晚报官方微信公众账号等新闻媒体进行公示，茅箭区武当路复线等四条道路项目征收补偿决定和征收补偿方案（茅征收[2018]1号）。','当前存在问题\r\n截止目前，林荫大道3号线林地菜地实物调查基本完成，房屋征拆实物调查仍未开展，影响项目山体开挖，故需协调解决以下事宜：\r\n1、尽快启动招标第三方评估测绘机构，进场开展工作，进行房屋实物调查，启动征拆。\r\n2、加快推动青苗补偿、坟墓迁移、房屋征拆。兑付补偿资金，将土地移交施工方。\r\n3、七星沟拆迁区域的189户拆迁没有资金支持。要尽快纳入棚改进行包装融资。\r\n下一步工作建议\r\n1、武当路街办、东城开发区确定启动路段开工点，全面落实补偿，确保在3月中旬开工。征拆迁改工作需倒排工作按计划时间完成。\r\n2、落实拆迁补偿资金，明确拆迁资金支付的范围。提请市相关单位对征收工作给予支持。\r\n3、聘请拆迁第三方开展工作。尽快明确测绘、拆迁拆迁第三方，明确资金支出渠道，依法依规快速推进房屋征迁工作。\r\n4、加快与3号线红线范围内企事业等单位进行沟通。3号线涉及东风五一厂、市教委老重庆路小学、市商务局改制企业、原商务局幼儿园、市神鹰改装厂等多家企事业单位。要加快对接力度，充分征求企事业单位的意见。开展评估、测绘，锁定补偿实物，促使这些单位先拆先建。\r\n','0','2017-02','2019-8'),(234,94,'2018-03-27 03:35:18','abc','开工','郑珊珊','8795902','截止3月底已完成挂网61000平米，完成生态修复50000平米。','存在的困难和问题：\r\n1、马赛路沿线车流量大，对施工造成一定难度。\r\n2、日渐升高的气温对苗木栽植养护的要求更高。\r\n下一步工作安排：\r\n1、根据市园林设计院结合“六边三化三美”修改的最终方案，尽快组织施工。\r\n2、加强技术指导及跟踪，确保修复成效。\r\n','400','2017-12','2018-12'),(235,85,'2018-03-30 07:14:15','abc','前期准备','王子龙','18062189730','项目控规、修建性详规正在加紧修编，赛武当宾馆、游客接待中心改造设计方案及登山游步道、民俗馆修缮初步方案已完成，文创小镇（小川街）拆迁、征地边界线、拆迁范围及户数已初步确定，待控规评审后确定。','无','50','2018-03','2020-08'),(236,98,'2018-03-30 07:52:49','abc','开工','简盼','13597903728','1.调查摸底全镇需改造和新建厕所情况，以及片区环境整治、绿化亮化工作情况。\r\n2.完成选址、设计等工作。','积极对接服务项目，力争项目早日落地','0','2018-04','2027-12'),(237,100,'2018-03-30 08:00:06','abc','前期准备','简盼','13597903728','待棚改项目得到省住建厅批复后启动拆迁。','待棚改项目得到省住建厅批复后启动拆迁。','0','2018-06','2022-12'),(238,45,'2018-03-30 09:36:48','abc','前期准备','张薇','13707288397','正在进行项目选址。','无','0','2018-08','2020-08'),(239,15,'2018-04-20 03:38:45','abc','开工','查方鸽','13687200586','本月进度：场地平整及坚硬物破碎\r\n手续办理情况：所有手续已办完','存在问题：因修路爆破把挡土墙震坏，公司法律顾问正向有关部门协调\r\n下一步计划：办公室装修','1100','2017-08','2018-12'),(240,48,'2018-04-20 08:15:18','abc','前期准备','许伟峰','15897857888','目前项目正处于用地调规阶段。','存在的问题：该项目调规工作尚未落实到位。建议：区政府加快该项目用地调规相关工作，确保项目尽早落地。','1000','2017-08','2019-8'),(241,46,'2018-04-20 08:23:47','abc','开工','许伟峰','15897857888','1.完成仓储外部道路建设。安排协调合作物流公司入驻现场。\r\n','1.确定该用地的具体范围及用地性质，需区政府配合调规。           2.请区国土局先行办理临时用地手续。\r\n','6000','2018-02','2019-02'),(242,50,'2018-04-23 01:10:50','abc','前期准备','柴东东','13797835677','土地过户还在办理之中。','     一.按年初计划，四月份进行强夯，挖柱子基础，但因土地过户没到位整体规划方案没通过不能进行施工。\r\n     二.目前正在与规划分局沟通协调出整方案，方便我们能尽快施工，预计月底可以协调好。\r\n     三.如果四月底协调好了五月份可进行初施工，强夯.挖基础.争取在6月份把过户手续办理到位，七月正式开建设。','1500','2018-04','2019-04'),(243,11,'2018-04-23 01:25:29','abc','开工','彭祖锐','13797279696','1、规划方案已报规划局  2、场地正面挡土墙已建设完成  3、场地侧面已完成部分挡土墙  4、地质勘查工作已完成。','1.按照地质勘探报告进行场地地基处理\r\n2.确定项目规划设计方案。\r\n3.完成地界挡墙砌筑工程\r\n该企业与周边两家企业界线问题，在项目包联领导区政协主席金菊，茅箭区食药监局局长张伟，副局长孔令顺，政务中心副主任周媛，开发区包联负责人余世娥到达现场与三家企业负责人，面对面进行沟通，关于界线问题已达成一致，该企业正按照计划进行施工。','200','2018-01','2019-12'),(244,23,'2018-04-23 01:49:43','abc','开工','彭祖锐','13297199000','1.现有场地租赁户的搬迁中\r\n2.建设图纸设计院设计中\r\n3.放线前厂区内部的准备工作','1、目前现有场地租赁户的搬迁洽谈落实；2、建设车间及展示中心完成设计和图纸评审工作\r\n存在问题：手续办理周期比较长。','200','2018-01','2018-12'),(245,89,'2018-04-23 01:55:18','abc','开工','张筱雨','18371937168','五茅路节点一、节点三正在进行淡竹、腊梅、西府海棠、香樟等绿化；马赛路节点一、节点六、节点九、道路沿线正在进行香樟、乌桕、银杏、杜鹃等绿化，节点二、节点三、节点六正在进行园建装置艺术，自行车道正在建设，燕巢岭门式刚构桥、赛武当风景区入口门式刚构桥正在做下部结构，肖家沟集装箱站台、紫薇新村收音机站台、料场处方形盒子站台正在建设，料场公厕、蝶恋花公厕正在建设。','马赛路采石场猪圈拆除问题，兴旺山庄处自行车道线路确定事项；紫薇岛正门口自行车道用地问题、赛管局对面自行车道线路走向、协调用地问题、紫薇新村自行车道与老路接口用地问题；自行车道经过居民菜地，需要协调处理。','412','2017-06','2018-10'),(246,3,'2018-04-23 02:47:39','abc','前期准备','董静','13636150142','项目场地整治、地质勘测、三通一平、强夯等基础工程。','确定项目全部设计方案，报规划土地审批。并办理环评批复手续','800','',''),(247,1,'2018-04-23 03:24:03','abc','前期准备','瞿道平','13593758887','启动41厂、43厂搬迁项目生产线设计','继续41厂搬迁涂装线建设、43厂搬迁项目生产线设计与建设;进行车轮定位检测阵地建设\r\n','5000','2018-05','2019-12'),(248,20,'2018-04-23 03:29:53','abc','开工','瞿道平','13593758887','采购数控辗环机、插齿机、喷砂机、数控车等设备。','计划采购数控辗环机、喷砂机、插齿机、数控车等设备。\r\n','500','2018-03',''),(249,18,'2018-04-23 03:37:12','abc','开工',' 王英','13997801378','铸造项目的基建地基已全部弄完，白区、黄区框架结构厂房已建3层，黑区设备已预订。','1、白区设备进场安装；2、完成地面3~4层施工；3、白区设备调试试生产；4、厂房验收；5、黄区设备安装调试；6、黑区设备进场。','350','2018-02',''),(250,8,'2018-04-23 06:48:37','abc','开工','赵茜','18007281135','十堰市洪永工业设计有限公司安全带紧固件生产项目已在三环专汽老厂区租赁厂房，厂区装修已完成，部分设备已到位。湖北光辉节能科技有限公司年产1600套智慧节能烘房建设项目已完成备案。','1.项目有序推进中，下一步待设备进场，扩大生产，引进人才，正式生产。\r\n2.积极与企业对接，做好各项服务。','0','2018-04',''),(251,29,'2018-04-23 06:50:26','abc','开工','赵茜','18007281135','项目进展：项目采取重资产形式落地，先期租用老厂房进行生产，办公楼装修已完成，车间装修基本完成。部分设备已安装到位，部分车间开始生产。\r\n手续办理：项目备案准备工作已完成。','存在困难：\r\n1.项目原计划在驼鞍沟片区征地60亩建设厂房，现暂时租用三环老厂房，场地较小，不能扩大生产。恳请政府尽快落实驼鞍沟新建厂房用地，以期进一步建设项目。\r\n2.租用的三环老厂房，水、电费用较大，希望政府出面协调。\r\n3.厂区变压器承受能力不足，可能影响生产。\r\n下一步工作建议和安排：待设备到位后，正式开始生产。','0','2018-04',''),(252,86,'2018-04-23 06:51:53','abc','开工','赵茜','18007281135','项目进展：栽种金鱼草150余亩、鲁冰花80余亩，月季3000余株；增加停车场挡墙2000方，增加场平面积3000余平；增加4000平月季大观园景点建设；启动二期道路建设。\r\n手续办理：林地不动产登记工作基础性资料完成，即将进入公示阶段；规划审批遇水源区问题，无进展。','存在困难：\r\n1.签订招商引资协议无进展，项目前期投资明细短期内无法拿出具体明细；\r\n2.秦巴生态植物园范围纳入城市总规，编制片区内建设用地，争取水源区周边建设用地困难大。\r\n下一步工作建议和安排：\r\n1.建议请区主要领导向市主要领导汇报秦巴生态植物园规划的详细情况。\r\n2.需要将城市排污管网辐射至马家河水库及秦巴生态植物园项目所在地。\r\n3.做好迎接5.1黄金周的准备工作。','500','2017-2',''),(253,94,'2018-04-23 06:52:03','abc','开工','郑珊珊','8795902','截止4月底已完成挂网11000平米，完成生态修复10000平米。','存在的困难和问题：\r\n1、马赛路沿线车流量大，对施工造成一定难度。\r\n2、日渐升高的气温对苗木栽植养护的要求更高。\r\n下一步工作安排：\r\n1、根据市园林设计院结合“六边三化三美”修改的最终方案，正在加紧组织施工。\r\n2、加强技术指导及跟踪，确保修复成效。\r\n','50','2017-12','2018-12'),(254,91,'2018-04-23 06:52:37','abc','开工','赵茜','18007281135','项目建设：由于环保督查，河道工程目前已全部停工。\r\n沿线整治：12户房屋设计结束；房屋穿衣戴帽工程正在进行；路边临时建设拆除入户调查已结束，正在做工作进行拆除。','存在困难：\r\n  拆违工作难度大，屠宰场、采石场、预制板场前期谈判进展缓慢，河道施工占地等问题，导致施工方案无法最终确定，影响了施工进度。\r\n 下一步工作建议和安排：\r\n  积极加大工作力度，做好协调，尽快进行施工和完善相关手续；安排施工单位对河道施工范围进行测量，然后进行施工；力争改造完工3户。','30','2017-2',''),(255,99,'2018-04-23 06:53:21','abc','前期准备','赵茜','18007281135','1.继续对原施工单位工程量开展审计工作。\r\n2.与多弗国际进行了沟通。','存在困难：\r\n1.紫薇岛旅游开发公司积极性、主动性、配合度不高。\r\n2.多弗国际表示紫薇岛无合作诚意，阻碍了其各项工作的开展。\r\n下一步工作建议和安排：\r\n1.加快对原施工单位工程量的审计。\r\n2.进一步与两方接洽，促进工作开展。','0','',''),(256,57,'2018-04-23 06:55:33','abc','开工','一八年一月','13920180001','2018年4 月进度进度进度进度进度进度进度       项目规划正在报送审批；目前正在实施矿坑修复和棚户区拆迁调查。4月3日 市委书记张维国到项目所在地实地调研。','2018年1月问题问题问题问题问题问题问题问题','0','2017-2','2019-8'),(257,2,'2018-04-23 07:23:55','abc','前期准备','周清华','13636239848','提供大洋电机项目临时厂房5000平米，厂房工艺布局设计方案已完成。环评报告正在按程序报批；地勘工作正在组织实施；施工单位已开标。\r\n','下一步工作安排：\r\n1、根据大洋机电临时厂房设计方案，组织临时厂房施工；2.加快地勘进度。\r\n','3000','2018-05','2020-12'),(258,80,'2018-04-23 07:27:13','abc','前期准备','周清华','13636239848','完成勘察设计招标工作，现十堰市第二建筑设计院正在进行勘察设计。\r\n','下一步工作打算：1、加快勘察设计进度，做好施工单位招标工作。','100','2018-05','2018-12'),(259,19,'2018-04-23 07:31:49','abc','开工','王启荣','13636256976','实施现有生产线的方案，制定现有生产线的规划。','目前存在的主要问题是资金问题，现缺口资金约2000万元。公司人员用工问题，已经解决了一部分用工人员到位。下一步：1.预备陆续招一部分用工人员；2.制定现有生产线规划。','10','2018-01','2019-01'),(260,28,'2018-04-23 07:32:08','abc','前期准备','赵树山','18371978585','1、已完成施工单位招标工作，目前施工单位已入场;\r\n2、已完成监理单位招标工作，目前已入场；\r\n3、与普尔精密公司就厂区道路规划调整等问题进行讨论研究。\r\n4、工期进度表已出具。’\r\n','下一步工作安排：1、完善手续的办理；\r\n                                2、尽快完成相关第三方的招标工作；\r\n                             3、确保第三方按照相关约定加快工作进度；','500','2018-04','2019-02'),(261,95,'2018-04-23 07:32:41','abc','开工','王玉超','17320591245','正在进行选址会审，政府采购办请第三方代理公司对预算、设计单位进行公开招标。','下一步将会分析光伏电站光资源条件，落实接入条件，确认场址建设以及贫困人口集中分布等综合条件进行选址会审。','500','2018-03','2018-08'),(262,10,'2018-04-23 07:48:24','abc','开工','王启荣','13636256976','目前 1#、2#、3#车间、办公楼、宿舍已基本竣工，5#车间及仓库建设预计4月份完成基础地基建设。各项手续基本办好。','下一步：五月份预计完成建设双层油罐的4#车间3600多平米，5#车间1000多平米车间建设及设备安装。','1000','2017-07','2018-10'),(263,9,'2018-04-23 07:49:46','abc','开工','王冬浜','13593740465','\"\r\n办公室、食堂已开始建设，施工面积1000㎡，施工周期三个月。现已完成电路改造、墙面隔断等施工项目。\r\n项目进度：\r\n为客户试制开发了4.5T气制动蓝牌物流车底盘，已发至襄阳试验场上车辆公告，车型计划6月份投产，预计2000台份。\"\r\n','项目建设计划：加快办公室、食堂的装修进度；基于客户订单，于二季度小批量试装空气弹簧独立悬架，同步设计规划核心零部件生产线。\r\n','30','2017-02','2018-12'),(264,13,'2018-04-23 07:53:37','abc','开工','王冬浜','13593740465','进行办公楼主体装饰装修，1#车间装饰装修，2#车间主体建设\r\n','5月初办公楼交付使用，1#车间5月中下旬交付使用，2#车间五月底交付使用\r\n','2000','2017-10','2018-07'),(265,25,'2018-04-23 08:02:25','abc','前期准备','张薇','13707288397','项目初步选址驼鞍沟工业园，拟征地200亩，目前正在与拟引进企业进行合作洽谈。','在谈','0','2018-03','2019-03'),(266,27,'2018-04-23 08:02:45','abc','前期准备','张薇','13707288397','项目拟选址胡家工业园，征地140亩，目前已登记注册湖北普尔精密科技有限公司，招商协议还在沟通洽谈阶段。','在谈','0','2018-03','2019-03'),(267,33,'2018-04-23 08:03:09','abc','前期准备','张薇','13707288397','2018年1月12日，多弗控股集团董事长胡兴荣率考察团一行来到茅箭区考察了华昌达和中正汽车股份有限公司，双方关于紫薇岛项目收购达成初步意向。','在谈','0','2018-03','2019-03'),(268,35,'2018-04-23 08:03:39','abc','前期准备','张薇','13707288397','2018年1月下旬，对接了诺克公司的负责人，了解项目合作的基本情况。目前双方还在洽淡，诺克公司前期制定产品升级改造方案目前正在日本总部论证。','在谈','0','2018-03','2019-03'),(269,36,'2018-04-23 08:04:35','abc','前期准备','张薇','13707288397','2017年下半年区招商小分队由周庆荣书记和明怀宇副区长分别带队赴德清考察对接2次。经了解，浙江高领新能源科技有限公司已于十堰市博拓贸易有限公司（十堰市茅箭区南街社区人民北路67号）签订正式合作协议，对方预计近期来十堰投资考察。','在谈','0','2018-03','2019-03'),(270,37,'2018-04-23 08:04:58','abc','前期准备','张薇','13707288397','2018年1月中旬，区招商小分队赴上海闵行区考察，目前项目正在进一步对接。','在谈','0','2018-03','2019-03'),(271,38,'2018-04-23 08:06:58','abc','前期准备','张薇','13707288397','正和公司已以专题报告形式向区政府汇报项目进展，项目目前正在进行项目规划论证开发设计阶段。','在谈','0','2018-03','2019-03'),(272,39,'2018-04-23 08:07:34','abc','前期准备','张薇','13707288397','2018年1月，区领导和万象集团公司总经理于赴浙江省杭州市萧山区考察万象钱潮股份有限公司。','在谈','0','2018-03','2019-03'),(273,40,'2018-04-23 08:08:01','abc','前期准备','张薇','13707288397','2017年12月底，顺意汽车零部件有限公司总经理罗永健一行赴茅箭区考察胡家工业园、何家沟工业园，对接了汽车零部件生产项目。3月14日明怀宇副区长带队实地考察了台州市顺意汽车零部件有限公司，双方对招商引资相关优惠政策等问题进行深入沟通交流后，对方计划4月到茅箭进行详细考察洽谈。4月13日，罗总一行来茅箭实地考察了驼鞍沟工业园，针对投资项目与明怀宇副区长进行了进一步的洽谈与对接。','在谈','0','2018-03','2019-03'),(274,87,'2018-04-23 08:08:27','abc','开工','王玉超','13635729949','正在进行项目招投标以及地面填土整平工作。','将会加快工作进度，抓紧各方会审，积极完成好前期报告评估以及面平整工作。','1200','2018-03','2018-10'),(275,41,'2018-04-23 08:08:45','abc','前期准备','张薇','13707288397','2018年元月，茅箭区委常委、常务副区长顾衍波带领招商小分队赴武汉进行项目对接。目前拟计划在天津路大洋五洲对面的遂道口附近选址100亩建厂房，规划局正在办理土地变更手续，由集体土地变更为建设用地。（武汉健民已转区卫计局牵头联系）','在谈','0','2018-03','2019-03'),(276,42,'2018-04-23 08:09:17','abc','前期准备','张薇','13707288397','目前正在进行前期对接。','在谈','0','2018-03','2019-03'),(277,54,'2018-04-23 08:09:36','abc','前期准备','张薇','13707288397','2018年3月13至15日，茅箭区委常委、统战部长王雁波带领招商小分队赴重庆，再次考察了重庆猪八戒网总部，与公司副总裁刘川郁进行了座谈，并在合作项目战略升级方面达成共识。21-22日猪八戒网城市项目华东大区高级项目经理姚斌带队来茅箭考察备选场地及产业情况，实地察看了积家广场、创家、汉城、汇成、驼鞍沟、枧槽村、金融中心、5D智能制造和佰昌众创空间孵化基地，考察完毕后商务局给对方提供了市情区情及产业资料以及枧槽村和驼鞍沟图纸。4月11日，对方将草拟好的项目合作协议发来，区政府计划12日召开常务会专题研究协议初稿。截至目前合作协议经双方沟通已确定，猪八戒团队近期将来堰签约。','在谈','0','2018-03','2019-03'),(278,55,'2018-04-23 08:10:00','abc','前期准备','张薇','13707288397','3月14日，京东集团旗下的京东云和京东医药前来十堰考察，就云技术中心和智慧医疗项目与市直各相关部门进行了初步洽谈。4月8日、9日市领导带队赴京东集团考察大数据产业，初步达成合作意向。4月11日，王天军、张强、李天浩对接京东云十堰项目负责人刘志刚，京东云与十堰市政府签订合作协议，建设云计算中心（三大部分：办公场所，不低于2000平米，展示中心不低于2000平米，机房5000-10000平米，京东和市政府共同投资，争取项目落地在茅箭）4月13日，京东云赴十堰就项目选址考察了卢浮宫、汉成天地、十堰国际金融中心及汇城大厦等商业综合体，并进行座谈。4月19日，京东云项目负责人刘总一行在书记、区长陪同下再次实地察看了我区重点推荐的商业帮楼宇，我区也将项目合作方案、推荐备选地图纸以及情况简介提供给对方做项目论证，并将方案上报至区政府，争取项目早日落地。','在谈','0','2018-03','2019-03'),(279,84,'2018-04-23 08:10:50','abc','开工','王玉超','17320591245','理规划审批和用地批次审批已完成，正在进行场地平整工作。','抓紧项目推进以及各方会审，积极推进相关程序办理。','1500','2018-03','2018-12'),(280,45,'2018-04-23 08:12:56','abc','前期准备','张薇','13707288397','名创PDS时尚百货和名创四星级酒店已启动装修工程。吾悦广场和199跨境电商正在修改规划方案。','无','0','2018-08','2020-08'),(281,85,'2018-04-23 08:20:46','abc','前期准备','王子龙','18062189730','项目控规、修建性详规正在加紧修编，赛武当宾馆改造设计方案及登山游步道、民俗馆、游客接待服务中心修缮待方案审定后开始动工，文创小镇（小川街）拆迁、征地边界线、拆迁范围及户数已初步确定，待控规评审后确定。','无问题','50','2018-03','2020-08'),(282,17,'2018-04-24 03:02:49','abc','前期准备','王声','13477305048','已与两家公司签订协议，电力协调工作已到位。华昌达项目已进入设计阶段。','冠达项目虽签订协议，但在董事会上暂未通过，还需进一步协调商谈。\r\n华昌达公司光伏电站项目计划5月上旬正式动工，冠达公司光伏电站项目尚在协调商谈中。','0','2018-04','2018-12'),(283,32,'2018-04-24 04:39:04','abc','开工','张一鸣','18671914333','本月场平已全部完成，计划开始场地强夯作业；手续方面：平面规划图已经完成，正在准备局部地勘报告相关资料。','1、希望工业园尽快修建通往厂区的园区支路；\r\n2、厂区水电未通，企业表示可自行协调从周边企业接入；\r\n3、目前使用的临时施工便道受滥倒渣土影响，通行不便。\r\n下一步：开发区邀请区项目办相关人员到现场查看，由项目办将修建园区支路问题向区委区政府做专题报告；开发区多次组织协调临时用电问题，找到临近两家企业，均表示自身用电负荷已满，不易再接入，下一步将继续协调附近企业；区项目办、开发区一同开展了滥倒渣土调查，目前已得以制止。','100','2018-03','2019-03'),(284,59,'2018-04-24 06:54:31','abc','开工','景永生','13329840778','目前、本项目茅箭段已全线开工，共投入挖掘机、装载机等大型机械设备76台（套）；累计完成土石方施工118万立方米、桩基4根。','55米外、规划红线内临时用地手续未办理到位。下一步将加快手续办理及施工进度。','5000','2017-05','2019-12'),(285,5,'2018-04-24 07:42:54','abc','开工','易琴','13477970630','车间现场改造进入尾声；中央空调系统改造5月到位；引进合作方先进的生产管理系统，前期已进行人员培训；实验室改造计划已启动实施；其它生产设备升级改造稳步推进。','1.现有厂房无法满足公司扩能需要，已报请市规划局设计规划车间1900平米。2.请求解决公司物流通道不畅公司员工停车难问题。','151','2017-09','2019-12'),(286,22,'2018-04-24 08:08:19','abc','开工','杜锋','18971916439','2018年4月超强钢板开平生产线正在安装调试中','存在问题；1.航空路项目建设近期开始，企业租用的车间在航空路边线，项目建设期间尽量不影响企业生产。     \r\n2.区政府已同意借企业生产调度资金1000万，企业的土地、房产相关手续已抵押，企业申请用股权质押使用这项资金。\r\n下一步计划建车架总成生产线。 ','600','2018-02','2018-12'),(287,73,'2018-04-24 08:43:19','abc','开工','沈浩然','18707289768','文化广场、北京路居然之家前2座人行天桥已建设完毕；邮电街口立交桥因涉及拆迁，正在拟定拆迁方案。北京路、上海路、重庆路车行立交桥已完成汉江师范学院的山体开挖，环岛已完成90%，车行便道正在施工中，综合管沟已完成80米，完成投资550万元。','1、邮电街口立交桥建设涉及周边管线迁移、房屋拆迁。','900','2018-11','2019-8'),(288,74,'2018-04-24 08:45:41','abc','前期准备','沈浩然','18707289768','林荫大道一号线、三号线为综合管沟，航空路为综合管廊建设。此项目与道路建设同步实施，道路建设正在开挖山体，管廊还未开工建设。','加快山体开挖，加快推进项目进展。','0','2017-2','2019-8'),(289,76,'2018-04-24 08:49:46','abc','开工','沈浩然','18707289768','重庆路改造重庆路小学前1000米的路段正在进行最后的沥青面层铺设，道路两侧的行道树也在栽种中，预计五一前完工。\r\n浙江路口至幸福路口2.2公里道牙、平石、水稳、底层沥青铺设工作已完成。\r\n北京路综合改造项目沿线3对港湾式公交站已投入使用，道路增加0.5米后正在进行人行道路牙施工，新增的绿化带已建好，体育中心至柳林立交桥博物馆一侧正在进行道路隔离施工进行管廊建设。','下一步，为确保按时间节点完成施工任务，区住建局将积极做好协调服务工作。','3500','2017-09','2018-06'),(290,77,'2018-04-24 08:51:43','abc','前期准备','沈浩然','18707289768','因标志路与武当路复线重叠，现武当路复线标志路段已开工建设。大沟路、柳中路暂未通过市政府研究。恒大路目前已于市规划设计院签订了设计合同，正在上报规划方案，方案获批后由恒大集团组织实施。','无。','0','2018-03','2019-8'),(291,56,'2018-04-24 08:53:55','abc','前期准备','沈浩然','18707289768','市住建委正在进行百二河有水工程和景观改造的方案设计及资金筹措工作。','积极与市直相关部门的对接，掌握相关手续的办理情况及改造方案的审定情况，为项目做好服务协调工作。','0','2018-03','2022-03'),(292,49,'2018-04-25 00:54:30','abc','开工','陈双','8666692','试运行中，主体工程已完工，正在进行商铺招租。','无','670','2017-11','2018-12'),(293,52,'2018-04-25 00:55:45','abc','前期准备','陈双','8666692','正在办理土地、规划手续','隔壁楼盘占用土地，违规搭建，与其协商中','200','2018-03','2018-11'),(294,43,'2018-04-25 00:57:07','abc','前期准备','陈双','8666692','正在进行场地土石方开挖，将挂招牌及后续手续办理中','剩余拆迁工作需加速完成','800','2017-12','2019-8'),(295,78,'2018-04-25 00:58:08','abc','前期准备','余伟','13997823935','正在申报项目资金。','待资金到位后，与相关乡镇、街办、开发区对接，启动项目。','0','2018-04','2019-12'),(296,81,'2018-04-25 00:58:28','abc','前期准备','余伟','13997823935','正在进行招投标。','待招投标手续完成后，立即启动项目。','0','2018-04','2018-12'),(297,83,'2018-04-25 01:31:04','abc','前期准备','李道明','15586989999','鸳鸯学校：项目规划和建筑设计方案市规划局已审批，现正在进行建筑设计、图纸审查和预算编制。\r\n天津路第二小学：完成土地预审，规划和建筑方案设计、报批。目前在国土资源局报批。','鸳鸯学校：1、该项目是原址新建，受地理位置及北面胡家小区日照影响，使得新设计运动场面积偏小，达不到标准。因此需要占用南面山体6.5米，增加用地面积约3200平方米。 2、学校北面村民占用的林地面积约900平方米需协调收回。 \r\n天津路第二小学：征地手续，施工图设计，地质勘查，图纸审查，编制预算。        ','100','',''),(298,7,'2018-04-25 01:58:07','abc','开工','盛平','13986882557','1、2#厂房管线等配套设施开始铺设。\r\n2、空压机房站等部分基础设施施工完成。\r\n3、代表先进机加水平的五轴加工中心调试完毕，开展复杂零件的打样试制业务。\r\n4、承接大洋电机、日本IHI株式会社、驰田汽车、玉柴(发动机飞轮壳)、北方兵工等国内外大型企业的产品委托加工及新产品开发任务。\r\n5、较上月新增2个创业团队，双创平台建设有一定进展。\r\n','1、流动资金不足，滚动持续运行压力增大。\r\n2、通勤班车、公交不到位，员工上下班出行非常不便，导致人员流动性增加。\r\n3、办公场地、员工住宿空间紧张，问题日益凸显。\r\n','1900','2017-2','2018-12'),(299,31,'2018-04-26 00:27:39','abc','前期准备','瞿海英','13636186221',' 2018年3月市规划局召开业委会，土地调规未通过（将原有的土地性质变更为工业用地），现相关部门正在积极与上级部门沟通，努力解决土地调规的相关事项。','因土地调规未通过，致使投资协议无法签订','0','2017-2','2019-12'),(300,30,'2018-04-26 00:30:15','abc','前期准备','瞿海英','13636186221','第一轮招投标因建设单位资质问题导致流标，现区相关部门正在积极准备资料推进下一步工作 ','尽快完成招投标手续，早日进入建设阶段','0','','2019-11'),(301,88,'2018-04-26 01:05:33','abc','前期准备','刘君毅','0719-8795906','初设方案已完成，已向十堰市水利水电局正式提交批复申请及方案，待市局向省厅申报待审查。','待省厅审查批复后，我局将加快组织招标、开工建设。','228','',''),(302,90,'2018-04-26 01:08:28','abc','前期准备','刘君毅','0719-8795906','方案设计已完成，项目正在招标。','加快招标流程，尽早开工。','160','',''),(303,96,'2018-04-26 01:11:52','abc','前期准备','刘君毅','0719-8795906','方案待十堰市水利水电局批复。','待市局方案批复后，立即开展招投标等前期工作。','0','',''),(304,60,'2018-04-26 01:55:00','abc','开工','金超','15387251677','黑炭沟弃土场的道路本月可基本通车。武当路复线丹江路只吉林路段，菜地、林地征收协议已经签订完成。建设单位办公公区正在平整地坪。马家河大桥涉迁房屋开展第三方房屋征收工作。','加快兑付相关补偿资金，将土地移交施工方。\r\n\r\n','0','2018-03','2021-03'),(305,65,'2018-04-26 01:58:00','abc','开工','金超','15387251677','汽车公司影响道路建设正在签订协议。东正公司影响道路建设建筑材料已转移。重庆路桥正在打孔桩。','建议区政府向上争取市级层面和烟草公司、汽车公司等影响施工的单位加强对接。','0','2018-03','2021-03'),(306,66,'2018-04-26 01:59:21','abc','前期准备','金超','15387251677','重庆段清障已完成，正在交接施工单位，具备进场施工条件。','加快推动青苗补偿、坟墓迁移、房屋征拆。兑付补偿资金，将土地移交施工方。\r\n七星沟拆迁区域的189户拆迁没有资金支持。要尽快纳入棚改进行包装融资。','0','2017-02','2019-8'),(307,79,'2018-04-26 03:48:50','abc','开工','张哲','13872777300','资金兑付完毕，已经进入迁移、清表阶段，因环保督查、暂停施工。已经与市科协进行对接，做好规划用地的征收补偿。协调施工队民工住房问题。','启动土方量的开发，协调市科协约8亩地土地置换。','10','2018-02','2019-12'),(308,53,'2018-04-26 03:50:19','abc','前期准备','曹飞','13177477198','正在筹备项目中，下一步进行招商引资。','加大招商引资力度，使项目尽快落地。','0','',''),(309,71,'2018-04-26 03:52:16','abc','开工','秦道忠','13872848382','1.正在办理前期建设手续。2.正在进行施工单位招投标。3.场地平整过程中。','前期招投标手续耗时较长','250','2018-03','2019-12'),(310,82,'2018-04-26 03:53:12','abc','前期准备','张鹏','17771931858','正在选址，开始EPC招标。','尽快确定项目建设地址、尽快开工。','20','',''),(311,75,'2018-04-26 03:54:24','abc','开工','张鹏','17771931858','正在土方开挖及临建搭设','下一步将进行池体结构建设工程','800','2018-03','2018-12'),(312,69,'2018-04-26 03:56:59','abc','前期准备','梅光锐','15971886705','上报区常委会讨论安置区建设方案，积极向市、区两级政府申请资金投入。','加大该项目汇报力度，争取尽早确定可行方案，争取对许白路环境整治项目拆迁群众早日安置。','0','',''),(313,26,'2018-04-26 06:32:33','abc','前期准备','王蓓','8787279','据与双鸥汽车饰件有限公司分三步：1、双鸥公司成为锦恒公司供应商 2、双方合作进行安全气囊技术研发 3、双方合资开展安全气囊生产项目。 现在处于第一阶段,双方人员互访，就产品质量、供货量达成一致协议，签订正式合同。双鸥公司针对新产品进行相关技术改造。\r\n',' 存在的主要问题：1、锦恒公司对项目推进积极性不高。2、双鸥公司负责人鲍总反应其项目配套后勤保障问题，双鸥公司食堂建设问题。双鸥公司原食堂面积小、功能不全，不能满足公司发展需要，计划在厂房后面空地新建一个后勤配套房屋，由于土地的归属问题，（部分土地归白浪开发区所属）需要区里进行沟通协调。','400','2018-03','2020-12'),(314,24,'2018-04-26 07:50:59','abc','开工','龚政','18507280733','1.用地合同及用地确认已完成;\r\n2.已完成场平，毛石墙砌筑，门卫房施工及产区主干道基层；\r\n3.施工单位已入场，开始准备工作与基础施工。','主要存在的问题：\r\n  1、申请政府招商项目零收费的办理；\r\n  2、与快速通道项目协调同一作业区域交叉作业对我方造成安全影响事宜；\r\n  3、与快速通道项目协调因快速通道项目坐标定位偏差导致占用我方规划范围内土地问题。\r\n下一步计划：\r\n  按照进度及施工总工期具体实施推进；','450','2017-09','2018-10'),(315,98,'2018-04-27 02:46:11','abc','前期准备','简盼','13597903728','1.项目框架性协议已签订，项目规划方案已完成。正在与业主方商谈具体投资合作协议。\r\n2.启动厕所革命和片区环境整治、绿化亮化工作。\r\n','1.加大商谈投资力度。\r\n2.结合乡村环境卫生整治，在全镇实施厕所革命工作。','1000','2018-04','2027-12'),(316,100,'2018-04-27 02:50:54','abc','前期准备','简盼','13597903728','1.完成了财政所片区、邮政所、卫生所、政府对面房屋以及7层综合楼片区的4栋120户7000平米房屋立面改造工作，福源小区25栋86户10600平米房屋立面改造工作。\r\n2.对集镇污水管网进行改造。\r\n3.对青瓦寨至变电站路段的景观河道进行治理\r\n4.完成赛武当西路拓宽工程。\r\n5.积极对接规划单位与PPP项目可研单位，做好3p项目包装与项目招商推介。规划单位已出土地规划利用图。\r\n6.已与深圳协和医疗投资公司进行商谈，框架性协议已签订。','积极对接规划单位与PPP项目可研单位，做好3p项目包装与项目招商推介。\r\n','3000','2018-04','2022-12'),(317,34,'2018-04-27 03:26:37','abc','前期准备','李勇','13035257202','2018年2月茅箭区政府与深圳贝特瑞新能源材料股份有限公司签订合作备忘录，2013年3月中国宝安集团负责人到十堰与十堰市政府就贝特瑞磷酸铁锂正极材料项目选址建设进行对接。目前深圳贝特瑞公司投资尚未确定，没有签订正式投资协议。','存在的问题：投资尚未确定，没有签订正式投资协议。\r\n下一步计划：跟踪服务项目。','0','',''),(318,14,'2018-04-27 03:27:57','abc','前期准备','许艳丽','13593709336','正在进行规划设计及场地平整','存在的困难：需要市级协调相关部门尽快办理规划手续。\r\n下一步计划：待规划图审批后，立即启动厂区建设。','200','2018-04','2018-12'),(319,4,'2018-04-27 03:52:11','abc','开工','杨东升','13907283535','焊装设备、专用车车间基建','存在的困难：企业缺乏资金。\r\n下一步计划：计划近期焊装车间和专用车车间基建。','3000','2017-08','2020-12'),(320,12,'2018-04-27 06:38:48','abc','前期准备','李勇','13035257202','4月8日完成招投标工作，16日和18日，项目的两个标段施工人员进场，正进行临时设施建设。','下一步计划：启动二标段、三标段厂房建设。','0','',''),(321,21,'2018-04-27 06:57:01','abc','前期准备','刘鹏','13508682289','正在筹备资金用于购进生产设备。','一、主要问题：\r\n资金短缺。。\r\n  二、 下一步计划：\r\n资金到位后完成新产品模具和生产准备工作。。','20','',''),(322,6,'2018-04-27 06:59:04','abc','开工','万刚','13872811827','规划车间线路，完善基础设施。','下一步计划购置生产设备','3000','2018-01','2020-12'),(323,72,'2018-04-27 07:34:41','abc','开工','谢瑜','15271426641','景家院隧道全线贯通，景家院大桥主体完工，曹家一号隧道完成总工程量的百分之85；新增红线内用地已完成实物测量，相关用地手续正在积极协调办理中，该项目应由我区筹措的项目资本金2700万元已全部筹措到位，并已转入十堰市铁路建设办公室账户。','被征地村民的安置问题区政府已明确由东城开发区统一安置，至今未安置到位，一直支付过渡费增加政府开支。\r\n下一步项目指挥部将积极协调施工方及相关部门实时办理临时用地、新增红线内用地相关手续。','300','2015-11','2019-12'),(324,63,'2018-04-27 07:52:09','abc','前期准备','金超','15387251677','马家河段菜地征收协议全部签订完成，场地平整到位。胡家村段山林征收协议签订完成，目前正在平整场地。','\r\n下一步加快征收协议兑付工作。\r\n提请区政府和市建委出面协调天时达公司征收补偿问题。','0','2017-2','2019-8'),(325,58,'2018-04-28 01:20:06','abc','开工','翁秋萍','13617197710','安置区一期正在与开发商沟通房源事宜； \r\n安置区二期正在进行A1区8幢商住楼（32层）主体结构施工，其中4幢独立商业楼主体结构施工已完成，下一步进行装修； \r\n拆迁：正在进行二期26户个人房屋拆迁谈判； \r\n手续办理已完成规划选址、规划用地手续及土地批次手续的办理。','困难：一期安置房源交付，二期土地规划手续办理。\r\n下一步工作安排：一期积极协调早日拿到一期安置房源。二期有效推进安置区建设进度，办理土地招拍挂手续及建筑工程许可证。','2531','2014-06','2023-12'),(326,64,'2018-04-28 01:21:14','abc','开工','翁秋萍','13617197710','工程：二期工程及北环路二标正在进行稳定层铺设及养护、道牙及人行道工程，北环路一标正在进行道路综合管沟工程，本月已完成2018年度计划的9%。                                                                       拆迁：已完成屠宰场至华神间坟墓拆迁以及南出口26户个人房屋拆迁。                                                                         手续办理：规划用地、林业、批次用地手续已办理。','下一步工作计划：积极推进工程建设，协调相关街办加快拆迁进度。','1560','2012-04','2018-12'),(327,92,'2018-04-28 02:27:56','abc','开工','王玉超','13635729949','各个建设点选址已经完成，正在办理征用土地审批手续。','完善相关手续资料，积极与投资建设公司对接，加快项目进度。','255','2018-04','2018-10'),(328,93,'2018-04-28 07:25:30','abc','开工','赵利','13617195125','大川镇试点建设。','加强政策宣传，做好厕所革命推进工作。','90','2018-03','2018-12'),(329,16,'2018-04-28 10:54:01','abc','前期准备','王晓静','13872803126','正在编制项目可研报告。','存在问题：资金方面周转困难，流动资金短缺。\r\n下一步安排：在完成项目可研报告后进行征地。','50000','','2019-8'),(330,44,'2018-04-28 11:01:24','abc','前期准备','王建设','13687215678','目前由于受红线外放坡调查和规划手续影响，恒大城二期项目基本处于停工状态。','1.拆迁问题：项目二期范围内拆迁面积有5000㎡，受其影响，1-3号楼、11-13号楼均无法开工，严重影响进度；\r\n2.超范围放坡事宜：受超范围放坡影响，二期工程无法正常推动，处于停工状态，所有受都已停办，无法推动。','10','2017-2','2019-8'),(331,47,'2018-04-28 11:06:47','abc','开工','胡光娥','18372668329','完成场平工作，正在进项吊塔安装，正在做防水工程。','存在困难：\r\n因重武路规划调整，我公司位于火车站北广场东侧的置换地余1000平米未置换到位，导致项目工程规划许可证无法整体报批，只能分两期办理。目前，项目一期工程规划许可证、施工许可证已办理完成。二期因1000平米土地手续未到位，无法办理两证。现1000平米林地手续（2016第72批次）已审批，市国土资源局正在办理土地转征手续，转征、挂牌至少需要2-3个月。我公司与上海颐贸公司签订协议：2018年底完成主体建设，交付颐贸公司进场装修，否则公司将承担违约责任。为加快推进项目建设，恳请市政府协调以下部门帮助我们解决：一、请市国土资源局简化办事流程，尽快供地。二、请市规划局允许土地证在办理的同时，一并办理二期项目工程规划许可证。三、请市住建委协调重武路尽快开挖完毕。\r\n下一步工作安排：办理二期施工手续。','1000','2018-03','2019-8'),(332,51,'2018-04-28 11:09:11','abc','前期准备','黄霞','18671662288','新媒体创意文化产业园项目与北京民族文化产业园有限公司签订了战略合作协议，目前依然未找到合适的位置将印刷厂搬迁过去，还在选址','存在问题：\r\n1.需要区级部门和市级部门帮助协调解决好印刷厂选址问题，目前还未找到合适的选址位置将印刷厂迁移过去\r\n2.能否从发改委报送渠道将新媒体创意文化产业园项目列入社会文化类项目，争取省级项目资金。\r\n工作安排：\r\n继续选址，寻找合适的位置尽快将印刷厂搬迁过去','600','2017-2','2019-8'),(333,70,'2018-04-28 11:11:20','abc','前期准备','张文兰','18772888589','项目规划已报市规划局审批。','存在问题：\r\n1.尽快拆除原地区国地税位于杨家沟地上附着物。\r\n2.疏通上海路至杨家沟的道路，以便土石方外运和施工材料的运输。\r\n工作安排：\r\n尽快完善前期手续，拟定于五月底开工。','50000','2017-2','2019-8'),(334,61,'2018-04-28 11:16:11','abc','开工','刘从军','15807289995','进行屠宰场至华神间坟墓迁移和26户个人货币化安置资金兑付、倒房工作。进行二期主体框架，一期广场回填、墙面石材干挂。','下一步工作安排：地面石材铺装，安装工程','3120','2015-07','2019-8'),(335,26,'2018-05-21 07:50:15','abc','前期准备','王蓓','8787279','锦恒公司与双鸥公司就项目推进、项目产品研发等问题正在进行中。','1、锦恒公司对项目推进积极性不高。2、双鸥公司负责人鲍总反应其项目配套后勤保障问题，双鸥公司食堂建设问题。双鸥公司原食堂面积小、功能不全，不能满足公司发展需要，计划在厂房后面空地新建一个后勤配套房屋，由于土地的归属问题，（部分土地归白浪开发区所属）需要区里进行沟通协调。','500','2018-03','2020-12'),(336,15,'2018-05-22 00:57:35','abc','开工','查方鸽','13687200586','本月进度：施工场地硬化及生产设备入场、安装\r\n手续办理情况：所有手续已办完','存在问题：快速通道被损，汽修车间无法施工\r\n下一步计划：设备安装、调试','2500','2017-08','2018-12'),(337,89,'2018-05-22 08:12:55','abc','开工','张筱雨','18371937168','马赛路节点七种植银杏、无患子、法国梧桐等绿化植物，道路沿线种植银杏；园建节点七建设1个公厕和32个停车位；铺设社区老路自行车道砌筑边沟；赛武当风景区入口门式刚构桥做下部结构。','自行车道k1+200-k1+250基础无法施工','163','2017-06','2018-10'),(338,2,'2018-05-22 09:03:13','abc','开工','周清华','13636239848','施工单位已进场，现正在对5000平米大洋电机项目临时厂房进行装修，东风实业产业园项目启动场地平整。\r\n','下一步工作安排：\r\n1、加快厂房装修进度。2、加快场地平整进度。\r\n','5000','2018-05','2020-12'),(339,80,'2018-05-22 09:08:00','abc','前期准备','周清华','13636239848','十堰市第二建筑设计院勘察设计现已经过四次会审，勘察设计工作接近尾声。正在组织相关单位进行工程概算和预算。\r\n','下一步工作打算：1、完成勘察设计，进行施工单位招标工作。','1000','2018-05','2018-12'),(340,9,'2018-05-22 09:14:26','abc','开工','王冬浜 ','13593740465','底盘生产线已完成验收，可投入使用；办公室已完成墙面改造、瓷砖铺设、电路迁移等，计划6月底完成。\r\n','存在的问题：空气弹簧独立悬架底盘、气制动物流车底盘经评审，提出了整改方案，有待下一轮试装验证。\r\n','50','2017-02','2018-12'),(341,13,'2018-05-22 09:19:08','abc','开工','王冬浜','13593740465','办公楼、1#车间装饰装修已完成，2#车间主体建设也已完工且正在装修，同时正在进行外网铺设工程。\r\n','2#车间6月初装修完工，进一步加紧外网铺设进度。\r\n','1500','2017-10','2018-07'),(342,11,'2018-05-22 09:38:15','abc','开工','彭祖锐','13797279696','1、规划方案已报规划局  2、场地正面挡土墙已建设完成  3、场地侧面已完成部分挡土墙  4、地质勘查工作已完成、5、场地地基处理（强夯）完成50%。','1.按照地质勘探报告进行场地地基处理\r\n2.确定项目规划设计方案。\r\n3.完成地界挡墙砌筑工程\r\n4.完成地基处理（强夯）工程\r\n','100','2018-01','2019-12'),(343,23,'2018-05-22 09:45:02','abc','开工','彭祖锐','13297199000','1.完成放线工作\r\n2.一期工程招标完成并签订施工合同；\r\n3.一期工程已开工','施工许可证正在办理，场地勘探正在进行。\r\n','50','2018-01','2018-12'),(344,32,'2018-05-23 01:37:44','abc','开工','张一鸣','18671914333','场地强夯作业已全部完成，目前在进行基础作业，进行设备预埋；正在同厂商洽谈设备采购事宜，预计设备投入500万元作业；通水已经向水务公司报装，待办理，通电已同附近公司达成接电协议。','希望工业园尽快修建通往厂区的园区支路；开发区将积极协调区项目办，按照区委区政府统一规划修建园区支路。','100','2018-03','2019-03'),(345,73,'2018-05-23 02:46:54','abc','开工','沈浩然','18707289768','文化广场、北京路居然之家前2座人行天桥已建设完毕；邮电街口立交桥已完成8根主桩和2根辅桩基，因涉及拆迁，目前正在优化拆迁方案，累计完成投资1200万元。北京路、上海路、重庆路车行立交桥已建设上海路重庆路的综合管沟150米，北京南路段综合管廊已开挖70米；车行环岛硬化已全部完成，正在进行环岛标线和红绿灯安装的准备工作，累计投资800万元。','1、下一步，待环岛标线和红绿灯安装到位后，立即开放环岛；继续综合管廊的建设任务；\r\n2、邮电街人行立交桥将加快拆迁方案的优化，加快拆迁进度。','900','2018-11','2019-8'),(346,74,'2018-05-23 02:49:10','abc','前期准备','沈浩然','18707289768','林荫大道一号线、三号线为综合管沟，航空路为综合管廊建设。此项目与道路建设同步实施，目前，林荫大道一号线京中国际学校段山体已开挖7万方，三号线和航空路正在进行清表工作，道路建设还未开工建设。','加快实物清表补偿工作，加快推进项目进展。','0','2017-2','2019-8'),(347,76,'2018-05-23 02:53:08','abc','开工','沈浩然','18707289768','重庆路改造林荫大道2号线至三环桥段2.4公里车行道、人行道、绿化工程、港湾式公交站等改造已全部完工，正在进行收尾工作。剩余北京路至林荫大道二号线立交桥段800米改造工程，预计在跨北京路立交、林荫大道一号线项目之后再建。\r\n浙江路底层沥青已铺设完毕，绿化带、花坛已建设完毕，自行车到沥青已完成80%，花岗岩人行道已铺设80%，累计投资3800万元。\r\n北京路综合改造项目沿线3对港湾式公交站已投入使用，目前道路西侧的缆线沟已经开挖750米，预制管廊吊装近300米。北京路人民商场门前的地下通道竖井基本完工，即将进入地下主通道施工。北京路改造示范段目前已经完成工程量的50%。预计6月底全部完工。','下一步，区住建局将积极做好协调服务工作，为确保按时间节点完成施工任务。','3500','2017-09','2018-06'),(348,56,'2018-05-23 03:17:34','abc','前期准备','沈浩然','18707289768','市规划局正在对前三名的方案进行必选工作，下一步将对方案进行论证和研究。','积极与市直相关部门的对接，掌握相关手续的办理情况及改造方案的论证和研究，为项目做好服务协调工作。','0','2018-03','2022-03'),(349,10,'2018-05-23 08:25:10','abc','开工','王启荣','13636256976','正在建6号仓储车间，面积900平米，正在做钢构架。4#车间、5#车间平场建基础。','下一步：建设双层油罐的4#车间3600多平米，5#车间1000多平米车间的建设。','500','2017-07','2018-10'),(350,96,'2018-05-23 08:33:46','abc','前期准备','刘君毅','0719-8795906','方案待批复。','按上级政策，投资主体由发改部门改为财政部门，因此暂未批复。后期我局将积极请求市级尽快批复。待方案批复后，立即开展招投标等前期工作。','0','',''),(351,88,'2018-05-23 08:39:36','abc','前期准备','刘君毅','0719-8795906','十堰市水利水电局已将请示文件及初设方案报省水利厅，待审查批复。','待省厅审查批复后，我局将加快组织招标，开工建设。','280','',''),(352,50,'2018-05-24 01:10:56','abc','前期准备','柴东东','13797835677','目前由区人大，东城开发区，人社局协助土地局，市规划局还在协调办理之中','     一，土地过户影响规划方案审批，该项目施工进度推迟，预计6月中旬可以动工建设。\r\n     二，目前正在促进钻探前期准备，手续到位立马开工。\r\n     三，施工图纸正在设计之中，目前进入尾声。','1500','2018-04','2019-04'),(353,19,'2018-05-24 01:29:50','abc','开工','王启荣','13636256976','实施生产线的规划，公司人员用工问题，已经解解决。.','目前存在的主要问题是资金问题，现缺口资金约2000万元，急需政府方进一步协调资金周转，加速实现生产线效能。','15','2018-01','2019-01'),(354,60,'2018-05-24 02:21:53','abc','开工','金超','15387251677','徐家沟段全线开工建设。黑炭沟弃土场5月底前水泥地坪基本铺设完成。代家沟段51户全面开展房屋征收工作。','加快兑付补偿资金，将土地移交施工方。\r\n\r\n','0','2018-03','2021-03'),(355,63,'2018-05-24 02:32:45','abc','前期准备','金超','15387251677','马家河段场地平整到位。胡家村段平整场地。3个重点工程控制点基本可以动工建设。','加快征收协议兑付工作。\r\n提请区政府和市建委出面协调天时达公司征收补偿问题。','0','2017-2','2019-8'),(356,65,'2018-05-24 02:51:04','abc','开工','金超','15387251677','东正公司影响道路建设建筑材料已转移。东城开发区辖区内测量已完成，林木调查完成，正在清算统计上报兑付资金。下一步进入地面清表。','建议区政府向上争取市级层面和烟草公司等影响施工的单位加强对接。','0','2018-03','2021-03'),(357,66,'2018-05-24 02:51:24','abc','前期准备','金超','15387251677','重庆段清障已完成，具备进场施工条件。','加快兑付补偿资金，将土地移交施工方。\r\n七星沟拆迁区域的189户拆迁没有资金支持。要尽快纳入棚改进行包装融资。','0','2017-02','2019-8'),(358,31,'2018-05-24 07:32:16','abc','前期准备','瞿海英','13636186221','因土地调规未通过，现该公司负责人正在积极与上级部门沟通，对土地能否实行先租后买方式进行。','因土地规划部门认定为商业用的，土地出让费较高，单位资金存在困难。希望相关部门能够予以协调。','0','2017-2','2019-12'),(359,90,'2018-05-24 07:32:20','abc','前期准备','刘君毅','0719-8795906','招标完成，施工单位已进场施工。','加大现场协调力度，制定详细的倒排工期施工方案，加快施工进度。','80','',''),(360,30,'2018-05-24 07:34:13','abc','前期准备','瞿海英','13636186221','区相关部门正在积极准备资料，准备进行第二次招投标','因场地限制生产，希望相关部门尽快完成招投标手续，使项目早日动工开建','0','','2019-11'),(361,59,'2018-05-25 00:22:39','abc','开工','景永生','13329840778','目前、本项目茅箭段已全线开工，共投入挖掘机20台、装载机5台、后八轮32台、推土机6台、强夯机3台；累计完成土石方施工200万立方米、桩基15根。','55米主路外、规划红线内临时用地手续未办理到位，现正在加快办理中。','5750','2017-05','2019-12'),(362,85,'2018-05-25 00:37:55','abc','前期准备','王子龙','18062189730','项目控规、修建性详规正在加紧修编，赛武当宾馆改造设计方案及登山游步道、民俗馆、游客接待服务中心修缮等设计方案，正待评审，确定后开始施工。','无。','50','2018-03','2020-08'),(363,52,'2018-05-25 01:19:13','abc','前期准备','陈双','8666692','天津路项目已饱和，开始扩建上海路（湖北医药学院）的园区，主要为大学生创业、科技园团队、生物医疗养生等。','隔壁楼盘占用土地，违规搭建，与其协商中','50','2018-03','2018-11'),(364,49,'2018-05-25 01:19:39','abc','开工','陈双','8666692','试运行中，主体工程已完工，正在进行商铺招租。','无','500','2017-11','2018-12'),(365,43,'2018-05-25 01:20:18','abc','前期准备','陈双','8666692','正在进行场地土石方开挖，将挂招牌及后续手续办理中','剩余拆迁工作需加速完成','850','2017-12','2019-8'),(366,24,'2018-05-25 02:33:59','abc','开工','龚政','18507280733','1.已完成场平，毛石墙砌筑，门卫房施工及产区主干道基层；\r\n2.施工单位已入场，开始准备工作与基础施工。','主要存在的问题：\r\n  1、与快速通道项目协调项目用地交叉问题；\r\n  2、与快速通道项目协调占用土地及损坏工棚赔偿事宜。\r\n下一步计划：\r\n  按照进度及施工总工期具体实施推进；','450','2017-09','2018-10'),(367,78,'2018-05-25 02:39:46','abc','前期准备','余伟','13997823935','正在申报项目资金','待资金到位后，与相关乡镇、街办、开发区对接启动项目。','0','2018-04','2019-12'),(368,81,'2018-05-25 02:40:17','abc','前期准备','余伟','13997823935','正在进行招投标','待招投标手续完成后，立即启动项目','0','2018-04','2018-12'),(369,98,'2018-05-25 09:37:52','abc','前期准备','简盼','13597903728','1.项目框架性协议已签订，项目规划方案已完成。正在与业主方商谈具体投资合作协议。\r\n2.在唐家村按照厕所革命相关要求，开展建设和片区环境整治、绿化亮化工作。\r\n\r\n','1.加大洽谈力度，加快项目进展。\r\n2.结合乡村环境卫生整治，在全镇实施厕所革命工作。','3000','2018-04','2027-12'),(370,100,'2018-05-25 09:40:43','abc','前期准备','简盼','13597903728','1.完成了财政所片区、邮政所、卫生所、政府对面房屋以及7层综合楼片区的4栋120户7000平米房屋立面改造工作，福源小区25栋86户10600平米房屋立面改造工作。\r\n2.对集镇污水管网进行改造。\r\n3.对青瓦寨至变电站路段的景观河道进行治理\r\n4.完成赛武当西路拓宽工程。\r\n5.积极对接规划单位与PPP项目可研单位，做好3p项目包装与项目招商推介。规划单位已出土地规划利用图。\r\n6.已与深圳协和医疗投资公司进行商谈，框架性协议已签订。\r\n7.在合适区域开展产业建设。','积极对接规划单位与PPP项目可研单位，做好3p项目包装与项目招商推介，加快进度。\r\n','2000','2018-04','2022-12'),(371,95,'2018-05-26 03:12:12','abc','开工','王玉超','17320591245','选址会审已经完成，正在进行公开招标中。','下一步将会制定详细的施工方案，加大现场协调力度。','520','2018-03','2018-08'),(372,92,'2018-05-26 03:15:28','abc','开工','王玉超','13635729949','已搭建好各个敞篷基地，食用菌菌棒已上架。','下一步将会对包装车间以及加工车间进行选址和招投标，加快项目进度。','255','2018-04','2018-10'),(373,87,'2018-05-26 03:16:34','abc','开工','王玉超','13635729949','项目招投标已经完场，正在进行地面填土整平工作。','将会加快项目推进力度，抓紧各方会审，积极完成好前期报告评估以及面平整工作。','1500','2018-03','2018-10'),(374,84,'2018-05-26 03:19:01','abc','开工','王玉超','17320591245','正在进行场地平整工作中。','加大现场协调力度，制定详细施工方案，积极推进相关程序办理。','2500','2018-03','2018-12'),(375,7,'2018-05-27 07:57:21','abc','开工','盛平','13986882557','一、新承接订单 \r\n1、东风科尔模具（五轴加工）  2、丹江和创机械货叉罩系列产品 3、十堰减震器有限公司新产品试制  \r\n二、合作开发项目 \r\n1、东风汽车紧固件有限公司年产12万件新能源电机轴。\r\n三、其他\r\n 1、 2#厂房内增设一封闭式恒温车间 ，面积约300平方米，将5台5轴加工中心集中排布，增强稳定性，整体提升高品质零件加工能力。 2、检测中心新增一台三坐标检测仪，除企业自主生产还可以对外承接精密检测业务。\r\n\r\n','1、原有从5D智造谷经停的园区通勤班车已连续三个月不经停5D智造谷，部分员工上下班很不方便，因为通勤问题导致员工流失风险增加，进一步加剧用工荒局面（该问题已向各级部门反馈多次，至今无果，请政府与其他职能部门帮助协调为盼）。\r\n2、随着企业入驻团队增加，生产铁屑存放问题日显突出，现已无处存放，建议政府协调市政、城管等部门在厂房与厂区围栏中间地带搭建简易棚架。\r\n 3、沈阳机床设备到位速度缓慢，严重影响项目进度，原有部分已承接订单或在接洽中订单因没有可用设备只好暂缓或取消，该问题已由区经信局发函给沈阳机床催促协调。\r\n4、流动资金不足，滚动运行、持续投入压力较大，建议由区财政调度资金或以其他方式予以支持。','1800','2017-2','2018-12'),(376,83,'2018-05-27 07:59:16','abc','前期准备','李道明','15586989999','鸳鸯学校：目前图纸审查、编制预算、施工单位资格预审均已办理完成，城投正在对招标控制价进行审核中。\r\n天津路第二小学：完成土地预审，规划和建筑方案设计、报批。目前在国土资源局报批。','鸳鸯学校：下一步准备办理施工单位招标工作及施工许可证手续。\r\n天津路第二小学：征地手续，施工图设计，地质勘查，图纸审查，编制预算。        ','100','',''),(377,51,'2018-05-27 15:52:54','abc','前期准备','黄霞','18671662288','新媒体创意文化产业园项目与北京民族文化产业园有限公司签订了战略合作协议，目前依然未找到合适的位置将印刷厂搬迁过去，还在选址中','存在问题：\r\n1.需要区级部门和市级部门帮助协调解决好印刷厂选址问题，目前还未找到合适的选址位置将印刷厂迁移过去\r\n2.能否从发改委报送渠道将新媒体创意文化产业园项目列入社会文化类项目，争取省级项目资金。\r\n工作安排：\r\n继续选址，寻找合适的位置尽快将印刷厂搬迁过去。','600','2017-2','2019-8'),(378,70,'2018-05-27 15:58:31','abc','前期准备','张文兰','18772888589','市民政局起草养老设施建设及管理办法报市政府审批阶段','存在问题：\r\n一、尽快拆除原地区国地税位于杨家沟地上附着物。\r\n二、疏通上海路至杨家沟的道路，以便土石方外运和施工材料的运输。\r\n工作安排：\r\n尽快完善前期手续，拟定于五月底开工。','50000','2017-2','2019-8'),(379,47,'2018-05-27 16:21:27','abc','开工','胡光娥','18372668329','一期商业负2层结构主体完成，目前正在办理二期工程规划许可证','存在困难：\r\n1000平米置换地转征手续已到位，24日已向市国土资源局打报告，申请简化程序，尽快供地\r\n下一步工作安排：办理二期工程规划许可及施工许可，办理三七土地手续','500','2018-03','2019-8'),(380,44,'2018-05-27 16:28:35','abc','前期准备','王建设','13687215678','恒大城二期项目基本处于停工状态,本月无进展。','恒大城二期规划方案尚未通过审查，项目南侧上海路至北京路道路及市政设施建设进度比较慢','56','2017-2','2019-8'),(381,77,'2018-05-28 01:38:02','abc','前期准备','沈浩然','18707289768','因标志路与武当路复线重叠，现武当路复线标志路段已开工建设。大沟路、柳中路暂未通过市政府研究。恒大路目前已于市规划设计院签订设计合同，正在上报规划方案，方案获批后由恒大集团组织实施。','无','0','2018-03','2019-8'),(382,72,'2018-05-28 02:04:24','abc','开工','谢瑜','15271426641','景家院隧道和曹家一号隧道进口已全隧贯通，景家院大桥主体完工目前正在进行无砟轨道铺设；相关用地手续正在办理中。','被征地村民的安置问题区政府已明确由东城开发区统一安置，至今未安置到位，一直支付过渡费增加政府开支。\r\n下一步项目指挥部将积极协调施工方及相关部门实时办理临时用地、新增红线内用地相关手续。\r\n汛期来临，指挥部将积极协调相关部门及项目施工单位进行防汛安全检查，确保项目施工安全及项目所在区域周边群众的生命财产安全。','400','2015-11','2019-12'),(383,25,'2018-05-28 03:42:15','abc','前期准备','张薇','13707288397','项目初步选址驼鞍沟工业园，拟征地200亩，目前正在与拟引进企业进行合作洽谈。','在谈','0','2018-09','2019-09'),(384,27,'2018-05-28 03:47:28','abc','前期准备','张薇','13707288397','项目拟选址胡家工业园，征地140亩，目前已登记注册湖北普尔精密科技有限公司，招商协议(送审稿)已起草完毕。','在谈','0','2018-07','2019-07'),(385,35,'2018-05-28 03:48:58','abc','前期准备','张薇','13707288397','前期诺克公司制定的产品升级改造方案已通过日本丰田合成公司总部论证。日方公司拟定于5月底安排人员过来到诺克公司公司各相关部门的业务、职务、人员进行调查。双方拟于6月份签订合作协议。','在谈','0','2018-08','2019-08'),(386,38,'2018-05-28 03:49:42','abc','前期准备','张薇','13707288397','项目建设地点在胡家工业园，目前项目公司在等投资商筹集资金，一旦资金到位即可与区政府签约项目合同，开建项目并引进生产设备。','在谈','0','2018-10','2019-10'),(387,40,'2018-05-28 03:50:40','abc','前期准备','张薇','13707288397','4月13日，罗总一行来茅箭实地考察了驼鞍沟工业园，针对投资项目拟选址与明怀宇副区长进行洽谈和沟通。','在谈','0','2018-07','2019-07'),(388,36,'2018-05-28 03:52:09','abc','前期准备','张薇','13707288397','目前，浙江高领新能源科技有限公司已和十堰市博拓贸易有限公司（十堰市茅箭区南街社区人民北路67号）签订贸易合作协议，后期将根据十堰市场销售情况，决定项目投资事宜。','在谈','0','2018-07','2019-07'),(389,54,'2018-05-28 03:55:54','abc','前期准备','张薇','13707288397','5月2日，区政府与重庆花果山企业管理有限公司签订了《“互联网+”型园区+产业共享服务中心项目合作执行协议》。目前，重庆花果山企业管理有限公司已于5月15日在茅箭区重庆路99号汉城天地1号楼2-1注册成立本地公司——十堰腾云众创空间管理有限公司，注册资金500万元，一期1000方空间已开始设计工作。','在谈','0','2018-06','2019-06'),(390,57,'2018-05-28 06:46:32','abc','开工','一八年一月','13920180001',' 项目规划已报送市规划局.矿山修复预计6月底完工。','2018年1月问题问题问题问题问题问题问题问题','0','2017-2','2019-8'),(391,99,'2018-05-28 09:07:40','abc','前期准备','赵茜','18007281135','继续对原施工单位工程量开展审计工作。\r\n','存在困难：\r\n紫薇岛旅游开发公司持续对外招商，无与多弗国际合作的意向。\r\n下一步工作建议和安排：\r\n1.加快对原施工单位工程量的审计。\r\n2.进一步协调服务。','0','',''),(392,42,'2018-05-29 00:59:03','abc','前期准备','张薇','13707288397','目前正在进行前期对接。','在谈','0','2018-10','2019-10'),(393,39,'2018-05-29 01:00:14','abc','前期准备','张薇','13707288397','2018年1月，区领导和万象集团公司总经理于赴浙江省杭州市萧山区考察万象钱潮股份有限公司。目前正在进行前期对接。','在谈','0','2018-08','2019-08'),(394,37,'2018-05-29 01:01:09','abc','前期准备','张薇','13707288397','2018年1月中旬，区招商小分队赴上海闵行区考察，目前项目正进行前期对接。','在谈','0','2018-10','2019-10'),(395,41,'2018-05-29 01:02:04','abc','前期准备','张薇','13707288397','2018年元月，茅箭区委常委、常务副区长顾衍波带领招商小分队赴武汉进行项目对接。武汉健民已转区卫计局牵头联系，目前拟计划在天津路大洋五洲对面的遂道口附近选址100亩建厂房，规划局正在办理土地变更手续，由集体土地变更为建设用地。（武汉健民已转区卫计局牵头联系）','在谈','0','2018-03','2019-03'),(396,33,'2018-05-29 01:09:58','abc','前期准备','张薇','13707288397','2018年1月12日，多弗控股集团董事长胡兴荣率考察团一行来到茅箭区考察了华昌达和中正汽车股份有限公司，双方关于紫薇岛项目收购达成初步意向。','在谈','0','2018-07','2019-07'),(397,48,'2018-05-29 01:52:14','abc','前期准备','许伟峰','15897857888','目前项目正处于用地调规阶段，公司注册已完成。','存在的问题：该项目调规无法落实到位。建议：区政府加快协调该项目用地调规相关工作，确保项目尽早落地。','1000','2017-08','2019-8'),(398,55,'2018-05-29 01:58:58','abc','前期准备','张薇','13707288397','经过前期对接，京东云对投资项目做了一系列论证。5月24日，市商务局组织召开关于京东云“互联网+”新经济发展合作项目协议的商讨会。下一步双方针对协议中的细节问题再进一步商洽。争取项目早日签约、早日落地。','在谈','0','2018-08','2019-08'),(399,5,'2018-05-29 07:12:05','abc','开工','易琴','13477970630','车间现场改造完成并按新的布局搬迁到位；中央空调系统改造完成；引进合作方先进的生产管理系统，本月进行第二轮人员培训；实验室改造计划已启动实施；其它生产设备升级改造稳步推进。','1.现有厂房无法满足公司扩能需要，已报请市规划局设计规划车间1900平米。2.请求解决公司物流通道不畅和公司员工停车难问题。','236','2017-09','2019-12'),(400,3,'2018-05-29 07:22:00','abc','前期准备','董静','13636150142','确定项目全部设计方案，报规划土地审批。并办理环评批复手续。本月土地协议已签，正在进行二次场平。','存在的困难：场地平整费时。\r\n下一步安排：场地平整完成之后尽快启动建设。','800','',''),(401,8,'2018-05-30 01:28:34','abc','开工','赵茜','18007281135','十堰市洪永工业设计有限公司安全带紧固件生产项目已在三环专汽老厂区租赁厂房，厂区装修已完成，部分设备已到位。湖北光辉节能科技有限公司年产1600套智慧节能烘房建设项目已完成项目备案。','1.项目有序推进中。\r\n2.积极与企业对接，做好各项服务。','0','2018-04',''),(402,29,'2018-05-30 01:30:39','abc','开工','赵茜','18007281135','项目进展：项目采取重资产形式落地，先期租用老厂房进行生产，办公楼装修已完成，车间装修基本完成。设备已安装到位，部分车间开始生产。\r\n手续办理：项目备案准备工作已完成。','存在困难：\r\n1.项目原计划在驼鞍沟片区征地60亩建设厂房，现暂时租用三环老厂房，场地较小，不能扩大生产。恳请政府尽快落实驼鞍沟新建厂房用地，以期进一步建设项目。\r\n2.租用的三环老厂房，希望报装独立变压器，三环公司不同意，政府出面协调。\r\n下一步工作建议和安排：加强协调服务。','30','2018-04',''),(403,86,'2018-05-30 01:31:10','abc','开工','赵茜','18007281135','项目进展：本月无进展。\r\n手续办理：林地不动产登记工作基础性资料完成，即将进入公示阶段；规划审批遇水源区问题，无进展。','存在困难：\r\n1.签订招商引资协议无进展，项目前期投资明细短期内无法拿出具体明细；\r\n2.项目规划手续无进展。\r\n下一步工作建议和安排：\r\n1.需要将城市排污管网辐射至马家河水库及秦巴生态植物园项目所在地。\r\n2.加快协议签订、林地手续办理和融资。','500','2017-2',''),(404,16,'2018-05-30 01:37:48','abc','前期准备','王晓静','13872803126','正在编制项目可研报告','存在问题：资金方面周转困难，流动资金短缺\r\n下一步安排：在完成项目可研报告后进行征地','50000','','2019-8'),(405,93,'2018-05-30 01:47:26','abc','开工','赵利','13617195125','大川镇试点工作已完成，新建27户，在建5户，在试点的基础上已下发茅箭区“厕所革命”实施方案。','加强政策宣传，做好厕所革命推进工作，6月份将在全区铺开建设农户厕所，督促牵头单位区住建局做好城镇厕所的规划、执法局做好城市厕所的选址、交通局交通厕所的进度、旅游局旅游厕所的进度。','90','2018-03','2019-12'),(406,91,'2018-05-30 02:10:22','abc','开工','赵茜','18007281135','项目建设：由于环保督查，河道工程目前仍在停工。\r\n沿线整治：12户房屋设计结束；房屋穿衣戴帽工程正在进行；路边临时建设拆除入户调查已结束，正在做工作进行拆除。','存在困难：\r\n  拆违工作难度大，屠宰场、采石场、预制板场前期谈判进展缓慢，河道施工占地等问题，导致施工方案无法最终确定，影响了施工进度。\r\n 下一步工作建议和安排：\r\n  积极加大工作力度，做好协调，尽快进行施工和完善相关手续；安排施工单位对河道施工范围进行测量，然后进行施工预计6月份改造完工3户。','0','2017-2',''),(407,46,'2018-05-30 05:53:09','abc','开工','许伟峰','15897857888','完成仓储物流区一期两栋仓储（1#、2#仓库）建设，并与15家物流公司签订合作协议，已入驻项目园区内。\r\n','请市区两级国土部门尽快完善佰昌工业仓储物流一期项目的供地手续，我司将积极配合。\r\n','830','2018-02','2019-02'),(408,6,'2018-05-30 07:02:24','abc','开工','万刚','13872811827','三条生产线的详细设计方案已经确认，供应商正在生产制造中；载体封装线安装调试完成，国六样件区扩建项目完成，厂房基础建设项目招标已经启动。','主要问题：无\r\n下一步计划：\r\n1.厂房内基础设施实施（供气管道、水电、地面平整等）；\r\n2.供应商生产线制造；\r\n3.新产品试制，新产品工装投入评估。','200','2018-01','2020-12'),(409,34,'2018-05-30 07:08:39','abc','前期准备','李勇','13035257202','2018年2月茅箭区政府与深圳贝特瑞新能源材料股份有限公司签订合作备忘录。2013年3月中国宝安集团负责人到十堰与十堰市政府就贝特瑞磷酸铁锂正极材料项目选址建设进行对接。目前深圳贝特瑞公司投资尚未确定，没有签订正式投资协议。','存在的问题：没有签订正式投资协议，投资尚未确定。\r\n下一步计划：跟踪服务项目。','0','',''),(410,53,'2018-05-30 07:09:35','abc','前期准备','曹飞','13177477198','项目还在筹备之中。','招商引资力度加大，使项目尽快落地。','0','',''),(411,12,'2018-05-30 07:18:12','abc','前期准备','李勇','13035257202','一标已完成东实大洋80亩场平工程，待验收，附属用房基坑已开始开挖；二标已完成场平工程。','下一步工作安排：启动三标段厂房建设。','1000','',''),(412,82,'2018-05-30 07:23:06','abc','前期准备','张鹏','17771931858','开始EPC招标，正在选址。','尽快确定项目建设地址，尽快开工。','10','',''),(413,75,'2018-05-30 07:28:09','abc','开工','张鹏','17771931858','已挖好一个二沉池和两个生物池','下一步工作建议：将进行对这三个池体水泥浇筑','1000','2018-03','2018-12'),(414,14,'2018-05-30 07:35:30','abc','前期准备','许艳丽','13593709336','已完成了场地平整，正在进行厂区修路、砌挡墙、规划设计。','存在的困难：需要市级协调相关部门尽快办理规划手续。\r\n下一步工作安排：待规划图审批后，立即启动打孔桩、建厂房。','500','2018-04','2018-12'),(415,21,'2018-05-30 07:37:56','abc','前期准备','刘鹏','13508682289','正在筹备资金准备用于购买生产设备。','一、主要问题：\r\n资金短缺。\r\n  二、 下一步计划：\r\n资金到位后完成新产品模具和生产准备工作。。','30','',''),(416,1,'2018-05-30 07:41:02','abc','前期准备','瞿道平','13593758887','启动41厂、43厂搬迁项目生产线设计，正在进行投入建设。','加快进度引进新设备，尽早投产\r\n','5000','2018-05','2019-12'),(417,28,'2018-05-30 07:43:08','abc','前期准备','赵树山','18371978585','1、临时板房搭建已基本完成，装修接近尾声；\r\n2、已进场破碎机、强夯机开始作业；\r\n3、已挖方8万方、回填1.5万方、强（点）夯2万方；\r\n4、环评招投标工作已完成；','下一步工作安排：1、完善手续的办理；\r\n                                2、推进施工合同、图纸的送审修改工作；\r\n                                3、确保第三方按照相关约定加快工作进度；推进场地开挖、平整及基槽开挖、挡土墙施工等工作。','200','2018-04','2019-02'),(418,20,'2018-05-30 07:43:37','abc','开工','瞿道平','13593758887','采购数控辗环机、插齿机、喷砂机、数控车等设备，尽快投入使用。','加快同创路的后期尽快完善\r\n','500','2018-03',''),(419,18,'2018-05-30 07:45:49','abc','开工',' 王英','13997801378','框架结构墙面已封好，先开始倒地坪，钢结构厂房钢架已弄好。','下一步计划为框结构内部混刷，钢结构墙面搭建','260','2018-02',''),(420,22,'2018-05-30 08:24:36','abc','开工','杜锋','18971916439','2018年5月超强钢板开平生产线正在安装调试中。','存在问题；1.区政府已同意借企业生产调度资金1000万，企业的土地、房产相关手续已抵押，企业申请用股权质押使用这项资金。 2.航空路项目建设近期开始，企业租用的车间在航空路边线，项目建设期间尽量不影响企业生产。     下一步计划建车架总成生产线。\r\n','600','2018-02','2018-12'),(421,58,'2018-05-30 08:34:22','abc','开工','翁秋萍','13617197710','一、工程：①安置区一期：正在与开发商沟通房源事宜； ②安置区二期：正在进行A1区施工8幢商住楼（32层）主体结构施工（其中1号楼完成17层主体结构，2号楼完成3层主体结构，3号楼基础工程已完工，6号楼及7号楼完成14层主体结构，8号楼完成-1层主体结构），4幢独立商业楼主体结构施工已完成，下一步进行装修。本月完成年度总投资计划的3%。 二、拆迁：本月完成2家企业厂房拆迁； 三、手续办理已完成规划选址、规划用地手续及土地批次手续的办理。','一、困难：一期安置房源交付，二期土地规划手续办理。\r\n二、下一步工作安排：一期积极协调早日拿到一期安置房源。二期有效推进安置区建设进度，办理土地招拍挂手续及建筑工程许可证。','4727','2014-06','2023-12'),(422,64,'2018-05-30 08:36:42','abc','开工','翁秋萍','13617197710','一、工程：天津路立交桥、二期道路工程、七里沟立交桥正在进行沥青混凝土和水泥混凝土路面铺设工程，二期隧道工程正在进行隧道内饰及照明工程，北环路一标正在进行道路综合管沟工程，北环路二标已完成路面铺设工程。本月已完成2018年度计划的24%。 二、拆迁：货币安置资金兑付手续已申报，正在审批中。三、手续办理：规划用地、林业、批次用地手续已办理。','下一步工作计划：积极推进工程建设，协调相关部门加快资金兑付审批进度。','2790','2012-04','2018-12'),(423,79,'2018-05-30 08:42:22','abc','开工','张哲','13872777300','资金兑付完毕，已经进入迁移、清表阶段，正在办理供地手续。','计划下月爆破施工。','20','2018-02','2019-12'),(424,71,'2018-05-30 08:45:13','abc','开工','秦道忠','13872848382','1.前期建设手续正在办理中。2.正在进行施工单位招投标，尚未公示。3.场地平整暂停。','前期招投标手续用时较长','250','2018-03','2019-12'),(425,4,'2018-05-30 09:08:45','abc','开工','杨东升','13907283535','完成焊装设备、专用车车间基建','存在的困难：企业资金缺乏资金。\r\n下一步计划：计划近期焊装车间和专用车车间基建。','2000','2017-08','2020-12'),(426,94,'2018-05-30 09:57:02','abc','开工','郑珊珊','8795902','截止5月底，已完成挂网12万平米，开挖种植沟1.2万米，客土6000方。','存在的困难和问题：\r\n1、马赛路沿线车流量大，对施工造成一定难度。\r\n2、日渐升高的气温对苗木栽植养护的要求更高。\r\n下一步工作安排：\r\n1、加强技术指导及跟踪，确保修复成效。\r\n2、督促施工方按照修改后的设计方案加紧施工。\r\n','50','2017-12','2018-12'),(427,61,'2018-05-30 16:51:06','abc','开工','刘从军','15807289995','钢结构金属屋面铝龙骨及穿孔铝板全部安装完成，铝管格栅安装完成，屋面钢框梁、钢平台梁、出入口梁薄型防火涂料涂装完成，二期塔吊基础施工及塔吊安装完成（2台）；正在进行基础开挖、基础垫层浇筑、砖胎膜砌筑及抹灰，一期正在进行砌体砌筑、顶板及碎石基层回填；同时进行给水排水管道、空调、消防水、弱电等设备安装。','下一步加快协调各方单位，保证现场施工进度，确保按照节点完成施工内容。','950','2015-07','2019-8'),(428,97,'2018-05-31 00:25:42','abc','前期准备','於少武','18062170008','中央3000万元专项资金已下达区财政，近期将报请市环保、财政部门对项目实施方案进行审查。','尽快报请市环保、财政部门对项目实施方案进行审查批复。','0','0','0'),(429,45,'2018-05-31 01:48:17','abc','前期准备','张薇','13707288397','①名创吾悦广场项目：拟选址范围有保留山体，为推进项目建设已形成专题报告上报市政府，并通过了市政府专题会议。后续需通过人大代表专题会议研讨规划调整，相关市人大代表已应邀进行现场视察。②HKC香港城女性时尚精品购物中心项目:借人民路与邮电街、东山路交汇处正在进行环形人行天桥建设机遇，申请在进行HKC香港城女性时尚精品购物中心段天桥架设时，直接开通天桥、购物中心直通通道。目前天桥架设请示已经形成专题材料与市规划设计院进行了对接，并专题报告市政府请求协调解决，现等待最新的天桥架设方案上规委会过审。','无','0','2018-10','2020-10'),(430,69,'2018-05-31 07:01:37','abc','前期准备','梅光锐','15971886705','已上报区常委会讨论安置区建设方案，积极向市、区两级政府申请资金投入。','下一步安排：加大该项目汇报力度，争取尽早确定可行方案，争取对许白路环境整治项目拆迁群众早日安置。','0','',''),(431,17,'2018-05-31 07:02:00','abc','前期准备','王声','13477305048','华昌达项目正在实施主体单位湖北螚融网新能源科技有限公司内部资料申报审核，经公司内部审核通过后，完成动工前准备工作后，正式动工。预计6月中旬动工建设。','冠达项目虽签订协议，但在董事会上暂未通过，还需进一步协调商谈。华昌达公司光伏电站项目计划6月中旬正式动工。','0','2018-06','2018-12'),(432,89,'2018-06-20 09:23:56','abc','开工','张筱雨','18371937168','马赛路启动老陈家便民生活外架、外墙木材、涂料、玻璃房、地面、庭院建设，沁春园外架建设；进行节点一、三、六和道路沿线草皮、樱花、碧桃等绿化；节点七进行公厕外贴虎斑文化石和游步道园建工作；社区老路进行自行车道建设；燕巢岭桥进行桥板浇筑，赛武当风景区入口门式刚构桥建设下部结构。','下一步需确定蝶恋花和料场两处公厕方案','146','2017-06','2018-10'),(433,2,'2018-06-20 23:39:39','abc','开工','周清华','13636239848','东风实业产业园场地平整完成了填方及强夯等工作；普尔及绿驰精密厂房设计通过初审，5000平米大洋电机项目临时厂房装修完成了行车安装，临时办公用房的搭建，厂区布局的隔离等。\r\n','下一步工作安排：\r\n1、完成厂房装修，组织设备进场安装。2、完成地平整，组织厂房建设。\r\n','5000','2018-05','2020-12'),(434,80,'2018-06-20 23:42:45','abc','前期准备','周清华','13636239848','十堰市第二建筑设计院勘察设计现已完成勘察设计工作。正在组织工程费用概算，做施工单位招投标前期准备工作。\r\n','下一步工作打算：1、完成工程费用概算工作，进行施工单位招标工作，组织施工单位进场施工。','1000','2018-05','2018-12'),(435,32,'2018-06-21 00:55:06','abc','开工','张一鸣','18671914333','场平已全部完成，受规划及道路限制，厂房建设暂时停工。','公司向区政府专题报告，恳请尽快解决道路通行和规划审批问题，区政协金菊主席签批由经信局牵头予以解决，开发区将积极配合做好各项服务工作。','200','2018-03','2019-03'),(436,67,'2018-06-21 01:22:48','abc','前期准备','关晓波','18371968777','市局在办理相关手续，仍未开工。','市级项目。。','0','2018-12','2021-07'),(437,68,'2018-06-21 01:25:31','abc','开工','关晓波','18371968777','大黄路正在办理规划选址意见书，其他前期手续均已到位，待规划选址意见书批复后即可到省发改立项。茅官路现在正在办理林业手续（需到国家林业部审批），批复后即可开工。五卡路正在编制工可。锅厂路已开工建设，本月完成投资约300万元。岩坪路，路基工程已完成至60%，本月完成投资约500万元。','茅官路涉及赛武当自然保护区，需到国家林业部办理林业手续，程序繁琐，难度较大。\r\nS446大黄路规划选址意见书办理难度较大，正在积极推进。','200','2017-08','2020-12'),(438,52,'2018-06-22 01:59:42','abc','前期准备','陈双','8666692','总共三期（面积超过10000平米），目前已建成两期，共计6500余平米，Novo+上海路郧阳医学院共建孵化基地3000平米','正在施工收尾阶段，预计2018年9月正式投入使用。','1350','2018-03','2018-11'),(439,49,'2018-06-22 02:00:15','abc','开工','陈双','8666692','试运行中，主体工程已完工，正在进行商铺招租。','无','3250','2017-11','2018-12'),(440,73,'2018-06-22 02:20:26','abc','开工','沈浩然','18707289768','文化广场、北京路居然之家前2座人行天桥已建设完毕；邮电街口立交桥已完成8根主桩和2根辅桩基，因涉及邮电街口电信大楼拆迁，现已将优化后的方案送电信公司审核，累计完成投资1200万元。北京路、上海路、重庆路车行立交桥已完成立交桥主桩1跟，支护桩20根；北京路综合管廊完成30米，上海路重庆路综合管沟累计完成170米，土方开挖1.5万立方，累计投资2000万元。','1、继续主体桩基、综合管廊、管沟的建设任务，；\r\n2、加大与电信公司的沟通协调力度，待拆迁方案通过电信公司内部审核后，加快项目施工。','3200','2018-11','2019-8'),(441,26,'2018-06-22 02:21:42','abc','前期准备','王蓓','8787279','锦恒公司与双鸥公司就项目推进、产品研发等问题正在进行中。','1、锦恒公司对项目推进积极性不高。2、双鸥公司负责人鲍总反应其项目配套后勤保障问题，双鸥公司食堂建设问题。双鸥公司原食堂面积小、功能不全，不能满足公司发展需要，计划在厂房后面空地新建一个后勤配套房屋，由于土地的归属问题，（部分土地归白浪开发区所属）需要区里领导协助进行沟通协调。','500','2018-03','2020-12'),(442,76,'2018-06-22 02:29:59','abc','开工','沈浩然','18707289768','重庆路改造林荫大道2号线至三环桥段2.4公里车行道、人行道、绿化工程、港湾式公交站等改造已全部完工。浙江路底层沥青已铺设完毕，绿化带、花坛已建设完毕，正在进行绿化带和人行道的收尾工作。预计月底对浙江路全线铺设沥青路面，累计投资4000万元。\r\n北京路综合改造项目道路拓宽全部完成，道路西侧管廊水稳摊铺、沥青摊铺全部完成，道牙、平石安装完成90%，地下人行通道进入主通道10米，二衬完成6米。目前，正在由市综合管理执法局对进行道路两侧的景观进行改造。','下一步，区住建局为确保按时间节点完成施工任务将积极做好协调服务配合工作。','3500','2017-09','2018-06'),(443,43,'2018-06-22 02:33:19','abc','前期准备','陈双','8666692','正在进行场地土石方开挖，将挂招牌及后续手续办理中','剩余拆迁及安置工作进行中','1100','2017-12','2019-8'),(444,74,'2018-06-22 02:47:22','abc','前期准备','沈浩然','18707289768','林荫大道一号线、三号线为综合管沟，航空路为综合管廊建设。此项目与道路建设同步实施，目前，林荫大道一号线京中国际学校段山体已开挖10万方。一号线和三号线正在进行地质勘测，航空路因涉及方案和概算调整，道路建设还未开启动。','做好项目建设的协调服务工作，确保工程稳步推进。','0','2017-2','2019-8'),(445,77,'2018-06-22 07:10:16','abc','前期准备','沈浩然','18707289768','因标志路与武当路复线重叠，黑碳沟倒土场已建设完成，具备倒土条件，标志路与武当路复线重叠部位即将动工建设。大沟路、柳中路暂未通过市政府研究。恒大路规划方案已出，正在由市规划设计院编制施工图纸，待施工图批准后由恒大集团组织实施。','下一步，多与施工单位沟通，如在施工过程中遇到困难，区住建局将积极做好协调服务工作。','0','2018-03','2019-8'),(446,50,'2018-06-22 07:52:05','abc','前期准备','柴东东','13797835677','茅箭区政府配合市规划局对该企业土地证过户资料还在审核办理之中。','     一，土地过户影响规划方案审批，目前在协调之中，预计7月中旬可以动工建设。\r\n     2 ：施工单位正在做前期进场准备，手续到位立马开工。\r\n     1： 施工图纸已设计完毕，等待审核。','2100','2018-04','2019-04'),(447,48,'2018-06-22 08:11:33','abc','前期准备','许伟峰','15897857888','本月该项目完成环评、地勘、地形图等前期工作.','存在的问题：该项目调规无法落实到位。建议：加快协调该项目用地调规相关工作，确保项目尽早落地。','1000','2017-08','2019-8'),(448,24,'2018-06-22 08:36:59','abc','开工','龚政','18507280733','1.基础已完成\r\n2.办公楼已施工2层\r\n3/车间施工设备已进场，正在做基础施工','1.与快速通道施工建设的交叉协调正在处理中。\r\n2.有政府职能部门负责的手续问题要快速推进。\r\n下一步计划：\r\n按建设进度及施工总工期具体实施推进。','1300','2017-09','2018-10'),(449,10,'2018-06-22 08:53:10','abc','开工','王启荣','13636256976','目前正在做二期的玻璃水和防冻液罐装生产线安装及调试；双层油罐的4#车间3600多平米，5#车间1000多平米车间的钢构架已经建好；现暂无手续办理。','下一步：订单已到位，七月份公司准备试营业。','500','2017-07','2018-10'),(450,19,'2018-06-22 09:54:59','abc','开工','王启荣','13636256976','生产线的规划中，资金到位后立即建设。','目前主要问题是资金问题，现缺口资金约2000万元，需政府方进一步协调资金运转，实施生产线达效。','160','2018-01','2019-01'),(451,6,'2018-06-25 00:36:52','abc','开工','万刚','13872811827','重新细化三条生产线的详细设计方案已经，供应商正在生产制造中；载体封装线安装调试完成，可以生产载体组件，具有完全国六样件生产能力；国六样件区扩建项目完成，六月生产超过40套样件；启动现有厂房基础建设项目。','主要问题：无\r\n下一步计划：\r\n1.继续厂房内基础设施实施（供气管道、水电、地面平整等）；\r\n2.供应商生产线制造，监控生产进度；\r\n3.新产品试制，新产品工装投入评估；\r\n4.启动DDI和LD 小马力产品项目建设。','3000','2018-01','2020-12'),(452,15,'2018-06-25 00:51:08','abc','开工','查方鸽','13687200586','本月进度：封闭式料仓建设\r\n手续办理情况：所有手续已办完','存在问题：办理不动产登记证\r\n下一步计划：天然气的报批','1500','2017-08','2018-12'),(453,93,'2018-06-25 01:24:56','abc','开工','赵利','13617195125','已下发茅箭区“厕所革命”实施方案,区住建局牵头负责农户和乡镇厕所。正在制定方案、旅游局对旅游公厕已在加紧建设中、执法局对城市公厕完成了摸底、交通局对交通公厕正在选址。','加强政策宣传，做好厕所革命统筹协调工作，及时解决出现的问题，加大宣传报道力度。','90','2018-03','2019-12'),(454,56,'2018-06-25 01:26:12','abc','前期准备','沈浩然','18707289768','由区棚改办负责辖区内上湾巷片区棚户区改造工作，并与市规划设计院现场勘查，确定了上湾巷片区四至边界。目前，正在准备上湾巷片区棚改拆迁的前期工作。','积极与市直相关部门的对接，掌握相关手续的办理情况，为项目做好服务协调工作。','0','2018-03','2022-03'),(455,9,'2018-06-25 01:33:55','abc','开工','王冬浜','13593740465','项目进度：\r\n1、厂区电路改造：采用架空方案，提升安全载流量，可满足400KW用电需求，为下半年生产做准备。\r\n2、公告车型已完成试验场试验，预计七月完成公告手续。\r\n3、办公室装修：已完成墙体隔断、瓷砖铺设、线路预埋等工作。\r\n4、生产计划：根据《关于调整完善新能源汽车推广应用财政补贴政策的通知》，正在与客户就政策的调整，议订合作方式，修订合同细则。根据订单需求，组织零部件采购，组织生产。\"\r\n','\"目前已经进入下半年，公司为确保项目投产，主要工作是：\r\n1、确保项目投产资金：针对投产资金紧，融资难的问题，与客户紧密沟通，商议合作框架，缓解筹资难的矛盾，确保生产物料组织到位。\r\n2、推进新产品开发进度：选调精兵强将，加快研发进度，组织技术研发人员，根据政策变化、客户需求，开发有核心竞争力的新产品。\r\n3、拓宽业务合作方式：以现有客户为主，积极外拓市场，寻找合作客户。\r\n4、加强生产辅助设施建设：落实生产计划的同时，完善生产辅助设备的投资建设。提高装配工艺。做到功能齐全、生产高效。\"\r\n','1100','2017-02','2018-12'),(456,1,'2018-06-25 02:25:29','abc','前期准备','瞿道平','13593758887','完成总装9线技术协议及施工设计，已进场施工;总装10线方案已通过专家评审;车架厂：车架车间与总装车间相连通廊建设完成，生产线设备外场制作已完成，正在进行现场安装调试;车轮定位检测阵地建设规划公示已结束，已进场启动施工。','加快进度早日实现产值','8000','2018-05','2019-12'),(457,60,'2018-06-25 03:06:11','abc','开工','金超','15387251677','黑炭沟弃土场进场倒土道路已完工，可施工通车。隧道口清表工作已经完成，场地平整完毕，可用于钢材加工。\r\n','加快兑付补偿资金。汽车公司停车厂土地置换事宜等待政府批准，批准后方可进行施工。\r\n\r\n','0','2018-03','2021-03'),(458,65,'2018-06-25 03:08:04','abc','开工','金超','15387251677','控制性节点林地补偿协议签订完成，资金补偿到位。','加强和影响施工的单位连写对接，尽快签订补偿协议。','0','2018-03','2021-03'),(459,66,'2018-06-25 03:08:26','abc','前期准备','金超','15387251677','控制性节点林地补偿协议签订完成，资金补偿到位。','加快兑付补偿资金，将土地移交施工方。\r\n加强和影响施工的单位连写对接，尽快签订补偿协议。','0','2017-02','2019-8'),(460,97,'2018-06-25 03:18:55','abc','前期准备','於少武','18062170008','中央3000万元专项资金已下达区财政，近期将报请市环保、财政部门对项目实施方案进行评审。','尽快报请市环保、财政部门对项目实施方案进行评审。','0','0','0'),(461,20,'2018-06-25 03:19:33','abc','开工','瞿道平','13593758887','本月购进4台数控车床，数控滚齿机3台，铣床3台，磨床2台，上述数控设备均已完成安装、调试并投产使用。','目前暂无相关困难','500','2018-03',''),(462,71,'2018-06-25 03:29:04','abc','开工','秦道忠','13872848382','1.前期建设手续正在办理中。2.施工单位招投标已完毕，正在洽谈施工协议。3.场地平整完成。','存在的问题：前期招投标手续用时较长。\r\n下一步工作安排：施工协议签署之后即可进场施工。','100','2018-03','2019-12'),(463,18,'2018-06-25 03:57:09','abc','开工',' 王英','13997801378','框架结构厂房基本已建好，钢结构厂房正在安装四周墙壁，大部分设备已预订。','框架结构厂房和钢结构厂房周边配套基建、黑区设备基础建设、白区设备的调整安装。','1200','2018-02',''),(464,11,'2018-06-25 04:04:27','abc','开工','彭祖锐','13797279696','1、规划方案已报规划局。 2、场地正面挡土墙已建设完成。3、场地侧面已完成部分挡土墙。 4、地质勘查工作已完成。5、场地地基处理（强夯）完成80%。6、项目土地进入招拍挂程序。','1.按照地质勘探报告进行场地地基处理。\r\n2.确定项目规划设计方案，土地招拍挂完成。\r\n3.完成地界挡墙砌筑工程。\r\n4.完成地基处理（强夯）工程\r\n5.供水报装，设施完成。\r\n6.项目工程，设施开始建设。\r\n','2500','2018-01','2019-12'),(465,23,'2018-06-25 04:05:30','abc','开工','彭祖锐','13297199000','前面工地部分基础已完工，现场清理；钢构26号进厂。','正在办理施工许可证，场地勘探正在进行。\r\n','1000','2018-01','2018-12'),(466,98,'2018-06-25 07:14:25','abc','前期准备','简盼','13597903728','1.项目框架性协议已签订，项目规划方案已完成。正在与业主方商谈具体投资合作协议。\r\n2.在唐家村按照厕所革命相关要求，开展建设和片区环境整治、绿化亮化工作。\r\n3.唐家村片区新建改建厕所基本已完成。\r\n\r\n','1.加大洽谈力度，加快项目进展，争取早日取得进展。\r\n2.结合乡村环境卫生整治，在全镇实施厕所革命工作。','3000','2018-04','2027-12'),(467,31,'2018-06-25 07:20:27','abc','前期准备','瞿海英','13636186221','因地类规划问题，根据市规划部门意见该企业用地需按商业用地进行规划，企业需缴纳较高的土地出让金，企业因资金不足无法接受，现相关部门正在积极协调.','因土地规划为商业用地，企业资金不足，望关部门给予以协调处理。','10','2017-2','2019-12'),(468,59,'2018-06-25 07:38:41','abc','开工','景永生','13329840778','目前、本项目茅箭段已全线开工并有序进行中，共投入挖掘机20台、装载机5台、后八轮32台、推土机6台、强夯机3台，打孔机2台；累计完成土石方施工280万立方米、桩基19根。','55米主路外、规划红线内临时用地手续未办理到位，还在进一步加快办理中。同时，对遗漏的项目补偿款进行梳理、补发。','4500','2017-05','2019-12'),(469,100,'2018-06-25 07:39:32','abc','前期准备','简盼','13597903728','1.完成了财政所片区、邮政所、卫生所、政府对面房屋以及7层综合楼片区的4栋120户7000平米房屋立面改造工作，福源小区25栋86户10600平米房屋立面改造工作。\r\n2.对集镇污水管网进行改造。\r\n3.对青瓦寨至变电站路段的景观河道进行治理\r\n4.完成赛武当西路拓宽工程。\r\n5.积极对接规划单位与PPP项目可研单位，做好3p项目包装与项目招商推介。规划单位已出土地规划利用图。\r\n6.已与深圳协和医疗投资公司进行商谈，框架性协议已签订。\r\n7.在合适区域开展产业建设。\r\n8.建设产业园区，发展产业经济。','积极对接规划单位与PPP项目可研单位，做好3p项目包装与项目招商推介，加快进度，积极建设产业项目。\r\n','1000','2018-04','2022-12'),(470,13,'2018-06-25 07:55:46','abc','开工','王冬浜','13593740465','办公楼及1#车间已交付使用，正在装饰装修2#车间；室外道路及停车场的铺设硬化。\r\n','下一步计划：建设大门及辅助设施。\r\n\r\n','2000','2017-10','2018-07'),(471,30,'2018-06-25 08:09:45','abc','前期准备','瞿海英','13636186221','区相关部门正在进行第二次招投标，预计6月27日开标。','尽快完成招投标手续，使项目早日动工开建','10','','2019-11'),(472,87,'2018-06-25 09:01:16','abc','开工','王玉超','13635729949','地面填土整平工作已完成，因地面太低，需要在附近林地取土进行填埋，正在办理林地取土手续。','尽快办理林地取土手续，等到手续办理后，进行取土填埋，垫高场地。','2000','2018-03','2018-10'),(473,64,'2018-06-25 09:22:22','abc','开工','翁秋萍','13617197710','一、工程：天津路立交桥、二期道路工程、七里沟立交桥正在进行沥青混凝土和水泥混凝土路面铺设工程，二期隧道工程正在进行隧道内饰及照明工程，北环路一标正在进行道路综合管沟工程，北环路二标正在进行沥青路面铺设工程。二期绿化工程正在进行道路绿化配土、整形工作。二期路灯工程正在进行路灯铺设管线及基座。本月已完成2018年度计划的10%。 二、拆迁：货币安置资金兑付手续已申报，正在审批中。三、手续办理：规划用地、林业、批次用地手续已办理。','下一步工作计划：积极推进工程建设，协调相关部门加快资金兑付审批进度。','1167','2012-04','2018-12'),(474,96,'2018-06-26 00:41:11','abc','前期准备','刘君毅','0719-8795906','方案待批复 。','按上级政策，投资主体由发改部门改为财政部门，因此暂未批复。后期我局将积极请求市级尽快批复。待方案批复后，立即开展招投标等前期工作 。','0','',''),(475,58,'2018-06-26 00:53:43','abc','开工','翁秋萍','13617197710','一、工程：①安置区一期：正在与开发商沟通房源事宜； ②安置区二期：正在进行A1区施工8幢商住楼（32层）主体结构施工（其中1号楼完成23层主体结构，2号楼完成8层主体结构，3号楼基础工程施工中，6号楼及7号楼完成19层主体结构，8号楼完成2层主体结构），4幢独立商业楼装修完成30%。本月完成年度总投资计划的3%。 二、拆迁：本月完成1家企业厂房及一户个人大户的拆迁； 三、手续办理已完成规划选址、规划用地手续及土地批次手续的办理。','一、困难：一期安置房源交付，二期土地规划手续办理。\r\n二、下一步工作安排：一期积极协调早日拿到一期安置房源。二期有效推进安置区建设进度，办理土地招拍挂手续及建筑工程许可证。','5211','2014-06','2023-12'),(476,85,'2018-06-26 01:09:48','abc','前期准备','王子龙','18062189730','项目总体规划已编制完成，正征求意见评审中，赛武当宾馆改造设计方案及登山游步道、民俗馆、游客接待服务中心修缮等设计方案，正待评审，确定后开始施工。\r\n','无','50','2018-03','2020-08'),(477,88,'2018-06-26 01:32:31','abc','前期准备','刘君毅','0719-8795906','十堰市水利水电局已将请示文件及初设方案报省水利厅，待审查批复 。','待省厅审查批复后，我局将加快组织招标，开工建设 。','30','',''),(478,8,'2018-06-26 02:36:17','abc','开工','赵茜','18007281135','项目已入驻2家企业，仅十堰市洪永工业设计有限公司安全带紧固件生产项目现已进入生产阶段。','存在困难:项目待区政府在驼鞍沟安排用地，统一规划。\r\n下一步工作建议和安排：会同招商、经信、科技部门积极与企业对接，做好各项服务。','0','2018-04',''),(479,29,'2018-06-26 02:37:01','abc','开工','赵茜','18007281135','租用三环老厂房，正式进入生产。','存在困难：\r\n1.场地较小，不能扩大生产，恳请政府尽快落实驼鞍沟新建厂房用地；\r\n下一步工作建议和安排：继续加强协调服务，并确保各项指标应统尽统。','50','2018-04',''),(480,86,'2018-06-26 02:37:35','abc','开工','赵茜','18007281135','项目进展：夏季闭园，大桥正在建设中。\r\n手续办理：已完成林地不动产登记工作基础性资料。','存在困难：\r\n1.随着马家河生态红线范围的确定，秦巴植物园原规划、土地需要重新调整。\r\n下一步工作建议和安排：\r\n1.及时调整规划；\r\n2.区城投尽快确立停车场建设及融资事宜。','200','2017-2',''),(481,91,'2018-06-26 02:39:43','abc','开工','赵茜','18007281135','项目建设：新建浆砌石挡墙25米，自然驳岸底板100米，铺设种植土、土工格纱150米。\r\n沿线整治：12户房屋设计结束；房屋穿衣戴帽工程正在进行；临时建筑6月底前拆除。','存在困难：\r\n1.群众抵触情绪高；\r\n2.屠宰场、采石场、预制板场拒绝配合。\r\n 下一步工作建议和安排：\r\n1.继续做好二期穿衣戴帽的招投标工作。','120','2017-2',''),(482,99,'2018-06-26 02:43:39','abc','前期准备','赵茜','18007281135','对原施工单位工程量开展审计工作即将完成。\r\n','存在困难：\r\n1.紫薇岛旅游开发公司仍把重点放在自我招商，心理价位过高，手续不完善，招商难；多弗公司收购意向态度暧昧。\r\n下一步工作建议和安排：\r\n1.建议约谈紫薇岛开发公司负责人，并请区政府予以支持。','0','',''),(483,16,'2018-06-26 06:54:52','abc','前期准备','王晓静','13872803126','正在编制项目可研报告，六月无进展','存在问题：资金方面周转困难，流动资金短缺\r\n下一步安排：在完成项目可研报告后进行征地\r\n（六月无进展）','50000','','2019-8'),(484,51,'2018-06-26 06:55:30','abc','前期准备','黄霞','18671662288','新媒体创意文化产业园项目与北京民族文化产业园有限公司签订了战略合作协议，目前依然未找到合适的位置将印刷厂搬迁过去，还在选址中（六月无进展）','存在问题：\r\n1.需要区级部门和市级部门帮助协调解决好印刷厂选址问题，目前还未找到合适的选址位置将印刷厂迁移过去\r\n2.能否从发改委报送渠道将新媒体创意文化产业园项目列入社会文化类项目，争取省级项目资金。\r\n工作安排：\r\n继续选址，寻找合适的位置尽快将印刷厂搬迁过去。\r\n（六月无进展）','600','2017-2','2019-8'),(485,70,'2018-06-26 06:55:55','abc','前期准备','张文兰','18772888589','市民政局起草养老设施建设及管理办法报市政府审批阶段（六月无进展）','存在问题：\r\n一、尽快拆除原地区国地税位于杨家沟地上附着物。\r\n二、疏通上海路至杨家沟的道路，以便土石方外运和施工材料的运输。\r\n工作安排：\r\n尽快完善前期手续\r\n','50000','2017-2','2019-8'),(486,47,'2018-06-26 07:03:59','abc','开工','胡光娥','18372668329','一期工程商业部分至1曾，住宅部分至地下室；二期规划许可正在审批中。','存在困难：\r\n希望加快规划审批，报审已经一个半月；因一期、二期消防设计为一个整体，二期图纸出来后才能一并报审消防审查，现二期图纸设计工作滞后，影响了整体报审计划，6月19日市消防支队检查，工地被要求停工。\r\n下一步工作安排：完成消防审查，办理二期规划许可、施工许可，二期项目开工。','500','2018-03','2019-8'),(487,28,'2018-06-26 08:16:03','abc','前期准备','赵树山','18371978585','1、临时板房搭建、装修已完成；\r\n2、本月场平强夯完成；\r\n3、累计完成土石方开挖11.1万立方米，土石方回填1.7万立方米，场地强夯7万平方米；\r\n4、厂区规划设计方案及车间规划图纸已出具正在报审；\r\n5、施工等第三方相关合同正在审核。','下一步工作：1、完善手续的办理；\r\n                         2、下月计划基础开挖；\r\n                          3、确保第三方按照相关约定加快工作进度；','2000','2018-04','2019-02'),(488,3,'2018-06-26 08:27:13','abc','前期准备','董静','13636150142','已经确定项目全部设计方案，报规划土地审批。正在办理环评批复手续。土地协议已签，正在进行二次场平。','场地平整费时。场地平整完成之后尽快启动建设。','3500','2018-06',''),(489,4,'2018-06-26 08:29:00','abc','开工','杨东升','13907283535','产品已经公示，正在进行小批量生产。','存在的困难：企业资金缺乏资金。\r\n下一步计划：积极融资，争取政府资金扶持，扩大生产规模。','5000','2017-08','2020-12'),(490,5,'2018-06-26 08:30:37','abc','开工','易琴','13477970630','车间现场改造完成并按新的布局搬迁到位；中央空调系统改造完成；引进合作方先进的生产管理系统，实验室改造计划已启动实施；其它生产设备升级改造稳步推进。','1.请求解决公司物流通道不畅和公司员工停车难问题。2.现有厂房无法满足公司扩能需要，已报请市规划局设计规划车间1900平米。','300','2017-09','2019-12'),(491,7,'2018-06-26 08:32:15','abc','开工','盛平','13986882557','一、新承接的产品线：1、十堰方圆大地桥业制造有限公司（平衡轴壳）；2、湖北中尔车轴有限公司（p1凸轮支架、p1蹄片轴支架）\r\n3、湖北恒庆汽车科技股份有限公司（输入2轴、一档从动齿轮）\r\n4、与东风紧固件有限公司、东风粉末冶金有限公司合作开发新                                                                                                                                                                                                                                                                                                                产品项目推动进行中。\r\n二、1、陆续到货沈阳i5智能机床67台,相继开始安装。\r\n2、2#车间动力电线路、空压机气管路铺设完成，7月投入使用。','一、随着订单增加，机器开动率提高，流动资金严重不足，建议由区财政调度资金或以其他方式予以支持。\r\n二、通勤班车、公交不到位，员工上下班出行非常不便，导致人员流动性增加。\r\n三、办公场地、员工住宿空间日显紧张，请园区加快办公楼及住宿场所的建设。\r\n四、变压器容量不足，变压器连接2#车间空开只有250A，远低于设备启动负载，请相关部门予以解决为盼。','2200','2017-2','2018-12'),(492,12,'2018-06-26 08:36:01','abc','前期准备','李勇','13035257202','一标6月80亩场平强夯完成，土石方开挖约13万立方米，回填土石方约13万立方米，边坡治理搭脚手架3000平米。施工图纸正在校核中。','下一步工作安排：附属用房基坑支护，基础施工，边坡锚杆钻孔丶注浆施工，东实公司场施工完成。','4000','2018-06',''),(493,14,'2018-06-26 08:38:28','abc','前期准备','许艳丽','13593709336','已完成了场地平整，正在进行厂区道路、砌挡墙、规划设计。','存在的困难：需要相关部门协调尽快办理规划手续。\r\n下一步工作安排：待规划图审批后，立即启动打孔桩、建厂房。','1300','2018-04','2018-12'),(494,17,'2018-06-26 08:39:50','abc','前期准备','王声','13477305048','华昌达项目正在实施，主体单位湖北螚融网新能源科技有限公司内部资料申报审核，经公司内部审核通过后，完成动工前准备工作后，正式动工。','施工进度与计划相比稍显滞后。','0','2018-06','2018-12'),(495,21,'2018-06-26 08:41:34','abc','前期准备','刘鹏','13508682289','正在筹备资金准备购买生产设备。','一、主要问题：\r\n缺乏资金。\r\n  二、 下一步计划：\r\n资金到位后完成新产品模具和生产准备工作。。','600','',''),(496,22,'2018-06-26 08:42:47','abc','开工','杜锋','18971916439','超强钢板开平生产线正在安装调试中。','存在问题；1.区政府已同意借企业生产调度资金1000万，企业的土地、房产相关手续已抵押，企业申请用股权质押使用这项资金。 2.航空路项目建设近期开始，企业租用的车间在航空路边线，项目建设期间尽量不影响企业生产。     下一步计划：建设车架总成生产线。\r\n','300','2018-02','2018-12'),(497,34,'2018-06-26 08:46:24','abc','前期准备','李勇','13035257202','2018年2月茅箭区政府与深圳贝特瑞新能源材料股份有限公司签订合作备忘录。2013年3月中国宝安集团负责人到十堰与十堰市政府就贝特瑞磷酸铁锂正极材料项目选址建设进行对接。目前深圳贝特瑞公司投资尚未确定，尚未签订正式投资协议。','存在的问题：没有签订正式投资协议。\r\n下一步计划：跟踪服务项目。','0','',''),(498,46,'2018-06-26 08:47:40','abc','开工','许伟峰','15897857888','1.完成仓储物流区一期两栋仓储（1#、2#仓库）建设，并与15家物流公司签订合作协议，已入驻项目园区内。\r\n2.完成四栋仓库基础强夯工作，部分正在进行基础开挖建设。','请市区两级国土部门尽快协调完善佰昌工业仓储物流一期项目的供地手续，我司将积极配合。\r\n','1100','2018-02','2019-02'),(499,53,'2018-06-26 08:48:52','abc','前期准备','曹飞','13177477198','项目还处于筹备之中。','下一步安排：招商引资力度加大，使项目尽快落地。','0','',''),(500,69,'2018-06-26 08:49:15','abc','前期准备','梅光锐','15971886705','安置区建设方案已上报区常委会讨论，积极向市、区两级政府申请资金投入。目前，区城投公司和市城投公司正在核算许白路拆迁费用，针对许白路拆迁安置区政府也在积极向市政府争取资金投入。','下一步安排：将加大该项目汇报力度，争取尽早确定可行方案，争取对许白路环境整治项目拆迁群众早日安置。','0','',''),(501,79,'2018-06-26 08:50:50','abc','开工','张哲','13872777300','资金兑付完毕，进入迁移、清表阶段，已建好施工用房，设备已进场。','计划下月加快施工进度。','2000','2018-02','2019-12'),(502,82,'2018-06-26 08:51:32','abc','前期准备','张鹏','17771931858','正在选址，开始EPC招标。','尽快确定项目建设地址，尽快施工。','10','',''),(503,83,'2018-06-26 08:52:33','abc','前期准备','李道明','15586989999','鸳鸯学校： 目前已通过了规划及建筑设计方案核定和施工图纸审查等，现已进入招标程序。\r\n天津路第二小学：完成土地预审，规划和建筑方案设计、报批。目前在国土资源局报批。','鸳鸯学校：下一步将办理开工许可手续，预计7月中旬开工。\r\n天津路第二小学：下一步计划：征地手续，施工图设计，地质勘查，图纸审查，编制预算。        ','100','',''),(504,75,'2018-06-26 09:16:59','abc','开工','张鹏','17771931858','建成生物池一个，二沉池一个，污泥浓缩池一个，管线铺设100米。','下一步工作建议：建设一个生物池及一个二沉池。','2500','2018-03','2018-12'),(505,90,'2018-06-26 09:39:35','abc','前期准备','刘君毅','0719-8795906','项目已正式开工，已完成部分主体工程。','加快推进项目进展，确保如期完成工程。','500','2018-06','2018-10'),(506,44,'2018-06-26 10:50:25','abc','前期准备','王建设','13687215678','恒大城二期项目基本处于停工状态,本月无进展。（六月无进展）','恒大城二期规划方案尚未通过审查，项目南侧上海路至北京路道路及市政设施建设进度比较慢（六月无进展）','56','2017-2','2019-8'),(507,61,'2018-06-26 10:53:35','abc','开工','刘从军','15807289995','正在进行基础开挖、基础垫层浇筑、砖胎膜砌筑及抹灰，一期正在进行砌体砌筑、顶板及碎石基层回填；同时进行给水排水管道、空调、消防水、弱电等设备安装。','无困难问题，下一步加快协调各方单位，保证现场施工进度，确保按照节点完成施工内容。','1500','2015-07','2019-8'),(508,62,'2018-06-27 08:05:42','abc','开工','梅光锐','15971886705','目前许白路沿线环境整治项目于已接近尾声，本月许白路指挥部联系园林局对许白路沿线重难点施工区域再次进行协调，拆除高速路口（东）许长龙临时房屋，征收旁边菜地0.7亩，加快了绿化施工进度，本月完成投资约25万元。','1.项目资金短缺。目前许白路沿线环境整治项目还有10栋房屋23户约5000㎡已签订拆迁协议，另外还有11栋房屋25户约7400㎡正在进行谈判，累计资金缺口约2000万元。且今后在安置工作中还需资金约8亿元。此外，在资金拨付方面也有难度。2017年至今，市城投公司未对许白路项目拨付任何拆迁资金，为确保项目正常推进，区政府垫资5200万元，资金压力较大。指挥部也多次向区政府、市城投专题汇报，争取项目资金投入，但未有实质性进展。2018年初，由于资金短缺未能及时支付拆迁群众2017年过渡费，导致100余群众集体上访。\r\n2.安置进展缓慢。许白路沿线环境整治项目，共需安置群众约1500户4500人，拟建设两个安置区：一是鸳鸯片区安置区建设，规划占地30余亩，建筑面积60000㎡，建设安置房600余套；二是胡家片区安置区建设，规划占地50余亩，建筑面积90000㎡，建设安置房900余套。总合计建设安置房屋1500套，目前正在委托有关单位进行规划设计。但目前，安置资金无出处，安置政策不明朗。\r\n因以上问题，导致拆迁无法推进。\r\n','25','2015-12','2018-12'),(509,72,'2018-06-28 03:19:38','abc','开工','谢瑜','15271426641','茅箭段项目涉及的景家院隧道出口和曹家一号隧道进口已全隧贯通，景家院大桥主体工程完工，目前项目建设进入无咋轨道铺设阶段。相关的红线用地手续正在办理中','被征地村民的安置问题区政府已明确由东城开发区统一安置，至今未安置到位，一直支付过渡费增加政府开支。\r\n下一步项目指挥部将积极协调施工方及相关部门实时办理临时用地、新增红线内用地相关手续。\r\n','300','2015-11','2019-12'),(510,25,'2018-06-28 03:30:49','abc','前期准备','张薇','13707288397','项目初步选址驼鞍沟工业园，拟征地200亩，目前正在与拟引进企业进行合作洽谈。其中将拟引进佛山市科蓝环保设备有限公司，该公司成立于1992年,专注于静电技术在餐饮油烟净化领域和工业油雾净化领域的应用。','在谈','0','2018-09','2019-09'),(511,27,'2018-06-28 03:41:10','abc','前期准备','张薇','13707288397','项目拟选址胡家工业园，征地60亩，已登记注册湖北普尔精密科技有限公司。6月15日普尔精密公司已正式与区政府签约。下一步待土建工程完工后，就引进生产设备。','开建','0','2018-07','2019-07'),(512,33,'2018-06-28 03:47:12','abc','前期准备','张薇','13707288397','2018年1月12日，多弗控股集团董事长胡兴荣率考察团一行来到茅箭区考察了华昌达和中正汽车股份有限公司，双方关于紫薇岛项目收购达成初步意向。','在谈','0','2018-10','2019-10'),(513,35,'2018-06-28 03:49:59','abc','前期准备','张薇','13707288397','前期诺克公司制定的产品升级改造方案已通过日本丰田合成公司总部论证。日方公司已于5月底安排人员过来到诺克公司对各相关部门的业务、职务、人员进行调查。双方拟于7月份签订合作协议。','在谈','0','2018-08','2019-08'),(514,36,'2018-06-28 03:50:29','abc','前期准备','张薇','13707288397','目前，浙江高领新能源科技有限公司已和十堰市博拓贸易有限公司（十堰市茅箭区南街社区人民北路67号）签订贸易合作协议，后期将根据十堰市场销售情况，决定项目投资事宜。','在谈','0','2018-07','2019-07'),(515,37,'2018-06-28 03:51:59','abc','前期准备','张薇','13707288397','2018年1月中旬，区招商小分队赴上海闵行区考察。经沟通邀请，对方拟于近期来茅箭考察，对接智能装备项目。','在谈','0','2018-10','2019-10'),(516,38,'2018-06-28 03:54:21','abc','前期准备','张薇','13707288397','项目建设地点在胡家工业园，目前项目公司在等投资商筹集资金，一旦资金到位即可与区政府签约项目合同，开建项目并引进生产设备。','在谈','0','2018-10','2019-10'),(517,39,'2018-06-28 03:56:19','abc','前期准备','张薇','13707288397','2018年1月，区领导和万象集团公司总经理赴杭州市萧山区考察万象钱潮股份有限公司。经对接邀请，对方将安排项目负责人近期来茅箭考察，对接汽车零部件生产相关企业。','在谈','0','2018-08','2019-08'),(518,40,'2018-06-28 03:57:54','abc','前期准备','张薇','13707288397','4月13日，罗总一行来茅箭实地考察了驼鞍沟工业园，针对投资项目拟选址与明怀宇副区长进行洽谈和沟通。','在谈','0','2018-09','2019-09'),(519,41,'2018-06-28 03:59:08','abc','前期准备','张薇','13707288397','2018年元月，茅箭区委常委、常务副区长顾衍波带领招商小分队赴武汉进行项目对接。目前拟计划在天津路大洋五洲对面的遂道口附近选址100亩建厂房，规划局正在办理土地变更手续，由集体土地变更为建设用地。（ 注：武汉健民已转区卫计局牵头联系。）','在谈','0','2018-09','2019-09'),(520,42,'2018-06-28 04:00:13','abc','前期准备','张薇','13707288397','目前正在进行前期对接。','在谈','0','2018-10','2019-10'),(521,54,'2018-06-28 04:05:04','abc','前期准备','张薇','13707288397','5月2日，区政府与重庆花果山企业管理有限公司签订了项目合作执行协议。重庆公司已于15日在茅箭区重庆路99号汉城天地1号楼2-1注册成立本地公司——十堰腾云众创空间管理有限公司，注册资金500万元。目前，公司办公空间设计方案及装修预算已修改完善，将报区政府审批过后开始进行装修工作。','前期装修阶段','0','2018-07','2019-07'),(522,55,'2018-06-28 04:11:08','abc','前期准备','张薇','13707288397','6月11日，十堰市政府与京东签订了《“互联网+”新经济发展合作项目合同》。6月25日，由市商务局统筹，在京东云十堰项目工作小组临时办公场所（柳中园原市商贸流通投资管理中心）会议室，召开了京东项目装修设计需求碰头会。根据京东对十堰国际金融中心电商产业园项目十堰基地办公层、入驻企业办公层以及商家服务中心办公层的空间设计要求，我区务必在找到合适的装修团队尽快完成装修设计方案后立即启动装修工作，力争8月31日前完成装修，10月初京东工作小组可入驻办公。','前期装修阶段','0','2018-09','2019-09'),(523,45,'2018-06-28 04:19:10','abc','前期准备','张薇','13707288397','①名创吾悦广场项目：拟选址范围有保留山体，为推进项目建设已形成专题报告上报市政府，并通过了市政府专题会议。后续需通过人大代表专题会议研讨规划调整，相关市人大代表已应邀进行现场视察。②HKC香港城女性时尚精品购物中心项目:借人民路与邮电街、东山路交汇处正在进行环形人行天桥建设机遇，申请在进行HKC香港城女性时尚精品购物中心段天桥架设时，直接开通天桥、购物中心直通通道。目前天桥架设请示已经形成专题材料与市规划设计院进行了对接，并专题报告市政府请求协调解决，现等待最新的天桥架设方案上规委会过审。目前，HKC香港城已投资8000万元；十堰茜南酒店管理已完成投资7000万元，即将于8月开业。','无','0','2018-10','2020-10'),(524,92,'2018-06-28 07:17:38','abc','开工','王玉超','13635729949','前期选址已经完成，正在办理相关土地审批手续，发布招投标公告。','将会对包装车间以及加工车间进行选址和招投标，加快项目进度。','0','2018-04','2018-12'),(525,95,'2018-06-28 07:21:37','abc','开工','王玉超','17320591245','项目建设地点已经确定，办理相关土地审批手续，协调土地占用矛盾，进行公开招标中。','督促制定详细的施工方案，加大办理相关手续，现场协调力度。','0','2018-03','2018-08'),(526,84,'2018-06-28 07:30:20','abc','开工','王玉超','17320591245','岩屋、坪子片区的项目选址、事故调查、土地占用矛盾化解已经完成，正在积极协调廖家片区相关选址、事故调查以及协调土地占用相关事宜。','加快岩屋、坪子片区的土地审批程序，制定详细的施工方案，积极推进廖家村片区的选址和占用土地赔偿事宜。','3000','2018-03','2018-12'),(527,94,'2018-06-29 01:14:52','abc','开工','郑珊珊','8795902','截止6月底，已完成挂网20万平米，开挖种植沟1.2万米，客土10000方。','存在的困难和问题：\r\n1夏季气温较高，影响苗木栽植成活率，对苗木养护的要求更高。\r\n下一步工作安排：\r\n1、加强技术指导及跟踪，确保修复成效。\r\n2、督促施工方做好养护。\r\n','200','2017-12','2018-12'),(528,63,'2018-06-29 06:47:52','abc','前期准备','金超','15387251677','本月对50户村民房前屋后的树林进行了勘察，现进入清算附段；与16户村民签订补偿协议。\r\n','加快征收协议兑付工作。\r\n','0','2017-2','2019-8'),(529,89,'2018-07-20 00:27:08','abc','开工','张筱雨','18371937168','马赛路进行老陈家便民生活庭院场平，花池砌筑、种植土回填、苗木栽种除玻璃房外的所有内容，沁春园外架、停车位、艺术挡墙、包窗套除彩钢瓦外的所有施工；进行道路沿线绿化种植土绿化；节点七园建完成公厕内侧装修；马赛路沿线进行自行车道陶瓷颗粒摊铺、悬挑段防护栏杆安装、软基础段防腐木安装；燕巢岭门式刚构桥进行栏杆安装等装饰工程；赛武当风景区入口门式刚构桥进行上部结构主体，栏杆安装等装饰工程。','需协调营子村老百姓菜地、房屋前场地等自行车道问题','709','2017-06','2018-10'),(530,94,'2018-07-20 07:08:29','abc','开工','郑珊珊','8795902','截止7月底，已完成挂网20万平米，开挖种植沟1.2万米，客土12000方。栽植毛娟47万株，爬山虎2.4万株。','存在的困难和问题：\r\n1夏季气温较高，影响苗木栽植成活率，暂停苗木栽植。\r\n下一步工作安排：\r\n1、加强技术指导及跟踪，确保修复成效。\r\n2、督促施工方做好养护。\r\n','300','2017-12','2018-12'),(531,32,'2018-07-23 02:46:27','abc','开工','张一鸣','18671914333','设备基础已基本完工，预计本月底完成。用水井按照园区规划的人行道标高建设，延人行道铺设。','恳请尽快解决道路通行和规划审批问题，建议在八月底前先修建一条毛路面，以便大型设备运输进场。建议区项目办提前区政府专题研究道路建设问题，相关职能部门加快规划审批办理。','100','2018-03','2019-03'),(532,49,'2018-07-24 00:56:35','abc','开工','陈双','8666692','试运行中，主体工程已完工，正在进行商铺招租。','无','150','2017-11','2018-12'),(533,52,'2018-07-24 00:57:42','abc','前期准备','陈双','8666692','总共三期（面积超过10000平米），目前已建成两期，共计6500余平米，Novo+上海路郧阳医学院共建孵化基地3000平米，现正在进行上海路郧阳医学院共建孵化基地的装修工作。','正在施工收尾阶段，预计2018年9月正式投入使用。','350','2018-03','2018-11'),(534,43,'2018-07-24 00:58:15','abc','前期准备','陈双','8666692','正在进行场地土石方开挖，将挂招牌及后续手续办理中','剩余拆迁及安置工作进行中','8000','2017-12','2019-8'),(535,9,'2018-07-24 02:03:30','abc','开工','王冬浜','13593740465','项目进度：1、根据《关于调整完善新能源汽车推广应用财政补贴政策的通知》，正在与客户就政策的调整，议订合作方式，修订合同细则。根据订单需求，组织零部件采购，组织生产。2、本季度暂未规划新的建设项目。','受新能源汽车财政补贴政策调整的影响，上游主机厂暂无较大批量订单；公司业务部门正在积极外拓市场。\r\n','1500','2017-02','2018-12'),(536,1,'2018-07-25 00:54:02','abc','前期准备','瞿道平','13593758887','生装配9线于6月启动建设，目前正在进行土建基础施工。预计今年12月进启动设备联调，明年1月进行试生产。装配涂装线正在进行设备安装、厂房改造等施工。                        四轮定位厂房项目已开工，正在建设。 \r\n\r\n','无','8000','2018-05','2019-12'),(537,80,'2018-07-25 01:25:40','abc','前期准备','周清华','13636239848','现已完成工程费用概算，上报区城投进行核算，开始实施施工单位招投标工作。\r\n','下一步工作打算：1、完成工程费用核算工作，完成施工单位招标工作，组织施工单位进场施工。','100','2018-05','2018-12'),(538,2,'2018-07-25 01:30:07','abc','开工','周清华','13636239848','现已完成东风实业产业园场地平整及强夯等工作；普尔及绿驰精密已建起了项目部，只等规划设计及有关合同签订后开始施工，5000平米大洋电机项目临时厂房装修基本完成。\r\n','下一步工作安排：\r\n1、大洋电机完成厂房装修煞尾工作，组织设备进场安装。2、普尔精密公司组织厂房建设。\r\n','1000','2018-05','2020-12'),(539,59,'2018-07-25 01:53:39','abc','开工','景永生','13329840778','本月完成清表20万平方米、土石方开挖213万方、回填19.7万方、大桥基桩灌桩8根；土地收储工作实物调查正在收尾中、全线铁塔拆迁协议已签订、林业手续即将办理完毕、土地手续已报省国土资源厅。','下一步将加快对沿线土地收储红线内林木、土地、水利、坟墓等各项补偿的兑现工作。','3000','2017-05','2019-12'),(540,29,'2018-07-25 02:02:26','abc','开工','赵茜','18007281135','生产经营逐步走上正轨。','存在困难：\r\n受场地限制发展，恳请政府尽快落实驼鞍沟新建厂房用地；\r\n下一步工作建议和安排：继续加强协调服务，并确保各项指标应统尽统。','80','2018-04',''),(541,8,'2018-07-25 02:03:57','abc','开工','赵茜','18007281135','已入驻2家企业，其中十堰市洪永工业设计有限公司安全带紧固件生产项目已开始生产。','存在困难:项目待区政府在驼鞍沟安排用地，进行统一规划。\r\n下一步工作建议和安排：会同招商、经信、科技部门积极与企业对接，做好各项服务。','0','2018-04',''),(542,99,'2018-07-25 02:08:40','abc','前期准备','赵茜','18007281135','对原施工单位工程量开展审计工作进入收尾。\r\n','存在困难：\r\n1.紫薇岛旅游开发公司心理价位过高，手续不完善，招商难。\r\n下一步工作建议和安排：\r\n1.建议约谈紫薇岛开发公司负责人，并请区政府予以支持。','0','',''),(543,84,'2018-07-25 02:28:30','abc','开工','王玉超','17320591245','马加贩段拆迁户安置点三通一平已完成，以及召开廖家村陈家营处村民拆迁征地动员会，正在积极协调岩坪路施工过程中的矛盾纠纷。','廖家村陈家营被征地农户认为现征地标准过低，要求征地后每户预留一块菜园，供生活所需。下一步将会对陈家营处进行协调，确保征地工作顺利完成。','0','2018-03','2018-12'),(544,26,'2018-07-25 02:37:45','abc','前期准备','王蓓','8787279','经过走访双鸥公司，现锦恒公司与双鸥公司就项目推进、产品研发、项目投资等问题正在协商过程中，现项目处于停滞状态。','1、锦恒公司对项目推进积极性不高,缺乏资金。2、本月气囊及汽车饰件市场不景气。','0','2018-03','2020-12'),(545,92,'2018-07-25 02:39:28','abc','开工','王玉超','13635729949','因该项目投资方已放弃投资，建议从项目库中调出该项目。','因该项目投资方已放弃投资，建议从项目库中调出该项目。','0','2018-04','2018-12'),(546,87,'2018-07-25 02:48:38','abc','开工','王玉超','13635729949','正在进行场地平整工作。','督促施工方加快进程，尽快完成场地平整任务。','50','2018-03','2018-10'),(547,86,'2018-07-25 02:55:36','abc','开工','赵茜','18007281135','项目进展：园区内土地治理、除草，植被养护，治理花卉土地100余亩，种植百日草及向日葵；逐步完善园区内基础设施细化工程；生态停车楼进入设计阶段。\r\n手续办理：已完成林地不动产登记工作基础性资料；规划已上市规划局业务会，待规划局出意见后再完善相关手续。','存在困难：\r\n1、受天气影响，园区内园林维护任务重，影响整体园区开展进度；\r\n2、招商引资困难；\r\n下一步工作建议和安排：\r\n1、根据规划业务会要求完善相关手续；\r\n2、加快生态地下停车库的规划设计；\r\n3、与区城投确立融资事宜。','200','2017-2',''),(548,25,'2018-07-25 03:04:57','abc','前期准备','张薇','13707288397','项目初步选址驼鞍沟工业园，拟征地200亩，目前正在与拟引进企业进行合作洽谈。其中将拟引进佛山市科蓝环保设备有限公司（该公司成立于1992年,专注于静电技术在餐饮油烟净化领域和工业油雾净化领域的应用）目前公司已将项目规划设计方案上报区政府。','①尽快完成新公司注册事宜；②请区政府尽快对项目规划设计方案提出修改意见；③完善规划设计方案后尽快报市规划局审批。','0','2018-09','2019-09'),(549,95,'2018-07-25 03:11:51','abc','开工','王玉超','17320591245','正在办理相关土地审批手续，并协调土占用矛盾。','积极督促项目施工方制定详细的施工方案，尽快办理相关手续。','0','2018-03','2018-08'),(550,27,'2018-07-25 03:14:39','abc','开工','张薇','13707288397','项目选址胡家工业园，征地118亩，已登记注册湖北普尔精密科技有限公司，6月15日已正式与区政府签约。新工厂正在进行基础设施建设，已订购部分设备。','①尽快解决该公司申请的500万生产调度资金；②加快项目建设，力争早日投产。','0','2018-07','2019-07'),(551,33,'2018-07-25 03:23:19','abc','前期准备','张薇','13707288397','2018年1月12日，多弗控股集团董事长胡兴荣率考察团一行来茅箭区，考察了华昌达和中正汽车股份有限公司，双方关于紫薇岛项目收购达成初步意向。','在谈','0','2018-10','2019-10'),(552,35,'2018-07-25 03:30:54','abc','前期准备','张薇','13707288397','前期诺克公司制定的产品升级改造方案已通过日本丰田合成公司总部论证。日方公司已于5月底安排人员过来到诺克公司对各相关部门的业务、职务、人员进行调查，并且已完成现场评估。目前正对合同条款进行洽谈，拟于8月份签订正式合同。','在谈','0','2018-10','2019-10'),(553,36,'2018-07-25 03:31:35','abc','前期准备','张薇','13707288397','目前，浙江高领新能源科技有限公司已和十堰市博拓贸易有限公司（十堰市茅箭区南街社区人民北路67号）签订贸易合作协议，后期将根据十堰市场销售情况，决定项目投资事宜。','在谈','0','2018-10','2019-10'),(554,37,'2018-07-25 03:33:26','abc','前期准备','张薇','13707288397','（此项目暂无进展，已替换别的项目）','（此项目暂无进展，已替换别的项目）','0','2018-10','2019-10'),(555,38,'2018-07-25 03:37:11','abc','前期准备','张薇','13707288397','项目建设地点在胡家工业园，目前项目公司在等投资商筹集资金，8月份一旦资金到位即可与区政府签约项目合同，开建项目并引进生产设备。','在谈','0','2018-10','2019-10'),(556,39,'2018-07-25 03:38:04','abc','前期准备','张薇','13707288397','2018年1月，区领导和万象集团公司总经理赴杭州市萧山区考察万象钱潮股份有限公司。经对接邀请，对方将安排项目负责人近期来茅箭考察，对接汽车零部件生产相关企业。','在谈','0','2018-10','2019-10'),(557,40,'2018-07-25 03:39:38','abc','前期准备','张薇','13707288397','（此项目暂无进展，已替换别的项目）','（此项目暂无进展，已替换别的项目）','0','2018-10','2019-10'),(558,41,'2018-07-25 03:40:27','abc','前期准备','张薇','13707288397','2018年元月，茅箭区委常委、常务副区长顾衍波带领招商小分队赴武汉进行项目对接。目前拟计划在天津路大洋五洲对面的遂道口附近选址100亩建厂房，规划局正在办理土地变更手续，由集体土地变更为建设用地。（注：武汉健民已转区卫计局牵头联系）','在谈','0','2018-09','2019-09'),(559,42,'2018-07-25 03:41:04','abc','前期准备','张薇','13707288397','（此项目暂无进展，已替换别的项目）','（此项目暂无进展，已替换别的项目）','0','2018-10','2019-10'),(560,50,'2018-07-25 03:43:12','abc','前期准备','柴东东','13797835677','该企业土地证过户还在审核办理之中。','     一，施工队伍已经进场，等规划通过后立即开始施工。\r\n    二、8月初一定动工建设，争取年前完成一期投资','2100','2018-04','2019-04'),(561,48,'2018-07-25 03:47:38','abc','前期准备','许伟峰','15897857888','项目进入办理土地手续阶段，计划8月底动工建设','存在的问题：规划设计方案已报区规划分局审核，建议区政府督促办理进度。','1000','2017-08','2019-8'),(562,54,'2018-07-25 03:58:15','abc','开工','张薇','13707288397','①区政府与重庆花果山企业管理有限公司于5月2日已签订项目合作执行协议；②重庆公司已于5月15日在茅箭区重庆路汉成天地注册成立本地公司——十堰腾云众创空间管理有限公司，注册资金500万元；③公司装修团队已于7月12日全面进场施工，目前正在进行内部隔间划分、地板铺设等工作，猪八戒logo已挂牌。','①请区政府按照协议约定拨付给十堰腾云众创空间管理有限公司首笔运营费用600万元；②请区政府对猪八戒网线上平台启动仪式暨猪八戒网十堰战略发布会活动予以全程支持；③请区政府根据猪八戒的装修进程拨付部分装修费用；④猪八戒网已与汉成天地签约房屋租赁协议，需区政府拨付房租费用；⑤请猪八戒网尽快启动互联网+工业设计产业特色小镇项目选址工作。','0','2018-07','2018-09'),(563,55,'2018-07-25 04:00:33','abc','前期准备','张薇','13707288397','①十堰市政府与京东于6月11日已签订《“互联网+”新经济发展合作项目合同》；②京东云十堰项目工作小组目前已在柳中园原市商贸流通投资管理中心临时办公；③京东选定十堰国际金融中心第25-27层物理空间作为10000㎡的电商产业生态中心（十堰基地办公层、入驻企业办公层以及商家服务中心办公层）；④京东对项目物理空间正在进行初步规划设计，预计7月底完成；⑤京东拟于7月27日在五堰商场门口做一个7天的农特产品体验形象展示中心——“快闪店”；⑥京东对十堰的绿松石、汽车以及其它相关产业在初步调查摸底，以便开展项目工作。','①请尽快成立区级项目协调指挥部；②待7月底京东规划设计方案出来后，区政府根据设计方案要求尽快确定装修团队进场施工，确保9月完成施工装修，10月初京东可入驻办公；③请五堰街办、住建局和步行街管理办公室对京东在五堰步行街进行7天的农特产品体验形象展示中心——“快闪店”的建设予以支持，并做好协调服务安保等工作；④请行政审批局对京东拟新入驻企业以及需要变更注册地址的企业开辟绿色通道，或者提供现场办公的条件，以便入驻京东产业园的企业高效快捷的办理入驻手续；⑤尽快与十堰国际经融中心签订房屋租赁协议，确定租房事宜。','1000','2018-08','2018-10'),(564,45,'2018-07-25 04:05:05','abc','前期准备','张薇','13707288397','(1)名创吾悦广场项目：①区人武部后220亩土地市人大已开会研究确定取消保留山体规划调整为商业用地；②土地规划已从省国土资源厅批转回建设用地；③凤凰香郡后120亩土地已于7月14日在市国土资源局发布《十堰市国有建设用地使用权拍卖出让公告》（2018年第3号），名创已做好摘牌准备工作；④市规划局已于7月2日进行实地查勘，并给出初步指导意见。(2)HKC香港城女性时尚精品购物中心项目:借人民路与邮电街、东山路交汇处正在进行环形人行天桥建设机遇，申请在进行HKC香港城女性时尚精品购物中心段天桥架设时，直接开通天桥、购物中心直通通道。目前天桥架设请示已经形成专题材料与市规划设计院进行了对接，并专题报告市政府请求协调解决，现等待最新的天桥架设方案上规委会过审。HKC香港城总投资3.5亿元，目前已投资0.8亿元；十堰茜南酒店管理已完成投资0.7亿元，即将开业。','①名创优品集团对整个片区情况予以统一设计，将尽快确定设计方案报市、区相关领导及市规划局予以审批；②尽快通过竞拍将120亩土地拿下；③尽快启动220亩土地的山地平整工作；④请二堰街办成立专班对区人武部后220亩土地进行实物锁定，启动拆迁工作；⑤加快办理名创优品（十堰）贸易有限公司注册事宜，7月底必须完成公司注册，力争8月新注册的外贸出口公司要有数据。','15000','2018-10','2020-10'),(565,20,'2018-07-26 02:03:16','abc','开工','瞿道平','13593758887','数控车11台、抛丸机1台、粗糙度1台、硬度计1台、5轴数控滚齿机1台\r\n','暂无','500','2018-03',''),(566,11,'2018-07-26 03:25:02','abc','开工','彭祖锐','13197279696','1、规划方案已报规划局 ，初审已过。 2、场地正面挡土墙已建设完成  3、场地侧面已完成部分挡土墙  4、地质勘查工作已完成、5、场地地基处理（强夯）完成90%，设备基础施工开始。6、项目土地已拍买成功，正在签订土地出让合同。','1.场地地基处理，设备基础处理完成。\r\n2.确定项目规划设计方案，签订土地出让合同。\r\n3.完成地界挡墙砌筑工程\r\n4.完成地基处理（强夯）工程\r\n5.供水报装，设施完成。\r\n6.项目工程，设施开始建设。\r\n','100','2018-01','2019-12'),(567,23,'2018-07-26 03:27:26','abc','开工','彭祖锐','13197279696','基建完成，在进行钢结构工程：钢构有序进场，27号开始做屋面梁、架层。','正在办理施工许可证，场地勘探正在进行中。\r\n','1000','2018-01','2018-12'),(568,24,'2018-07-26 07:07:11','abc','开工','龚政','18507280733','1.仓库基础已完成\r\n2.办公楼已施工4层\r\n车间施工设备已进场，正在做基础施工。','存在的问题：\r\n\r\n有关政府职能部门负责的手续问题要快速推进。\r\n下一步计划：\r\n按建设进度及施工总工期具体实施推进。','400','2017-09','2018-10'),(569,91,'2018-07-26 08:22:04','abc','开工','赵茜','18007281135','项目建设：坝下护坦部位景观石摆砌浇筑混凝土、钢琴坝右幅坝身基础开挖、坝身的埋石混凝土浇筑、坝下景观石摆砌连接、钢琴坝闸门安装及混凝土浇筑、人行桥桩基施工、浆砌石挡墙施工40米、坝左岸坝下宾格石笼摆砌、右岸边滩河道清淤、竹源小区沉沙池和排水沟施工、右岸边滩宾格石笼防冲护坦、河道清淤、右岸边滩种植土铺设、右岸排水沟施工、武当路公路桥桥头平台治理。\r\n沿线整治：1.拆除违章建筑6户，共计750余平方米，沿线绿化正在招标、设计阶段；2.房屋改造已完成6栋，共计3500余平方米。','存在困难：\r\n1.部分群众仍有抵触情绪；\r\n2.屠宰场业主要价高、不配合，采石场仍有库存石料待生产销售。\r\n 下一步工作建议和安排：\r\n1.继续深入开展群众工作，推进房屋改造工程加快实施。','90','2017-2',''),(570,83,'2018-07-26 09:35:55','abc','前期准备','李道明','15586989999','鸳鸯学校： 目前已通过了规划及建筑设计方案核定和施工图纸审查等，施工单位招标已于7月17日完成，现在是中标单位公示期。\r\n天津路第二小学：完成土地预审，规划和建筑方案设计、报批。目前在国土资源局报批。','鸳鸯学校：下一步将办理施工合同备案、开工许可手续等，组织协调施工单位进场事宜。\r\n天津路第二小学：下一步计划：征地手续，施工图设计，地质勘查，图纸审查，编制预算。        ','100','',''),(571,7,'2018-07-26 09:38:59','abc','开工','盛平','13986882557','一、新承接的产品线：1、东风电气有限公司新能源电机端盖、壳体，年产4万套；\r\n2、与东风粉末冶金有限公司合作开发新产品项目落地实施。\r\n二、1、到货的沈阳i5机床67台套安装调试完成，待运行。\r\n2、2#车间动力电线路、空压机气管路铺设完成，等待动力电入户。\r\n3、沈机i5-63e卧式加工中心到货安装完成，玉柴飞轮壳完成全序加工，飞轮壳产能增加。','一、随着订单增加，机器开动率提高，流动资金严重不足，建议由区财政调度资金或以其他方式予以支持。\r\n二、通勤班车、公交不到位，员工上下班出行非常不便，导致人员流动性增加。\r\n三、办公场地、员工住宿空间日显紧张，请园区加快办公楼及住宿场所的建设；另：请在园区内修建一停车场，以解决车辆乱停放问题。\r\n四、变压器容量不足，变压器连接2#车间空开只有250A，远低于设备启动负载，请相关部门予以解决为盼。\r\n五、2#车间动力电至今未接入车间，设备缺少动力电无法投入使用，\r\n请相关职能部门尽快予以解决。\r\n六、铁屑无处存放，急需解决存放场地，建议政府帮助在厂房与厂区围栏中间地带搭建一简易棚架用于存放铁屑。','2400','2017-2','2018-12'),(572,28,'2018-07-26 10:04:02','abc','前期准备','赵树山','18371978585','1、完成场地平整及修边作业；\r\n2、临时变压器正在采购、安装；\r\n3、场平土石方完成后标高进行复测，对破碎石方区域进行现场复测，对四号车间和八号车间边线坐标进行定位复验；','下一步工作：1、完善手续的办理；\r\n                       2、对五号、六号、七号、八号车间基础进  \r\n            行施工。','2000','2018-04','2019-02'),(573,85,'2018-07-27 01:07:00','abc','前期准备','王子龙','18062189730','项目总体规划已编制完成，正征求意见评审中，赛武当宾馆改造设计方案及登山游步道、民俗馆、游客接待服务中心修缮等设计方案，正待评审确定后开始施工。',' 无 ','50','2018-03','2020-08'),(574,17,'2018-07-27 01:23:27','abc','前期准备','王声','13477305048','华昌达项目手续办理完毕，具备开工条件。','因国家光伏发电项目补贴政策调整，且指标减少，导致项目建设进度滞后。且冠达项目因其公司董事会未予通过，不能实施。华昌达项目也受影响，预计8月启动，争取10月完工。','0','2018-06','2018-12'),(575,30,'2018-07-27 01:29:36','abc','前期准备','瞿海英','13636186221','招投标工作已完成，施工单位正在进行施工入场的前期准备。','加快进度，尽早开始施工建设','10','','2019-11'),(576,31,'2018-07-27 01:34:49','abc','前期准备','瞿海英','13636186221','因地类规划问题，企业需缴纳较高的土地出让金，现企业资金困难，无法支付相关费用，致使该项目停滞后没有进展','因商业用地土地出让金过高，企业无法支付，望政府相关部门能否予以协调','10','2017-2','2019-12'),(577,65,'2018-07-27 02:30:34','abc','开工','金超','15387251677','东城开发区辖区内共涉及51户村民林林补偿，现已签订完成12户林木补偿协议，该12户林木正在评估阶段。','希望市城投做好相关准备工作。','0','2018-03','2021-03'),(578,66,'2018-07-27 02:32:26','abc','前期准备','金超','15387251677','东城开发区辖区内涉及50户林木补偿资金已全部兑付完毕；共涉及9户村民房屋附属物补偿，其中8户资金已兑付完毕，剩余1户暂未签约。\r\n','希望市建投尽快做好相关准备工作。','0','2017-02','2019-8'),(579,63,'2018-07-27 02:33:49','abc','前期准备','金超','15387251677','东城开发区辖区茅箭堂6组4户村民菜地正在进入评估阶段；10户村居房屋补偿资金已经兑付到位；4户村民房屋附属物补偿资金已经兑付到位；5户村民房屋、5户村民房屋附属物正进入跟踪评估审计阶段；7户村民住房已完成房屋认定，下一步签订房屋补偿协议。\r\n\r\n','加快推进房屋补偿协议签订和征收协议兑付工作。\r\n','0','2017-2','2019-8'),(580,60,'2018-07-27 02:34:49','abc','开工','金超','15387251677','第三方公司入户摸底阶段，准备进行测绘。代家沟片区：本月资金兑付14小户，共计7764450.14元，钱已兑付到被征收人手中；未登记房屋认定4大户；签订房屋征收补偿协议12小户。徐家沟片区第二批59做坟墓资金，已兑付到老街社区账户，采取集中委托的方式，与居民签订了迁坟委托协议，坟墓迁移与资金兑付已经启动；截止目前徐家沟片区还有一栋房屋未签约，正在积极与之协商。\r\n','因涉及汽车公司停车厂土地置换事宜，现正在洽谈过程中。\r\n下个星期徐家沟和代家沟各倒房2栋，目前在做倒房前的准备工作。\r\n','0','2018-03','2021-03'),(581,96,'2018-07-27 03:29:23','abc','前期准备','刘君毅','0719-8795906',' 方案待批复 。',' 按上级政策，投资主体由发改部门改为财政部门，因此暂未批复。后期我局将积极请求市级尽快批复。待方案批复后，立即开展招投标等前期工作 。','0','',''),(582,88,'2018-07-27 03:29:37','abc','前期准备','刘君毅','0719-8795906',' 十堰市水利水电局已将请示文件及初设方案报省水利厅，待审查批复 。',' 待省厅审查批复后，我局将加快组织招标，开工建设 。','30','',''),(583,90,'2018-07-27 05:23:20','abc','前期准备','刘君毅','0719-8795906','完成工程量已45%。','加快推进项目进展， 确保如期完成工程。','120','2018-06','2018-10'),(584,14,'2018-07-27 07:13:59','abc','前期准备','许艳丽','13593709336','挡土墙、变电房已建好，场地已平好，待手续审批后建厂房。','规划、审批手续未到位，导致厂房建设滞后','400','2018-04','2018-12'),(585,98,'2018-07-28 07:42:34','abc','前期准备','简盼','13597903728','1.项目框架性协议已签订，项目规划方案已完成。正在与业主方商谈具体投资合作协议。\r\n2.在唐家村按照厕所革命相关要求，开展建设和片区环境整治、绿化亮化工作。\r\n3.唐家村片区新建改建厕所基本已完成。','1.加大洽谈力度，加快项目进展，争取早日取得进展。\r\n2.结合乡村环境卫生整治，在全镇实施厕所革命工作。','3000','2018-04','2027-12'),(586,100,'2018-07-28 07:42:52','abc','前期准备','简盼','13597903728','1.完成了财政所片区、邮政所、卫生所、政府对面房屋以及7层综合楼片区的4栋120户7000平米房屋立面改造工作，福源小区25栋86户10600平米房屋立面改造工作。\r\n2.对集镇污水管网进行改造。\r\n3.对青瓦寨至变电站路段的景观河道进行治理\r\n4.完成赛武当西路拓宽工程。\r\n5.积极对接规划单位与PPP项目可研单位，做好3p项目包装与项目招商推介。规划单位已出土地规划利用图。\r\n6.已与深圳协和医疗投资公司进行商谈，框架性协议已签订。\r\n7.在合适区域开展产业建设。\r\n8.建设产业园区，发展产业经济。','积极对接规划单位与PPP项目可研单位，做好3p项目包装与项目招商推介，加快进度，积极建设产业项目。\r\n','1000','2018-04','2022-12'),(587,15,'2018-07-30 00:15:41','abc','开工','查方鸽','13687200586','本月进度：已完成封闭式料仓建设。\r\n手续办理情况：所有手续已办完','存在问题：办理不动产登记证\r\n下一步安排：天然气的报批','1000','2017-08','2018-12'),(588,5,'2018-07-30 00:42:29','abc','开工','易琴','13477970630','车间的4楼现场改造完成并按新的布局搬迁到位开始量产，中央空调系统改造完成，引进合作方先进的生产管理系统，实验室改造计划已启动实施；其它生产设备升级改造稳步推进。','1.现有厂房无法满足公司扩能需要，已报请市规划局设计规划车间1900平米。2.请求解决公司物流通道不畅和公司员工停车难问题。','500','2017-09','2019-12'),(589,13,'2018-07-30 00:43:44','abc','开工','王冬浜','13593740465','2#车间装修完毕且已交付使用；室外道路硬化、大门及辅助设施工程已基本完成。','下一步计划：室外道路、大门及辅助设施的后续收尾工作。\r\n','10','2017-10','2018-07'),(590,53,'2018-07-30 00:47:10','abc','前期准备','曹飞','13177477198','该项目还在筹备之中','下一步安排：加大招商引资力度，使项目尽快落地。','0','',''),(591,82,'2018-07-30 00:47:51','abc','前期准备','张鹏','17771931858','已经完成EPC招标。','尽快确定项目建设地址，尽快开始施工。','20','',''),(592,4,'2018-07-30 00:50:15','abc','开工','杨东升','13907283535','新型轻卡项目基本建成投产，目前每天生产约5台车，正在积极做市场开发及新车型的公告，正在进行小批量生产。','存在的困难：企业缺乏资金。\r\n下一步计划：积极融资，争取政府资金扶持，扩大生产规模。','5000','2017-08','2020-12'),(593,46,'2018-07-30 00:51:15','abc','开工','许伟峰','15897857888','完成四栋仓储基础建设，正在进行钢结构及主体结构施工。','请市区两级国土部门尽快协调完善佰昌工业仓储物流一期项目的供地手续，企业将积极配合。\r\n','1780','2018-02','2019-02'),(594,10,'2018-07-30 00:51:58','abc','开工','王启荣','13636256976','一期项目建设已完成，设备已安装调试，正在做二期的玻璃水和防冻液罐装生产线安装及调试；双层油罐的4#车间3600多平米，5#车间1000多平米车间的钢构架已经建好；现暂无手续办理。','下一步：订单已到位，公司准备营业。','1600','2017-07','2018-10'),(595,69,'2018-07-30 00:53:56','abc','前期准备','梅光锐','15971886705','安置区建设方案已上报区常委会讨论，积极向市、区两级政府申请资金投入。区城投公司和市城投公司正在核算许白路拆迁费用，针对许白路拆迁安置区政府也在积极向市政府争取资金投入。','存在的困难：安置区建设方案尚未最终确定。建设资金无着落。\r\n下一步安排：将加大该项目汇报力度，争取尽早确定可行方案，争取对许白路环境整治项目拆迁群众早日安置。','0','',''),(596,3,'2018-07-30 00:56:23','abc','前期准备','董静','13636150142','项目全部设计方案已经确定，报规划土地审批。正在办理环评批复手续。土地协议已签。','场地平整完成之后尽快启动建设。','2600','2018-06',''),(597,22,'2018-07-30 00:57:13','abc','开工','杜锋','18971916439','正在安装调试超强钢板开平生产线。','存在问题； 1.航空路项目建设近期开始，企业租用的车间在航空路边线，项目建设期间尽量不影响企业生产。     下一步计划：建设车架总成生产线。2.区政府已同意借企业生产调度资金1000万，企业的土地、房产相关手续已抵押，企业申请用股权质押使用这项资金。\r\n','600','2018-02','2018-12'),(598,18,'2018-07-30 01:19:14','abc','开工',' 王英','13997801378','框架结构厂房已基本建好，钢结构厂房正在安装四周墙壁，大部分设备已预订。','框架结构厂房和钢结构厂房周边配套基建，黑区设备基础建设，白区设备的调整安装。','2300','2018-02',''),(599,19,'2018-07-30 01:19:54','abc','开工','王启荣','13636256976','生产线正在规划中，资金到位后立即建设。','现缺口资金约2000万元，需政府方进一步协调资金运转，实施生产线达效。','35','2018-01','2019-01'),(600,34,'2018-07-30 01:20:23','abc','前期准备','李勇','13035257202','2018年2月茅箭区政府与深圳贝特瑞新能源材料股份有限公司签订合作备忘录。2013年3月中国宝安集团负责人到十堰与十堰市政府就贝特瑞磷酸铁锂正极材料项目选址建设进行对接。目前深圳贝特瑞公司投资尚未确定，尚未签订正式投资协议。','存在的问题：没有签订正式投资协议。\r\n下一步计划：跟踪服务项目。','0','',''),(601,21,'2018-07-30 01:21:10','abc','前期准备','刘鹏','13508682289','筹备资金用于购买生产设备。','一、主要问题：\r\n邮储银行断贷、减贷500万，企业资金严重短缺。\r\n  二、 下一步计划：\r\n资金到位后完成新产品模具和生产准备工作。。','250','',''),(602,12,'2018-07-30 01:22:21','abc','前期准备','李勇','13035257202','一标80亩场平强夯完成，土石方开挖约13万立方米，回填土石方约13万立方米，边坡治理搭脚手架3000平米。施工图纸正在校核中。','存在的问题：目前因建设手续问题停工。\r\n下一步工作安排：附属用房基坑支护，基础施工，边坡锚杆钻孔丶注浆施工，东实公司场施工完成。','3200','2018-06',''),(603,71,'2018-07-30 01:23:30','abc','开工','秦道忠','13872848382','1.施工单位招投标已完毕，正在洽谈施工协议；2.场地平整完成；3.前期建设手续正在办理中。','存在的问题：前期招投标手续用时较长。\r\n下一步安排：施工协议签署之后即可进场施工。','450','2018-03','2019-12'),(604,93,'2018-07-30 01:46:37','abc','开工','赵利','13617195125','已下发茅箭区“厕所革命”实施方案,区住建局已做好农户和乡镇厕所的设备招标。正在制定方案、旅游局对旅游公厕已在加紧建设中、执法局对城市公厕完成了摸底、交通局对交通公厕正在选址。','加强政策宣传，做好厕所革命统筹协调工作，及时解决出现的问题，加大宣传报道力度。','150','2018-03','2019-12'),(605,79,'2018-07-30 03:46:48','abc','开工','张哲','13872777300','资金已兑付完毕，进入迁移、清表阶段，已建好施工用房，设备已进场。','存在的问题：十堰市2017年度第38批次城市建设用地项目C块申请用地将十堰市科学技术协会权属4800平方米〖十堰市国用（2006）第待002065号〗规划为十堰市东方伊顿学校项目建设用地。经茅箭区政府与市科协沟通协商，要求茅箭区政府在天津路沿线给予10亩地的面积予以置换。\r\n下一步安排：下月加快施工进度。','1500','2018-02','2019-12'),(606,75,'2018-07-30 06:59:40','abc','开工','张鹏','17771931858','建成二沉池一个，生物池一个，污泥浓缩池一个，管线铺设100米。','下一步工作：建设一个生物池及一个二沉池。','3000','2018-03','2018-12'),(607,6,'2018-07-30 07:00:32','abc','开工','万刚','13872811827','已经重新细化三条生产线的详细设计方案，供应商正在生产制造中；载体封装线安装调试完成，可以生产载体组件，具有完全国六样件生产能力；国六样件区扩建项目完成，六月生产超过40套样件；启动现有厂房基础建设项目。','主要问题：无\r\n下一步计划：\r\n1.继续厂房内基础设施实施（供气管道、水电、地面平整等）；\r\n2.供应商生产线制造，监控生产进度；\r\n3.启动DDI和LD 小马力产品项目建设；\r\n4.新产品试制，新产品工装投入评估。','3000','2018-01','2020-12'),(608,97,'2018-07-30 07:22:28','abc','前期准备','於少武','18062170008','中央3000万元专项资金已下达区财政，正在完善项目实施方案，近期将报请市环保局、市财政局进行评审。','尽快完善项目实施方案，并报请市环保、财政部门进行评审。','0','0','0'),(609,64,'2018-07-30 08:04:42','abc','开工','翁秋萍','13617197710','一、工程：天津路立交桥、二期道路工程、七里沟立交桥正在进行沥青混凝土和水泥混凝土路面铺设工程，二期隧道工程正在进行隧道内饰及照明工程，北环路一标正在进行路基平整工程。二期绿化工程正在进行道路绿化配土、整形工作。二期路灯工程正在进行路灯铺设管线及基座。本月已完成2018年度计划的7%。 二、拆迁：货币安置资金兑付手续已申报，正在审批中。三、手续办理：规划用地、林业、批次用地手续已办理。','下一步工作计划：积极推进工程建设，协调相关部门加快资金兑付审批进度。','836','2012-04','2018-12'),(610,58,'2018-07-30 08:09:50','abc','开工','翁秋萍','13617197710','一、工程：①安置区一期：正在与开发商沟通房源事宜； ②安置区二期：正在进行A1区施工8幢商住楼（32层）主体结构施工（其中1号楼完成23层主体结构，2号楼完成8层主体结构，3号楼基础工程施工中，6号楼及7号楼完成19层主体结构，8号楼完成2层主体结构），4幢独立商业楼装修完成30%。本月完成年度总投资计划的2%。 二、拆迁：本月完成12户个人的拆迁； 三、手续办理已完成规划选址、规划用地手续及土地批次手续的办理。','一、困难：一期安置房源交付，二期土地规划手续办理。\r\n二、下一步工作安排：一期积极协调早日拿到一期安置房源。二期有效推进安置区建设进度，办理土地招拍挂手续及建筑工程许可证。','3018','2014-06','2023-12'),(611,16,'2018-07-30 09:03:43','abc','前期准备','王晓静','13872803126','正在编制项目可研报告，七月无进展','存在的困难问题：\r\n无\r\n下一步安排：在完成项目可研报告后进行征地\r\n（七月无进展）','0','','2019-8'),(612,44,'2018-07-30 09:04:06','abc','前期准备','王建设','13687215678','恒大城二期项目基本处于停工状态,本月无进展。（七月无进展）','恒大城二期规划方案尚未通过审查，项目南侧上海路至北京路道路及市政设施建设进度比较慢（七月无进展）','0','2017-2','2019-8'),(613,47,'2018-07-30 09:07:34','abc','开工','胡光娥','18372668329','一期工程商业部分至2层，住宅部分完成地下室施工。','存在困难：\r\n希望市国土局加快1000平米土地招拍挂程序。\r\n下一步工作安排：办理完成二期施工许可，取得1000平米土地证。','2000','2018-03','2019-8'),(614,51,'2018-07-30 09:08:34','abc','前期准备','黄霞','18671662288','新媒体创意文化产业园项目与北京民族文化产业园有限公司签订了战略合作协议，目前依然未找到合适的位置将印刷厂搬迁过去，还在选址中（七月无进展）','存在问题：\r\n需要区级部门和市级部门帮助协调解决好印刷厂选址问题，目前还未找到合适的选址位置将印刷厂迁移过去\r\n工作安排：\r\n继续选址，寻找合适的位置尽快将印刷厂搬迁过去。\r\n（七月无进展）','0','2017-2','2019-8'),(615,70,'2018-07-30 09:08:58','abc','前期准备','张文兰','18772888589','市民政局起草养老设施建设及管理办法报市政府审批阶段（七月无进展）','存在问题：\r\n无\r\n下一步安排：\r\n尽快完善前期手续。\r\n','0','2017-2','2019-8'),(616,72,'2018-07-31 02:46:36','abc','开工','谢瑜','15271426641','茅箭段项目涉及的景家院隧道出口和曹家一号隧道进口已全隧贯通，景家院大桥主体工程完工，目前项目建设进入无咋轨道铺设阶段，预计2018年年底完成无咋轨道的铺设工作。相关的红线用地手续正在办理中','被征地村民的安置问题区政府已明确由东城开发区统一安置，至今未安置到位，一直支付过渡费增加政府开支。\r\n下一步项目指挥部将积极协调施工方及相关部门实时办理临时用地、新增红线内用地相关手续。\r\n汛期来临，指挥部将积极督促项目施工单位对项目施工中涉及的河道进行疏通，确保人民群众的生命财产安全。','300','2015-11','2019-12'),(617,56,'2018-07-31 08:02:39','abc','前期准备','沈浩然','18707289768','由区棚改办负责辖区内上湾巷片区棚户区改造工作，并与市规划设计院现场勘查，确定了上湾巷片区四至边界。目前，正在准备上湾巷片区棚改拆迁的前期准备工作。','积极与市直相关部门的对接，掌握相关手续的办理情况，为项目做好服务协调工作。','0','2018-03','2022-03'),(618,76,'2018-07-31 08:07:26','abc','开工','沈浩然','18707289768','重庆路改造林荫大道2号线至三环桥段2.4公里车行道、人行道、绿化工程、港湾式公交站等改造已全部完工。浙江路底层沥青已铺设完毕，绿化带、花坛已建设完毕，铺设沥青路面已完成，累计投资4200万元。\r\n北京路综合改造项目道路拓宽全部完成，道路西侧管廊水稳摊铺、沥青摊铺全部完成，道牙、平石安装完成90%，地下人行通道进入主通道10米，二衬完成6米。目前，正在由市综合管理执法局对进行道路两侧的景观进行改造。','下一步，区住建局为确保按时间节点完成施工任务将积极做好协调服务配合工作。','3700','2017-09','2018-06'),(619,77,'2018-07-31 08:10:34','abc','前期准备','沈浩然','18707289768','因标志路与武当路复线重叠，黑碳沟倒土场已建设完成，具备倒土条件，标志路与武当路复线重叠部位即将动工建设。大沟路、柳中路暂未通过市政府研究。恒大路规划方案已出，正在由市规划设计院编制施工图纸，待施工图批准后由恒大集团实施。','下一步，多与施工单位沟通，如在施工过程中遇到困难，区住建局将积极做好协调服务工作。','0','2018-03','2019-8'),(620,74,'2018-07-31 08:11:41','abc','前期准备','沈浩然','18707289768','林荫大道一号线、三号线为综合管沟，航空路为综合管廊建设。此项目与道路建设同步实施，目前，林荫大道一号线京中国际学校段山体开挖已完成。一号线和三号线正在进行地质勘测，航空路因涉及方案和概算调整，道路建设还未开启动。','做好项目建设的协调服务工作，确保工程稳步推进。','0','2017-2','2019-8'),(621,73,'2018-07-31 08:16:46','abc','开工','沈浩然','18707289768','文化广场、北京路居然之家前2座人行天桥已建设完毕；邮电街口立交桥已完成8根主桩和2根辅桩基，因涉及邮电街口电信大楼拆迁，现已将优化后的方案送电信公司审核，累计完成投资1200万元。北京路、上海路、重庆路车行立交桥已完成立交桥主桩2跟，支护桩25根；北京路综合管廊完成30米，上海路重庆路综合管沟累计完成180米，土方开挖1.5万立方，累计投资2000万元。','1、继续主体桩基、综合管廊、管沟的建设任务，；\r\n2、加大与电信公司的沟通协调力度，待拆迁方案通过电信公司内部审核后，加快项目施工。','3200','2018-11','2019-8'),(622,78,'2018-07-31 08:17:12','abc','前期准备','余伟','13997823935','正在申报项目资金.','待资金到位后，与相关乡镇、街办、开发区对接启动项目。','0','2018-04','2019-12'),(623,81,'2018-07-31 08:17:33','abc','前期准备','余伟','13997823935','正在进行招投标','待招投标手续完成后，立即启动项目。','0','2018-04','2018-12'),(624,61,'2018-07-31 08:55:28','abc','开工','刘从军','15807289995','一期的精装修和二期的土建施工。','无困难问题，下一步加快协调各方单位，保证现场施工进度，确保按照节点完成施工内容','2600','2015-07','2019-8'),(625,20,'2018-08-20 03:07:05','abc','开工','瞿道平','13593758887','滚齿机2台、旋分倒角机4台；即将回厂三轴定位滚齿机5台、挤倒锥1台、二联机械手3台、单联机械手3台、圆盘锯1台、激光打标机1台\r\n\r\n','1、途经公交线路少，员工上下班乘车不方便。请政府协调将7路公交线路延长至万向通达工业园。\r\n2、建议加快同创路东风客车公司路段建设。','360','2018-03',''),(626,1,'2018-08-20 03:51:19','abc','前期准备','瞿道平','13593758887','装配9线于6月启动建设，目前土建基础施工已完成，准备进行设备安装工作，预计今年12月进启动设备联调，明年1月进行试生产。装配涂装线厂房改造等施工基本完成，设备安装已接近尾声。四轮定位厂房项目厂房基础已完工。\r\n','存在的困难和问题：无','5000','2018-05','2019-12'),(627,97,'2018-08-20 07:28:58','abc','开工','於少武','18062170008','中央3000万元专项资金已下达区财政，项目实施方案待市环保局、市财政局批复；经市政府同意，青岩洞沟和七里沟黑臭水体治理工程正在实施，8月底前将完工。','协调市环保、财政部门尽快对项目实施方案进行批复，启动车站沟黑臭水体治理、异地扶贫搬迁安置点和农家乐污水治理工程。','800','2018-07','2018-08'),(628,67,'2018-08-20 07:29:03','abc','前期准备','关晓波','18371968777','市局在办理相关手续，目前仍未开工。','该项目由市公路局实施，主要项目手续由市公路局负责办理。','0','2018-12','2021-07'),(629,68,'2018-08-20 07:33:33','abc','开工','关晓波','18371968777','大黄路规划选址意见书已获批，其他前期手续均已到位，正加紧办理项目工可和初设批复手续。茅官路林业手续已获省林业厅批复，现已提交至国家林业总局批复，待批复后即可开工。五卡路正在编制工可。锅厂路已开工建设，本月完成投资约300万元，累计完成投资1500万元。岩坪路，路基工程已完成至80%，本月完成投资约600万元，累计完成投资2600万元。','茅官路涉及赛武当自然保护区，需到国家林业部办理林业手续，程序繁琐，难度较大。\r\nS446大黄路规划选址意见书已获批，正在加紧办理工可初设手续。','200','2017-08','2020-12'),(630,73,'2018-08-20 07:50:45','abc','开工','沈浩然','18707289768','文化广场、北京路居然之家前2座人行天桥已建设完毕；邮电街口立交桥正在进行钢箱梁的深度设计加工，拆迁方案已通过，目前正在与电信公司进行拆迁协议签订等事项。北京路、上海路、重庆路车行立交桥已完成立交桥主桩12跟，支护桩75根，综合管廊完成270米，综合管沟累计完成230米，累计投资4000万元。','\r\n1、力争下月初启动电信公司的拆迁工作，加快项目施工。','0','2018-11','2019-8'),(631,74,'2018-08-20 07:59:45','abc','前期准备','沈浩然','18707289768','目前，此项目与道路建设同步实施，一号线、三号线、航空路因涉及设计方案和投资概算的调整，道路建设还未开启动。','保持与项目单位的沟通，及时掌握设计方案和投资调整动态。','0','2017-2','2019-8'),(632,56,'2018-08-20 08:50:54','abc','前期准备','沈浩然','18707289768','该工程涉及上湾片区、双鸥郧发片区、四四厂片区、四堰片区四个棚户区改造拆迁任务，目前，上湾片区已完成房屋评估、测绘任务，下一步进行签约工作；双鸥片区、四四厂片区、四堰片区入户调查已结束，即将进行房屋评估和测绘工作。','加快棚户区改造工作，为项目做好服务协调工作。','0','2018-03','2022-03'),(633,76,'2018-08-20 10:28:09','abc','开工','沈浩然','18707289768','重庆路改造林荫大道2号线至三环桥段2.4公里车行道、人行道、绿化工程、港湾式公交站等改造已全部完工。浙江路底层沥青已铺设完毕，绿化带、花坛已建设完毕，铺设沥青路面已完成，累计投资4200万元。\r\n北京路综合改造项目道路拓宽工程已全部完工，目前，正在由市综合管理执法局对进行道路两侧的景观进行改造。','无','3700','2017-09','2018-06'),(634,22,'2018-08-21 03:24:17','abc','开工','杜锋','18971916439','目前该项目已投资4千万元，焊接车架生产线一条已投产运行，超强钢板开平生产线试运行未验收；新建数控剪切加工中心，新购大型平面数控冲压设备一台、12米折弯机一台、等离子切割设备二台、钻床十台已安装完毕，基础设施建设未完工为决算。\r\n','存在问题； 1.航空路项目建设近期开始，企业租用的车间在航空路边线，项目建设期间尽量不影响企业生产。     下一步计划：建设车架总成生产线。2.公司高技术工人招工难度大。\r\n','600','2018-02','2018-12'),(635,46,'2018-08-24 00:22:02','abc','开工','许伟峰','15897857888','完成2栋仓库的钢结构主体结构施工。正在进行另两栋钢筋混凝土仓库的主体结构施工。','请区国土部门帮助协调完善佰昌工业仓储物流一期项目的供地手续，企业将积极配合摘牌。\r\n','1230','2018-02','2019-02'),(636,2,'2018-08-24 00:50:14','abc','开工','周清华','13636239848','东风实业、普尔精密及附属用房场平工作已完成。东实大洋（80亩）及普尔精密强夯工作已完成。边坡土方卸载全部完成，共计29936.12m3，孔桩共需114根，已完成40根，三标段震科公司招投标工作已完成，中标单位已入场开展临时生活区搭建工作。5000平米大洋电机项目临时厂房装修完成,工作人员已入住。\r\n','下一步工作安排：\r\n1、组织震科、普尔精密公司组织厂房建设。2、组织大洋电机安装调试设备。\r\n','100','2018-05','2020-12'),(637,80,'2018-08-24 00:52:10','abc','前期准备','周清华','13636239848','现已完成工程核算，正在积极组织实施施工单位招投标工作，以及开工前的准备工作。\r\n','下一步工作打算：1、完成施工单位招标工作，组织施工单位进场施工。','10','2018-05','2018-12'),(638,32,'2018-08-24 03:56:36','abc','开工','张一鸣','18671914333','设备采购基本完成，正在逐步安装，预计下月开始建设厂房。','恳请加快通厂区道路建设。','600','2018-03','2019-03'),(639,50,'2018-08-25 00:40:55','abc','前期准备','柴东东','13797835677','目前项目已开工，手续还在办理协调之中。','     一，施工队伍已经进场，已经开始施工。\r\n    二、该公司现在开始动工了，但有一个问题急需处理，即：自来水公司有一条到华西的400的管道正在东利洋公司工地中间，急需移走，不移走将严重影响公司的基础强夯等工程建设。公司已给自来水公司去了报告。目前公司已和开发区进行了对接！争取早日解决。','2100','2018-04','2019-04'),(640,48,'2018-08-25 00:53:39','abc','前期准备','许伟峰','15897857888','项目进入办理土地手续阶段，场平招标已完成。','存在的问题：规划设计方案已报区规划分局审核，建议区政府督促规划部门办理进度。','1000','2017-08','2019-8'),(641,31,'2018-08-27 00:59:51','abc','前期准备','瞿海英','13636186221','因土地出让金问题，现企业无法支付相关费用，该项目前没有进展','企业无法支付过高的土地出让金，望政府相关部门能否予以协调','10','2017-2','2019-12'),(642,49,'2018-08-27 01:03:52','abc','开工','张小梅','8666692','正在进行商铺招租。','无','200','2017-11','2018-12'),(643,52,'2018-08-27 01:05:22','abc','前期准备','张小梅','8666692','总共三期（面积超过10000平米），目前已建成两期，共计6500余平米，Novo+上海路郧阳医学院共建孵化基地3000平米，现正在进行上海路郧阳医学院共建孵化基地的装修工作。','正在施工收尾阶段，预计2018年9月正式投入使用。','380','2018-03','2018-11'),(644,43,'2018-08-27 01:07:06','abc','前期准备','张小梅','8666692','正在进行场地土石方开挖，将挂招牌及后续手续办理中','剩余拆迁及安置工作进行中','5500','2017-12','2019-8'),(645,89,'2018-08-27 01:35:28','abc','开工','张筱雨','18371937168','马赛路进行老陈家便民生活、沁春园、忻州樵舍、梁国庆家、五茅路、马赛路的玻璃房安装、彩钢瓦制作安装、外墙喷真石漆、整改维修等房屋改造；进行道路沿线及绿化节点绿化、苗木浇水、拔草、施肥、支撑常规养护；节点一园建进行公厕钢构焊接；沿线自行车道陶瓷颗粒摊铺、悬挑、软基础段防腐木安装、软基础钢构制作安装建设；路口砌筑毛石挡墙。','需协调老百姓菜地、房屋前场地等自行车道问题','355','2017-06','2018-10'),(646,13,'2018-08-27 02:48:27','abc','开工','王冬浜','13593740465','1#车间正在进行设备安装调试，2#车间装修完毕已交付投入生产，室外道路硬化、大门及辅助设施工程已基本完成。','存在问题：1.资金问题。项目规模大，需要大量资金，前期已贷款3800万元，设备、模具等投入上千万，企业厂房搬迁影响了正常生产，今年以来原材料涨幅大，挤压了利润空间。\r\n2.员工上下班通勤不便，目前胡家工业园没有公交经过，企业只好定制公交用于员工通勤，成本高且不方便。\r\n3.消防未验收，目前已申报了消防验收，待验收通过即可生产运营。\r\n下一步计划：1.积极协助企业申报产业扶植资金，帮助企业缓解资金压力。\r\n2.联合区发改局、公交公司考察园区企业布局，合理安排公交线路，解决企业员工上下班不方便的问题。\r\n3.指导企业项目建设，在安全、环保、消防多方位监督，使项目保质保量完成。','30','2017-10','2018-09'),(647,26,'2018-08-27 06:25:28','abc','前期准备','王蓓','8787279','经过走访双鸥公司，现锦恒公司与双鸥公司就项目推进、产品研发、项目投资等问题正在协商过程中，现项目处于停滞状态。将该项目情况已经上报至开发区经济发展办，经济发展办已经将项目进展情况上报至区项目办。','1、锦恒公司对项目推进积极性不高,缺乏资金，本月气囊及汽车饰件市场不景气。2、已经将该项目情况已经上报至开发区经济发展办，经济发展办已经将项目进展情况上报至区项目办。3、项目进展情况已经向区包联领导、区服务代办单位做了汇报。','0','2018-03','2020-12'),(648,14,'2018-08-27 07:39:42','abc','前期准备','许艳丽','13593709336','变电房、挡土墙已建好，场地已平好，待手续审批后建厂房。','规划、审批手续未到位，导致厂房建设滞后。','300','2018-04','2018-12'),(649,63,'2018-08-27 09:18:40','abc','前期准备','金超','15387251677','茅箭堂5户房屋，5户附属物已兑付，茅箭堂16户林木已兑付，胡家1户林木已兑付。胡家12户林木，茅箭堂4户菜地和刘湾6户菜地正在办理兑付手续。 \r\n\r\n','航空路起点至K0+540段茅箭堂村林地青苗补偿、坟墓迁移未到位，影响详勘进场及山体开挖。\r\n天仕达厂房及办公楼影响桥梁桩基施工。马家河东侧10kv电力线及电杆影响桥梁桩基设备进出场及作业施工。\r\n东风雪铁龙4S店和东风标致4S店临时板房、吉利汽车4S店围墙影响高架桥桩基施工及支架搭设。','0','2017-2','2019-8'),(650,65,'2018-08-27 09:20:48','abc','开工','金超','15387251677','1户电力设施附属物已兑付；共涉及51户村民林林补偿，本月对12户村民林木补偿款进行兑付，新增10户林木待棚改办审计，还有29户林木协议未签。','张家沟青苗补偿未到位，影响详勘进场，进而影响施工图出具。','0','2018-03','2021-03'),(651,66,'2018-08-27 09:21:44','abc','前期准备','金超','15387251677','1、涉及50户林木补偿资金已全部兑付完毕。\r\n2、新增1户附属物，协议已签目前正在办理相关手续。\r\n','么子沟青苗补偿未到位，影响详勘进场，进而影响施工图出具。','0','2017-02','2019-8'),(652,9,'2018-08-27 09:22:14','abc','开工','王冬浜','13593740465','受新能源汽车补贴政策下调影响，新能源汽车增速放缓，8月共计生产样车2款。','9月份谈判批量生产计划订单。','10','2017-02','2018-12'),(653,60,'2018-08-27 09:22:48','abc','开工','金超','15387251677','1、本月资金兑付10小户。2、未登记房屋认定19小户。3、签订房屋征收补偿协议10小户。4、倒房4栋，共计1251.58㎡。5、徐家沟便道坟墓迁移15座，资金已经兑付。\r\n','因涉及汽车公司停车厂土地置换事宜，现正在洽谈过程中。','0','2018-03','2021-03'),(654,19,'2018-08-27 09:54:43','abc','开工','王启荣','13636256976','正在规划生产线，资金到位后立即建设。','存在的困难和问题：缺口资金约2000万元，需政府方进一步协调资金运转，实施生产线达效。','20','2018-01','2019-01'),(655,69,'2018-08-27 09:55:23','abc','前期准备','梅光锐','15971886705','安置区建设方案已上报区常委会讨论，正积极向市、区两级政府申请资金投入。区城投公司和市城投公司正在核算许白路拆迁费用，针对许白路拆迁安置区政府也在积极向市政府争取资金投入。','存在的困难：安置区建设方案尚未最终确定，建设资金无着落。\r\n下一步安排：将加大该项目汇报力度，争取尽早确定可行方案，争取对许白路环境整治项目拆迁群众早日安置。','0','',''),(656,6,'2018-08-27 09:57:01','abc','开工','万刚','13872811827','细化三条生产线的详细设计方案，供应商正在生产制造中；载体封装线安装调试完成，可以生产载体组件，具有完全国六样件生产能力；国六样件区扩建项目完成，六月生产超过40套样件；启动现有厂房基础建设项目。','主要问题：厂房调整计划，各生产线定制根据需要延后。\r\n下一步计划：\r\n1.继续厂房内基础设施实施（供气管道、水电、地面平整等）；\r\n2.供应商生产线制造，监控生产进度；\r\n3.启动DDI和LD 小马力产品项目建设；\r\n4.新产品试制，新产品工装投入评估。','1500','2018-01','2020-12'),(657,12,'2018-08-27 09:59:59','abc','前期准备','李勇','13035257202','工程进度：东风实业、普尔精密及附属用房场平工作已完成。共挖方355925m3，填方203426m3。东实大洋（80亩）及普尔精密强夯工作已完成。边坡土方卸载全部完成，共计29936.12m3，孔桩已完成40根，三标段震科公司招投标工作已完成，中标单位已入场开展临时生活区搭建工作。\r\n手续办理情况：配套辅助用房侧用地：7月25日土地已摘牌，下一步缴纳士地出让金尾款及缴纳税费、签订土地出让合同。大洋电机用地：7月25日土地已摘牌，已缴纳土地出让金尾款，下一步缴纳税费、签订士地出让合同。普尔精密用地：等待市国土局地价会审会，确定地价。震科用地：等待上市国土局地价会审会，确定地价。','存在的问题：1.规划手续尚未办理到位的有：规划选址意见书、建设用地规划许可证、建设工程规划许可证。因规划手续不到位，规划局尚不能到现场验线，导致工程进度不能保证正常进行。2.因受土地、规划手续的制约，建筑施工许可证不能办理；建管处不介入工程质量和安全监管；施工图及消防方案不能正常审核。\r\n下一步工作安排：1.主动与市住建委对接，请求建管处现行介入质量及安全的监管。2.加快推进土地和规划手续办理。3.采取综合措施，加强现场监管，现场施工照常进行，保证工程进度和质量。','1200','2018-06',''),(658,23,'2018-08-28 01:26:08','abc','开工','彭祖锐','13197279696','展示大厅檩条已上完；隔层明天21号可以完成，21号开始压瓦。正在办理施工许可证，场地勘探正在进行中。\r\n','存在的困难：主要是来自资金的压力：A零收费政策取消 B工程项目投入大。\r\n','1000','2018-01','2018-12'),(659,11,'2018-08-28 01:31:06','abc','开工','彭祖锐','13197279696','1、规划方案已报规划局 ，初审已过，调整后的方案上报。 2、场地正面挡土墙已建设完成  3、场地侧面已完成部分挡土墙  4、地质勘查工作已完成、5、场地地基处理（强夯）完成，设备基础施工开始。6、项目土地已拍买成功，土地出让合同已签订，正办理不动产权证。','1.场地地基处理，设备基础处理完成。\r\n2.确定项目规划设计方案，签订土地出让合同。\r\n3.完成地界挡墙砌筑工程。\r\n4.完成地基处理（强夯）工程。\r\n5.供水报装，设施完成。\r\n6.项目工程，设施开始建设。\r\n','150','2018-01','2019-12'),(660,34,'2018-08-28 02:01:47','abc','前期准备','李勇','13035257202','2018年2月茅箭区政府与深圳贝特瑞新能源材料股份有限公司签订合作备忘录。2013年3月中国宝安集团负责人到十堰与十堰市政府就贝特瑞磷酸铁锂正极材料项目选址建设进行对接。目前深圳贝特瑞公司投资尚未确定，尚未签订正式投资协议。','存在的问题：没有签订正式投资协议。\r\n下一步计划：跟踪服务项目。','0','',''),(661,53,'2018-08-28 02:02:06','abc','前期准备','曹飞','13177477198','该项目还在筹备之中。','下一步安排：加大招商引资力度，使项目尽快落地。','0','',''),(662,4,'2018-08-28 02:03:55','abc','开工','杨东升','13907283535','新型轻卡项目基本建成投产，目前每天生产约5台车，正在积极做市场开发及新车型的公告，进行小批量生产。','存在的困难：缺乏资金。\r\n下一步计划：积极融资，争取政府资金扶持，扩大生产规模。','1500','2017-08','2020-12'),(663,24,'2018-08-28 03:51:17','abc','开工','龚政','18507280733','1.综合楼已完工3层\r\n2.办公楼维护结构已完成\r\n车间基础已完工，正在进行钢结构加工','存在的问题：\r\n1.有关政府职能部门负责的手续问题要快速推进。\r\n2.快速通道影响我们施工\r\n3.前期损坏的设施赔偿问题\r\n下一步计划：\r\n按建设进度及施工总工期具体实施推进。','500','2017-09','2018-10'),(664,59,'2018-08-28 03:53:35','abc','开工','景永生','13329840778','1、土地证手续报省国土资源厅   2、泗河大桥铁塔已拆除； 3、全线强电迁改协议已签；4、55米至边坡线采伐证办理完成。6、土石方开挖累计完成768.7万方，完成占比44.5%；7、路基填筑累计完成74.3万方，完成占比10.7%；8、桥梁桩基累计完成46根，其中泗河大桥累计完成40根桩基，枧槽沟大桥累计完成6根桩基，共计完成占比10%。\r\n\r\n','下一步将继续对沿线土地收储红线内林木、土地、水利、坟墓等各项补偿的兑现工作。','3118','2017-05','2019-12'),(665,16,'2018-08-28 07:39:58','abc','前期准备','王晓静','13872803126','正在编制项目可研报告，八月无进展','存在的困难问题：\r\n无\r\n下一步安排：在完成项目可研报告后进行征地\r\n（八月无进展）','0','','2019-8'),(666,51,'2018-08-28 07:40:16','abc','前期准备','黄霞','18671662288','新媒体创意文化产业园项目与北京民族文化产业园有限公司签订了战略合作协议，目前依然未找到合适的位置将印刷厂搬迁过去，还在选址中（八月无进展）','存在问题：\r\n需要区级部门和市级部门帮助协调解决好印刷厂选址问题，目前还未找到合适的选址位置将印刷厂迁移过去\r\n工作安排：\r\n继续选址，寻找合适的位置尽快将印刷厂搬迁过去。\r\n（八月无进展）','0','2017-2','2019-8'),(667,70,'2018-08-28 07:40:50','abc','前期准备','张文兰','18772888589','规划局项目实施论证报告阶段。\r\n','存在问题：\r\n无\r\n下一步安排：\r\n尽快完善前期手续，拟定于10月底开工。\r\n','0','2017-2','2019-8'),(668,47,'2018-08-28 07:41:44','abc','开工','胡光娥','18372668329','一期商业部分封顶，住宅1、2号楼基础施工，3号楼到-1层，4号楼至正负零，5号楼至2层。','存在困难：\r\n1000平米火车站北广场置换地于8月9日已通过地价会审。到目前为止，未向市政府进行供地报批，挂牌进展缓慢，对工程影响较大。\r\n下一步工作安排：一期商业开盘，进一步与市国土局沟通供地事宜。','2000','2018-03','2019-8'),(669,94,'2018-08-28 07:52:20','abc','开工','郑珊珊','8795902','截止8月底，已完成挂网20万平米，开挖种植沟1.2万米，客土12000方。栽植毛娟47万株，爬山虎2.4万株。现在已完成山体底部、马道砌毛石挡土墙。','存在的困难和问题：\r\n1夏季气温较高，影响苗木栽植成活率，暂停苗木栽植。\r\n下一步工作安排：\r\n1、督促施工方抢抓时间，完成砌毛石挡土墙，做好安全施工。\r\n2、待气温降低，督促施工方抓紧苗木栽植。\r\n','50','2017-12','2018-12'),(670,93,'2018-08-28 08:09:03','abc','开工','赵利','13617195125','已下发茅箭区“厕所革命”实施方案,区住建局已完成三格式化粪池和蹲坑的采购，前期工作已到位，正在全力建设中。旅游局对旅游公厕已在加紧建设中、执法局对城市公厕完成了摸底、交通局对交通公厕正在选址。','加强政策宣传，加大宣传报道力度，加强对农户厕所建改的技术指导和督办。','470','2018-03','2019-12'),(671,28,'2018-08-28 08:32:07','abc','前期准备','赵树山','18371978585','1、强夯区动力触探实验及荷静载实验正在检测；\r\n2、正组织对5、6、7、8号车间基础正在开挖；\r\n3、8月15日土地手续已挂牌。','下一步工作：1、完善手续的办理；\r\n                       2、督促加快施工进度。','2000','2018-04','2019-02'),(672,96,'2018-08-29 00:36:30','abc','前期准备','刘君毅','0719-8795906',' 方案待批复  。',' 按上级政策，投资主体由发改部门改为财政部门，因此暂未批复。后期我局将积极请求市级尽快批复。待方案批复后，立即开展招投标等前期工作  。','0','',''),(673,58,'2018-08-29 00:47:09','abc','开工','翁秋萍','13617197710','一、工程：①安置区一期：正在与开发商沟通房源事宜； ②安置区二期：正在进行A地块施工12幢商住（32层）主体结构施工（其中1号楼完成主体结构封顶，2号楼完成20层主体结构，3号楼完成1单元14层主体结构，6号楼完成31层主体结构，7号楼完成29层主体结构，8号楼完成12层主体结构,9#楼条基浇筑完成，13#楼电梯基础绑扎钢筋、浇筑混凝土完成，15#楼条基开挖垫层浇筑完成），3幢独立商业楼装修完成50%。本月完成年度总投资计划的2%。 二、手续办理已完成规划选址、规划用地手续及土地批次手续的办理。','一、困难：一期安置房源交付，二期土地规划手续办理。\r\n二、下一步工作安排：一期积极协调早日拿到一期安置房源。二期有效推进安置区建设进度，办理土地招拍挂手续及建筑工程许可证。','2990','2014-06','2023-12'),(674,90,'2018-08-29 00:55:11','abc','前期准备','刘君毅','0719-8795906','完成工程量的65%。','加快推进， 确保如期完成。','504','2018-06','2018-10'),(675,64,'2018-08-29 00:57:36','abc','开工','翁秋萍','13617197710','一、工程：七里沟立交桥正在进行航空路及匝道路基稳定层铺设工程。二期绿化工程正在进行道路绿化配土、整形工作。二期路灯工程正在进行路灯路灯安装工程。二期道路正在进行沥青路面铺设工程。本月已完成2018年度计划的9.6%。 二、拆迁：货币安置资金兑付手续已申报，正在审批中。三、手续办理：规划用地、林业、批次用地手续已办理。','下一步工作计划：积极推进工程建设，协调相关部门加快资金兑付审批进度。','1104','2012-04','2018-12'),(676,88,'2018-08-29 00:57:58','abc','前期准备','刘君毅','0719-8795906','项目实施方案已编制完成，并进行了省级审查，正在按审查意见修改完善。','修改完成后，尽快开工建设 。','40','',''),(677,3,'2018-08-29 02:48:23','abc','前期准备','董静','13636150142','项目全部设计方案已经确定，报规划土地审批。正在办理环评批复手续。土地协议已签。正在实施强夯。','场地平整完成之后启动主体建设。','1200','2018-06',''),(678,30,'2018-08-29 02:49:40','abc','前期准备','瞿海英','13636186221','1、8月15日土地已挂牌；\r\n2、正在进行前期场平工作，修建护坡和临时办公室','加快施工进度','260','2018-08',''),(679,15,'2018-08-29 03:54:02','abc','开工','查方鸽','13687200586','本月进度：已完成封闭式料仓建设，生产设备全部购置安装到位。正在做绿化、室内装修。\r\n手续办理情况：所有手续已办完。','存在问题：快速通道的建设影响了此项目用地。\r\n下一步安排：加速做好绿化等配套设施。','10','2017-08','2018-12'),(680,5,'2018-08-29 03:54:47','abc','开工','易琴','13477970630','车间的4楼现场改造完成并按新的布局搬迁到位开始量产，中央空调系统改造完成，引进合作方先进的生产管理系统，实验室改造计划已启动实施，其它生产设备升级改造稳步推进。','存在的困难：现有厂房无法满足公司扩能需要，已报请市规划局设计规划车间1900平米。','360','2017-09',''),(681,21,'2018-08-29 03:55:12','abc','前期准备','刘鹏','13508682289','正在筹备资金用于购买生产设备。','一、主要问题：\r\n邮储银行断贷、减贷500万，企业资金严重短缺。\r\n  二、 下一步计划：\r\n待资金到位后完成新产品模具和生产准备工作。。','180','',''),(682,18,'2018-08-30 00:44:39','abc','开工',' 王英','13997801378','框架结构厂房和钢结构厂房及周围配套工程已建好，设备地基正在建设中，快要完工，部分设备已到厂。','待设备地基完工后设备会陆续进厂，存在的问题是设备的调试和安装时间较长。','350','2018-02',''),(683,17,'2018-08-30 03:15:01','abc','前期准备','王声','13477305048','华昌达项目手续已办理完毕，具备开工条件。','国家光伏发电项目补贴政策调整，且指标减少，导致项目建设进度滞后。且冠达项目因其公司董事会未予通过，不能实施。华昌达项目也受到了影响。','0','2018-06',''),(684,75,'2018-08-30 03:16:13','abc','开工','张鹏','17771931858','管道安装、高级沉淀池浇筑，生物池也在完成当中 。','下一步工作：生物池建造及土建工程。','200','2018-03','2018-12'),(685,82,'2018-08-30 03:16:34','abc','前期准备','张鹏','17771931858','目前已经完成EPC招标。','确定项目建设地址，尽快开始施工。','15','',''),(686,84,'2018-08-30 07:11:19','abc','开工','王玉超','17320591245','正在积极协调廖家村的农户征地工作，积极化解岩坪路路段施工过程中的矛盾纠纷。','加快廖家村的土地征用赔偿工作，与农户做好思想工作，做好征地相关协议及手续办理工作。','0','2018-03','2018-12'),(687,87,'2018-08-30 07:14:28','abc','开工','王玉超','13635729949','场地平整工作已经完成，正在搭建大棚及厂房。','加快施工进度，监督安全生产，确保按时高质量完工。','10','2018-03','2018-10'),(688,92,'2018-08-30 07:14:57','abc','开工','王玉超','13635729949','因该项目投资方已放弃投资，建议从项目库中调出该项目。','因该项目投资方已放弃投资，建议从项目库中调出该项目。','0','2018-04','2018-12'),(689,95,'2018-08-30 07:17:02','abc','开工','王玉超','17320591245','正在进行公开招投标。','积极发布公告，完善相关招投标手续。','0','2018-03','2018-08'),(690,79,'2018-08-30 10:01:47','abc','开工','张哲','13872777300','资金已兑付完毕，设备已进场，进入清表、山体开挖阶段，已建好施工用房。','存在的问题：十堰市2017年度第38批次城市建设用地项目C块申请用地将十堰市科学技术协会权属4800平方米〖十堰市国用（2006）第待002065号〗规划为十堰市东方伊顿学校项目建设用地。经茅箭区政府与市科协沟通协商，要求茅箭区政府在天津路沿线给予10亩地的面积予以置换。\r\n下一步安排：加快施工进度。','1350','2018-02',''),(691,71,'2018-08-30 10:02:26','abc','开工','秦道忠','13872848382','1.施工单位招投标已完毕，正在洽谈施工协议；2.场地平整完成；3.前期建设手续正在办理中。4.正在进行地基开挖。','存在的问题：前期招投标手续用时较长。\r\n下一步安排：施工协议签署之后可进场施工。','260','2018-03',''),(692,83,'2018-08-30 10:02:51','abc','前期准备','李道明','15586989999','鸳鸯学校： 目前已通过了规划及建筑设计方案核定和施工图纸审查，施工单位招标已于7月17日完成，现在是中标单位公示期。\r\n天津路第二小学：完成土地预审，规划和建筑方案设计、报批。目前在国土资源局报批。','鸳鸯学校：下一步将办理施工合同备案、开工许可手续，组织协调施工单位进场事宜。\r\n天津路第二小学：下一步计划：征地手续，施工图设计，地质勘查，图纸审查，编制预算。        ','50','',''),(693,10,'2018-08-30 10:03:20','abc','开工','王启荣','13636256976','一期项目建设已完成，设备已安装调试，正在做二期的玻璃水和防冻液罐装生产线安装及调试.双层油罐的4#车间3600多平米，5#车间1000多平米车间的钢构架已经建好；现暂无手续办理。','下一步安排：订单已到位，公司准备营业。','680','2017-07',''),(694,7,'2018-08-30 10:04:08','abc','开工','盛平','13986882557','一、新承接的产品线：1、东风电气有限公司新能源电机端盖、壳体，年产4万套；\r\n2、与东风粉末冶金有限公司合作开发新产品项目落地实施。\r\n二、到货的沈阳i5机床67台套安装调试完成，待运行。2#车间动力电线路、空压机气管路铺设完成，等待动力电入户。沈机i5-63e卧式加工中心到货安装完成，玉柴飞轮壳完成全序加工，飞轮壳产能增加。','一、随着订单增加，机器开动率提高，流动资金不足，建议由区财政调度资金或以其他方式予以支持。\r\n二、通勤班车、公交不到位，员工上下班出行非常不便，导致人员流动性增加。\r\n三、办公场地、员工住宿空间日显紧张，请园区加快办公楼及住宿场所的建设；另：请在园区内修建一停车场，以解决车辆乱停放问题。\r\n四、变压器容量不足，变压器连接2#车间空开只有250A，远低于设备启动负载，请相关部门予以解决为盼。\r\n五、2#车间动力电至今未接入车间，设备缺少动力电无法投入使用，\r\n请相关职能部门尽快予以解决。\r\n六、铁屑无处存放，急需解决存放场地，建议政府帮助在厂房与厂区围栏中间地带搭建一简易棚架用于存放铁屑。','1600','2017-2',''),(695,8,'2018-08-31 02:02:04','abc','开工','赵茜','18007281135','已入驻2家企业，其中\r\n（一）十堰市洪永工业设计有限公司安全带紧固件生产项目情况：已在三环专汽老厂区租赁厂房，厂区装修已完成，部分设备已到位，五月份投入生产。截至目前，共投入资金416.5万元（包含设备购置、安装、检测等费用），实现营业收入426.9万元。\r\n（二）湖北光辉节能科技有限公司（惠众科技企业孵化器有限公司）。公司现储备新的项目3个，分别是：\r\n1、智能低温烘培房：已经有订单3000万元，项目主要用于工业模具热处理成型，农特产品烘焙等；\r\n2、长平装备科技公司，从事工业热处理装备生产；\r\n3、武汉益恒晟华环保科技有限公司。   ','存在困难:\r\n1.洪永工业设计有限公司：由于外贸业务受国际环境影响，之前客户订单下月已暂停执行；国内客户回款严重拖欠，考虑到资金周转困难，产品供货风险大，部分客户已计划暂停供货。\r\n2.光辉节能科技有限公司：政府提供的厂房，位于重庆路三环桥头老厂区二楼5000平米车间，由于结构限制，无法承载入驻大型设备的安装，导致企业未能入驻。\r\n下一步工作建议和安排：会同招商、经信、科技部门积极与企业对接，做好各项服务。','416','2018-04',''),(696,86,'2018-08-31 02:02:49','abc','开工','赵茜','18007281135','项目进展：园区内土地治理、除草，植被养护，治理花卉土地100余亩，种植百日草及向日葵；逐步完善园区内基础设施细化工程；生态停车楼设计进入尾声。\r\n手续办理：已完成林地不动产登记工作基础性资料，待审核；规划已上业务会，会议议定除国土、环保、水利、林业等部门出具正式文件外，还要水利部门对百二河引水工程、马家河水源地利用进行论证后，再研究秦巴生态植物园的规划。','存在困难：\r\n1、受天气影响，园区内园林维护任务重，影响整体园区开展进度；\r\n2、在预定2019年春季花种，园区资金压力大，需尽快签订招商引资协议，争取支持补助；\r\n下一步工作建议和安排：\r\n1、根据规划专题会要求，争取各部门支持，准备下一步工作；\r\n2、加快生态地下停车库的规划设计；\r\n3、与区城投确立融资事宜；\r\n4、准备秋季栽植与绿化事宜，确定2019年花卉规划设计。','200','2017-2',''),(697,91,'2018-08-31 02:04:42','abc','开工','赵茜','18007281135','项目建设：河道清淤1000余米，新建浆砌石挡墙40米，新建拦河堰1座，铺设种植土、土工格纱200米。\r\n沿线整治：12户房屋设计结束；房屋穿衣戴帽工程正在进行；临时建筑700㎡已拆除。','存在困难：\r\n1.部分群众仍有抵触情绪；\r\n2.屠宰场正在协商中，采石场碎石加工已完成，下一步协商机械拆装费。\r\n 下一步工作建议和安排：\r\n1.继续做好相关协调工作。','90','2017-2',''),(698,99,'2018-08-31 02:05:51','abc','前期准备','赵茜','18007281135','对原施工单位工程量开展审计进入收尾。\r\n','存在困难：\r\n1.紫薇岛旅游开发公司心理价位过高，手续不完善，招商难。\r\n下一步工作建议和安排：\r\n1..鼓励施工单位走法律程序。','0','',''),(699,29,'2018-08-31 03:16:43','abc','开工','赵茜','18007281135','生产经营逐步走上正轨。对前期投资重新审核，对设备等投资共计约7600万元。','存在困难：\r\n受场地限制项目的发展，恳请政府尽快落实驼鞍沟新建厂房用地；\r\n下一步工作建议和安排：继续加强协调服务，并确保各项指标应统尽统。','7440','2018-04',''),(700,44,'2018-08-31 10:03:16','abc','前期准备','王建设','13687215678','二期施工许可证已办理完成','无困难和问题','0','2017-2','2019-8'),(701,61,'2018-08-31 10:04:18','abc','开工','刘从军','15807289995','主要完成一期的精装修，一期的管道及设备安装，二期的土建施工','无困难问题，下一步加快协调各方单位，保证现场施工进度，确保按照节点完成施工内容。','2500','2015-07','2019-8');
/*!40000 ALTER TABLE `progress` ENABLE KEYS */;
UNLOCK TABLES;

--
-- Table structure for table `projects`
--

DROP TABLE IF EXISTS `projects`;
/*!40101 SET @saved_cs_client     = @@character_set_client */;
/*!40101 SET character_set_client = utf8 */;
CREATE TABLE `projects` (
  `pid` int(11) NOT NULL AUTO_INCREMENT,
  `pname` varchar(50) NOT NULL,
  `property` varchar(50) NOT NULL,
  `intro` varchar(500) NOT NULL,
  `investment` varchar(50) NOT NULL,
  `invest_plan` varchar(50) NOT NULL COMMENT 'this year',
  `invest_accum` int(11) NOT NULL DEFAULT '0',
  `start` varchar(50) NOT NULL,
  `finish` varchar(50) NOT NULL,
  `investby` varchar(50) NOT NULL,
  `p_incharge` varchar(50) NOT NULL COMMENT 'people in charge',
  `oid` int(11) DEFAULT NULL,
  `oid_serve` int(11) DEFAULT NULL,
  `level` varchar(50) DEFAULT NULL,
  `alert` int(11) DEFAULT NULL,
  `type` varchar(20) DEFAULT NULL,
  `phase` varchar(20) DEFAULT NULL,
  `notes` varchar(50) DEFAULT NULL,
  PRIMARY KEY (`pid`)
) ENGINE=InnoDB AUTO_INCREMENT=101 DEFAULT CHARSET=utf8;
/*!40101 SET character_set_client = @saved_cs_client */;

--
-- Dumping data for table `projects`
--

LOCK TABLES `projects` WRITE;
/*!40000 ALTER TABLE `projects` DISABLE KEYS */;
INSERT INTO `projects` VALUES (1,'东风总装厂、车架厂搬迁及车轮定位检测阵地建设','新建','位于东风大道，东风公司将车架厂、总装厂老厂区零部件仓储阵地搬迁至西坪园区，在西坪联合工厂园区建设新的车架辊型线、车架涂装线、车架装配线、整车装配线、零部件存储及相关辅助设施，将联合工厂建设成为一个16万辆以上规模的包括车架、总装、零部件仓储在内的完整的生产单元，承担东风商用车重卡的全部生产业务。车轮定位检测阵地建设，增强总装厂车轮定位技术水平和能力，提升车辆驾驶的舒适性和安全性。','170000','80000',31100,'2018','2019','企业投资','周庆荣             明怀宇',1,25,'一类',0,'工业','前期准备',NULL),(2,'东风实业产业园','新建','位于胡家片区，以区政府“重资产”方式代建标准化厂房，支持东风实业公司对茅箭辖区所属东风康明斯、东森、东风非金属等企业进行规划整合，打造东风实业产业园。同时，东风实业公司与大洋电机公司合作开发生产新能源汽车电控系统和驱动电机，后期启动氢燃料电池和氢燃料发动机系统研发和生产。','110000','27000',14600,'2018','2020','企业投资','张捍声\n明怀宇',1,25,'一类',0,'工业','开工',NULL),(3,'驰田金钢10万辆专用车','新建','位于驼鞍沟片区，征地1000亩，十堰市驰田汽车有限公司投资建设年产6万辆“中国高轻自卸车生产基地”和年产4万辆挂车生产基地。新建20万平方米厂房（一期建设10万平方米），2万平方米高轻自卸研发中心、院士工作站、生活及办公用房，购置国内先进的大型数控冲压、辊压、剪、折设备及机器人焊接工作站，大力提升专用车生产工艺和技术水平。','200000','50000',9900,'2018','2020','企业投资','吕自宏',1,25,'一类',0,'工业','前期准备',NULL),(4,'中正新型轻卡','续建','位于普林工业园二期，湖北中正汽车有限公司投资改建厂房，安装轻卡整车自动装配线2条、样品车装配线1条、整车检测线1条，形成年产1万辆轻型载货汽车生产能力。','50000','30000',23500,'2017','2020','企业投资','明怀宇',1,10,'一类',0,'工业','开工',NULL),(5,'正奥PKC汽车线束生产线建设','新建','位于东风大道，湖北正奥汽车附件集团有限公司与芬兰PKC公司共同成立合资公司“湖北正奥比克希汽车电气系统有限公司”，整合正奥公司现有商用车线束业务，扩大线束等汽车零部件的设计、开发、制造与销售（包括出口）等业务。','40000','20000',16547,'2018','2019','企业投资','王书林',1,26,'一类',0,'工业','开工',NULL),(6,'东风康明斯国六排放处理系统生产线','新建','位于东益大道1号，租赁5400平方米的厂房建设国六排放处理系统生产线、仓储物流基地、质量检测基地和各类辅房，一期项目建成后实现年产能9万套，二期实现年产能18万套。','30000','20000',13700,'2018','2020','企业投资','黄朝军',1,12,'一类',0,'工业','开工',NULL),(7,'沈阳机床i5智能智造生态谷','新建','位于胡家工业园，由茅箭区政府提供1.2万平方米的厂房、研发中心及办公场所，上海优尼斯工业设备销售有限公司（沈阳机床股份有限公司全资子公司）提供i5智能装备500台（套），十堰圣伟屹智能制造有限公司负责租赁和运营，三方联合打造i5智能智造生态谷项目。项目一期投入i5智能装备500台（套），打造高端智能制造示范应用基地。','40000','30000',14400,'2018','2019','企业投资','明怀宇',1,24,'一类',0,'工业','开工',NULL),(8,'科技创业园孵化器','新建','位于东风工业园，按照湖北省科技厅3A企业孵化器标准，以政府重资产方式代建厂房，打造茅箭区新兴产业孵化产业园，产业主要以智能制造、智能物联、节能环保产业为主。','30000','15000',416,'2018','2019','区政府投资 企业投资','王雁波',34,24,'一类',0,'工业','开工',NULL),(9,'骐嘉新能源汽车底盘','续建','位于和谐园区，由宁波梅山保税港区武当源投资有限公司、湖北骐嘉汽车科技有限公司共同投资建设，依托湖北骐嘉汽车科技有限公司独立自主开发的空气弹簧独立悬架技术及电机集中驱动技术，建设两条新能源纯电动汽车空气悬架底盘生产线，达到年产3万台纯电动车底盘制造能力。','30000','15000',5690,'2017','2019','企业投资','明怀宇',1,14,'一类',0,'工业','开工',NULL),(10,'天海石油汽车尾气处理液','续建','位于胡家工业园，占地100亩，天海石油新能源环保科技有限公司投资建设，项目分两期实施：一期生产汽车尾气处理液，二期新建厂房1万平方米。主要生产润滑油、玻璃水、防冻液、燃油宝、加油机、加气机、尿素加注机等相关产品。','20000','8000',6280,'2017','2019','企业投资','张文法',1,5,'一类',0,'工业','开工',NULL),(11,'湖北捷城装配式建筑工业化生产','新建','位于何家沟工业园，占地100亩，湖北捷城建筑科技有限公司投资建设，项目分两期实施，总建筑面积2.5万平方米。建设PC构件三跨钢结构车间、一条综合环形生产线、固定模具及异型构件生产车间、钢筋加工车间、混凝土搅拌站、科研办公楼及职工宿舍餐厅等。','20000','10000',4050,'2018','2019','企业投资','金  菊',1,29,'一类',0,'工业','开工',NULL),(12,'政府重资产厂房及配套设施建设','新建','在胡家工业园建设标准化厂房用于招商企业入驻，其中规划厂房12栋，总面积10.5万平方米，办公楼及商业楼9800平方米，食堂1500平方米，职工宿舍7000平方米。同时，对重庆路三环1万平方米老厂房进行租赁和改造，以重资产的方式引进项目入驻。','20000','12000',9400,'2018','2019','区政府投资 企业投资','明怀宇\n许  波',1,27,'一类',0,'工业','前期准备',NULL),(13,'坤钰汽车饰件高端制造及技术改造','新建','位于胡家工业园，占地60亩，十堰坤钰渝明汽车零部件有限公司投资建设，生产顶衬、门护板、全车地毯、隔音隔热垫、遮阳板等汽车饰件，建成后可形成年产100万辆全车内饰件生产能力。','12100','9000',9540,'2018','2019','企业投资','董祥吉',1,25,'一类',0,'工业','开工',NULL),(14,'雄振汽车零部件生产基地','新建','位于何家沟工业园，征地50亩，雄振汽车零部件有限公司投资建设，建设汽车机器人、冲焊自动化生产基地。','10000','6000',3700,'2018','2019','企业投资','明怀宇',1,23,'一类',0,'工业','前期准备',NULL),(15,'柳川智能混凝土搅拌站','续建','位于何家沟工业园，占地30亩，湖北柳川混凝土有限公司投资建设新型绿色环保智能化混凝土搅拌扩能项目，新建厂房、办公楼、智能控制生产设备，打造智能化控制的绿色环保花园式工厂。','10000','7000',7210,'2017','2018','企业投资','张俊江',1,6,'一类',0,'工业','开工',NULL),(16,'山鼎环境环保运营控制基地','新建','位于北京路，拟征地30亩，湖北山鼎环境科技股份有限公司投资，总建筑面积7000平方米，建设4000平方米的基于物联网技术的环保设施运营总部基地和3000平方米的环保装备制造车间以及附属设施。','10000','4000',200000,'2018','2020','企业投资','勾书平',2,24,'一类',0,'工业','前期准备',NULL),(17,'中关村储能联盟储能一体化','新建','位于东城开发区，中关村储能联盟在普林工业园、万向通达工业园、十堰华西农产品交易中心和佰昌农产品交易中心利用厂房楼顶建设5兆瓦光伏储能发电站。','10000','5000',0,'2018','2019','企业投资','顾衍波张  强',1,10,'一类',0,'工业','前期准备',NULL),(18,'众柴年产10万件汽车发动机部件','新建','位于普林三期，十堰众柴发动机部件制造有限公司投资建设，采用最新铸造工艺——消失模铸造，生产飞轮壳、油底壳、飞轮板，提升产品品质和产能。','8000','4000',5260,'2018','2019','企业投资','朱圣明',1,25,'一类',0,'工业','开工',NULL),(19,'高启旋装滤清器生产线','新建','位于许白路，由湖北高启工贸有限公司与玉柴公司下属企业广西华源过滤系统股份有限公司共同投资，建设旋装滤清器滤芯生产线及其它空气滤清器壳体生产线，并配套建设相应的滤清器零配件加工生产线，达到年产600万套旋装滤清器能力。','5000','2500',255,'2018','2019','企业投资','张文法',1,25,'一类',0,'工业','开工',NULL),(20,'同创同步器总成技术改造','新建','位于东城开发区西坪村，十堰同创传动技术有限公司投资，引进德国同步器加工自动化设备10余台套，对现有生产线进行技术改造与升级，提升同步器产品生产能力与效率。','5000','5000',3960,'2018','2018','企业投资','吕自宏',1,15,'一类',0,'工业','开工',NULL),(21,'源久5万台（套）商用车车载冰箱','新建','位于普林工业园，湖北源久汽车零部件有限公司投资，租赁厂房8000平方米，独立自主研发、设计商用车车载冰箱，建设车载冰箱生产线，形成年产5万台（套）商用车车载多功能冰箱生产能力。','5000','5000',1130,'2018','2018','企业投资','苏立梅',1,11,'一类',0,'工业','前期准备',NULL),(22,'先驰新能源汽车车架装配生产线柔性化改造','新建','位于普林工业园一期，湖北先驰交通装备有限公司投资，新建车架总成生产线两条，焊接车架生产线一条，超强钢板开平生产线一条；新建数控剪切加工中心，新购大型平面数控冲压设备一台、12米折弯机一台、等离子切割设备二台、钻床十台等，对公司现有车架装配生产线进行改造，提升生产自动化水平。','5000','5000',3200,'2018','2018','企业投资','王书林',1,26,'一类',0,'工业','开工',NULL),(23,'双兴履带式稻麦联合收割机脱粒总成产能扩建','新建','位于东风大道23号，十堰市双兴净化器有限公司投资建设，总建筑面积为1万平方米，建设三栋约3000平方米的冲压车间和焊接车间，并将厂区原有的生产车间改造成总装车间，辅助建设2000平方米的仓库及配电房，购置激光切割、数控车床、数控折弯机、卧式加工中心、机器人焊接设备、液压机、各类模具设备等生产设备及综合动力、消防辅助设备188套。建成后将形成年产3000台85马力履带式稻麦联合收割机脱粒总成的生产能力。','5000','5000',3450,'2018','2018','企业投资','吕自宏',1,25,'一类',0,'工业','开工',NULL),(24,'鄂西北医用气体储备中心','新建','位于何家沟工业园，十堰市汉坤气体有限公司投资建设，项目包含医用气体储备区、分装区以及办公楼和绿化区等配套基础设施。','5000','5000',4500,'2018','2018','企业投资','谢生海',1,14,'一类',0,'工业','开工',NULL),(25,'名创产业科技园','新建','规划建设标准化厂房5万平方米，名创产业科技园主要以生产名创优品直营的手机为主，同时生产目前各名创优品专营店销售的小包、充电器、水杯、鼠标、手机壳、耳机、太阳眼镜、茶壶、香水等。','120000','20000',0,'2018','2021','企业投资','张捍声                   明怀宇',12,27,'三类',2,'工业','前期准备',NULL),(26,'锦恒安全气囊','新建','锦恒汽车安全系统有限公司拟与双鸥汽车饰件有限公司进行合作，进行安全座椅生产项目。','50000','15000',1500,'2018','2020','企业投资','王  斌',1,18,'一类',0,'工业','前期准备',NULL),(27,'高端精密铸造产业园','新建','规划建设产品以汽车铸件为主，通用机械铸件为辅，逐步向汽车、工程机械、家电等众多领域发展。产业链条以铸造为龙头，逐步形成铸件、精加工、铸件装配、工装模具、研发检测、信息平台为一体、功能齐全的铸造行业全产业链，最终建成年产10万吨绿色高端精密铸造基地。','40000','15000',0,'2018','2021','企业投资','明怀宇',12,12,'三类',2,'工业','开工',NULL),(28,'精密新能源汽车动力总成','新建','位于胡家工业园，征地60亩，由湖北绿驰精密电驱动系统有限公司投资建设，以政府重资产方式代建厂房，建设新能源汽车动力总成项目，一期设计产能8万台动力总成系统，年产值15亿元。二期项目新增12万台产能，年产值25亿元。项目建成达产后，将形成40亿元年产值的产能。','50000','15000',7200,'2018','2020','企业投资','明怀宇',1,23,'一类',0,'工业','前期准备',NULL),(29,'KAMA云智能制造中心','新建','位于驼鞍沟片区，征地60亩，由北京洪树冶金机械建设KAMA云智能制造中心项目，主要引进德国进口七轴三维坐标、软件程序及高分子精加工智能等设备，建设智能制造中心，项目投产后，3年内实现销售收入6.5亿元。','32000','15000',7600,'2018','2020','企业投资','王雁波',34,29,'一类',0,'工业','开工',NULL),(30,'震科军用轮胎中央充放气','新建','位于胡家工业园，征地30亩，由十堰震科工业科技有限公司以政府重资产方式代建厂房，建设年产1万套充放气产品，2万套油水分离器、干燥器，3千台维修设备、1千台装甲车改装驾驶室的生产规模。产品覆盖军用轻、中、重型高机动战术车辆及装甲车辆。项目建成后实现销售收入1.5亿元。','20000','10000',580,'2018','2019','区政府投资 企业投资','明怀宇',1,11,'一类',0,'工业','前期准备',NULL),(31,'安通机动车检测中心','新建','十堰交投安通机动车检车有限公司拟征地50亩，建设机动车检测中心和维修中心。','10000','8000',130,'2018','2019','企业投资','顾衍波',1,11,'一类',0,'工业','前期准备',NULL),(32,'汉宫矿渣微粉深加工','新建','十堰市汉宫建材科技有限公司拟在何家沟工业园征地15亩，建设年产矿粉40万吨的矿渣微粉制造厂项目。项目建成后，第一年可生产32万吨矿粉，第二年可生产40万吨矿粉。矿渣微粉是高炉矿渣经烘干、粉磨至适当细度的粉体，是优质的混凝土掺合料和水泥混合材。','6000','4000',1200,'2018','2019','企业投资','谢生海',1,21,'一类',0,'工业','开工',NULL),(33,'多弗国际产业发展项目','新建','多弗控股集团拟在我区投资建设新能源汽车、生态旅游开发以及商业综合体等产业发展项目。多弗控股集团是一家以国内外贸易、融资租赁、商业保理、资产管理、拍卖行和房地产投资等多元化业务为一体的大型集团化企业。','500000','50000',0,'2018','2020','企业投资','明怀宇',12,27,'三类',2,'工业','前期准备','noyellow'),(34,'深圳贝特瑞磷酸铁锂正极材料','新建','深圳贝特瑞新能源材料股份有限公司拟在驼鞍沟片区投资建设磷酸铁锂正极材料项目，项目一期为产量3万吨、产值约30亿元，一期投产后逐步扩能至产量6万吨、产值约60亿元。','100000','20000',0,'2018','2020','企业投资','张捍声\n明怀宇',1,10,'三类',0,'工业','前期准备','noyellow'),(35,'丰田合成车用密封件','新建','正奥集团全资子公司诺克橡塑密封科技有限公司与日本丰田合成公司合作拟征地75亩，进行产品升级改造。','50000','10000',0,'2018','2020','企业投资','明怀宇',12,15,'三类',2,'工业','前期准备','noyellow'),(36,'高领新能源科技轻量化压缩机','新建','浙江高领新能源科技有限公司拟在我区投资建设轻量化压缩机项目。该公司是一家专注于涡旋流体机械研发、制造、销售和服务为一体的企业，公司位于浙江德清科技科创园内。现有产品已用于电动车组，内燃动车组，地铁和轻型轨道车辆。已形成无油涡旋空气压缩机、无油无水涡旋空气压缩机、无油涡旋低压制氮制氧机、高空机载制氧机、一体式无油涡旋车用气泵五大系列产品。','20000','5000',0,'2018','2019','企业投资','苏立梅',12,24,'三类',2,'工业','前期准备','noyellow'),(37,'上海贽匠智能化机器人','新建','上海贽匠智能科技有限公司拟在我区投资建设智能化机器人教育培训项目。该公司专业从事以工业移载机器人、工业4.0、工业码垛机器人、工业机械臂、agv、自动化专用设备、电控网络系统、mes生产管理系统为核心产品的系统解决方案。','10000','2000',0,'2018','2019','企业投资','明怀宇',12,28,'三类',2,'工业','前期准备','noyellow'),(38,'正和高端车身项目','新建','正和车身公司拟争地建设高端车身厂项目。根据开发规划,将在现有产品的基础上,加大技术研发,填补现有产品的空白。','30000','2000',0,'2018','2019','企业投资','明怀宇',12,5,'一类',2,'工业','前期准备','noyellow'),(39,'万向汽车零部件产业园','新建','万向钱潮股份有限公司拟在我区投资建设汽车零部件产业园。该公司立足于汽车零部件制造业专业生产汽车底盘及悬架系统、汽车制动系统、汽车传动系统、轮毂单元、轴承、精密件、工程机械零部件等汽车系统零部件及总成，是目前国内最大的独立汽车系统零部件专业生产基地之一。','30000','10000',0,'2018','2020','企业投资','明怀宇',12,28,'三类',2,'工业','前期准备','noyellow'),(40,'台州顺意汽车零部件生产','新建','台州顺意汽车零部件有限公司拟在我区建设汽车零部件生产项目。','20000','5000',0,'2018','2020','企业投资','明怀宇',12,21,'三类',2,'工业','前期准备','noyellow'),(41,'武汉健民中药饮片','新建','武汉健民药业集团股份有限公司拟入股清大中药饮片公司，进行中药饮片开发和建设清大中医院。武汉健民药业集团股份有限公司是国家重点高新技术企业店之一的叶开泰药店，现拥有十余个子公司，集生产、科研、经贸于一体，年生产能力近十亿元。','10000','4000',0,'2018','2019','企业投资','顾衍波',12,9,'三类',2,'工业','前期准备','noyellow'),(42,'天津铁鹰特种车','新建','铁鹰特种车（天津）有限公司拟在我区投资建设军车武器改装生产基地，以东风猛士为基础，独立设计、制造采购，对东风猛士进行改装、加装武器模块。','10000','4000',0,'2018','2019','企业投资','明怀宇',12,9,'三类',2,'工业','前期准备','noyellow'),(43,'世纪百强城市综合体','新建','位于北京路立交桥东北片区，占地约300亩，湖北世纪百强置业投资公司投资建设，项目包含三栋5A级写字楼及公寓，建设集商业、办公、住宅、餐饮、娱乐、旅游特产等“吃、住、行、游、购、娱”六大功能于一体的城市综合体。','100000','30000',16450,'2018','2020','企业投资','周庆荣             张俊江',39,39,'一类',1,'商贸','前期准备',NULL),(44,'十堰恒大城\n二期','新建','位于上海路北侧，由恒大地产集团武汉有限公司进行投资建设，占地733.4亩，规划总建筑面积约162万方，总投资110亿元。项目建成后，将成为一个商业面积30余万方，包含五星级酒店、购物中心、影城、运动中心等配套设施的商住大型综合体，项目建成可新增就业岗位一千余个，累计上缴税收可达16亿元。该项目拟分为七期开发建设，一期总建筑面积14万平方米，二期总建筑面积18万平方米。','300000','200000',1127,'2018','2019','企业投资','马继光',2,6,'一类',0,'商贸','前期准备',NULL),(45,'名创吾悦广场及商业综合体','新建','①名创吾悦广场拟在火车站北广场征地500亩，总建面积约100万平方米，建设一站式大型体验式购物中心。项目建成运营后可直接产生年税收1.5元亿元,创造5000-8000人就业岗位。②199跨境电商项目拟在五堰人民路与东山路交汇处征地24.53亩,引进以名创优品集团为核心的199跨境电商全球集散中心、名创优品华中区数据结算中心，打造集电商、金融、文化创意、互联网+、融创平台、创业孵化器于一体的十堰总部经济示范区，项目建成后，直接带动外贸出口净增10亿元,华中区数据结算交易20亿元，创造就业岗位近万个,创造税收近亿元；名创PDS时尚百货位于人民路与东山路交汇处（现王子鞋城），拟对该项目升级改造，打造十堰首个引领时尚潮流主题百货；四星级酒店位于五堰香港街8号（原疾控中心），总建筑面积7400平方米，拟引进国际酒店品牌纽宾凯酒店集团打造五堰香港街首个四星级国际酒店。','420000','80000',15000,'2018','2023','企业投资','王  斌\n明怀宇',42,42,'一类',2,'商贸','前期准备',NULL),(46,'佰昌仓储物流产业园','新建','位于东城开发区驼鞍沟片区，湖北佰昌农业发展有限公司投资，为首期佰昌鄂西北优质农产品交易中心配套建设，建设农产品初加工车间、仓储库房、物流设施以及相关配服务设施，包含农产品初加工区、仓储物流区、办公生活区、配套服务区。','100000','28000',16940,'2018','2019','企业投资','顾衍波',1,10,'一类',0,'商贸','开工',NULL),(47,'汇霖·K-MALL时尚广场','新建','位于火车站北广场，由湖北汇霖置业有限公司与上海颐贸投资有限公司共同投资建设。规划用地面积2.59万平方米，总建筑面积13万平方米。其中，商业街建筑总面积3万平方米，4栋住宅楼建筑总面积4.2万平方米，1栋高级公寓楼建筑总面积2.2万平方米。','80000','25000',8000,'2018','2022','企业投资','黄朝军',2,28,'一类',0,'商贸','开工',NULL),(48,'新合作总部及物流基地','新建','十堰市新合作超市有限公司投资建设，总占地260亩，在驼鞍沟片区征地200亩，建设新合作仓储物流交易中心项目；另征地60亩，建设新合作总部大楼和行政中心。','50000','20000',6000,'2018','2020','企业投资','王雁波',1,12,'一类',0,'商贸','前期准备',NULL),(49,'大洋摩登购物中心','续建','位于朝阳路与公园路交汇处，城市第一高楼IFC国际金融中心裙楼，地下三层为停车场，1至7层为购物中心，8至9层为娱乐休闲区，总营业面积约5万多平方方米。十堰大洋摩登购物中心市场定位是引领时尚消费新潮流，打造集购物、休闲、美食、娱乐为一体的情景化购物中心。','50000','5000',4800,'2016','2018','企业投资','张俊江',3,12,'一类',1,'商贸','开工',NULL),(50,'十堰群利物流园','新建','位于东环路东风商用车有限公司交付中心对面，十堰群利物流工业园有限公司投资，占地110亩，建设以办公、商业、车间、仓储为一体的综合性全方位立体式的现代工业园。主要围绕东风商用车有限公司提供相关的配套服务，项目涵盖东风商用车物流管理基地、东风商用车4S旗舰店、东风商用车差异化物流管理基地、东风配件物流仓储配送中心、东风汽车公司（十堰）生产物流基地等五大板块。项目建成后，预计可实现年产值5亿元，创利税2100万元。','20000','20000',10800,'2018','2018','企业投资','李金功',1,5,'一类',0,'商贸','前期准备',NULL),(51,'新媒体文化创意产业园','新建','位于人民中路，对十堰日报社现有办公场所进行改造，打造新媒体文化产业基地。','5000','5000',2400,'2018','2018','企业投资','童  华',2,18,'一类',0,'商贸','前期准备',NULL),(52,'创家孵化产业园','新建','位于天津路，项目占地2000平方米，建设30个独立办公室，容纳30家科技型企业，吸纳50名留学生，带动就业200人。','3000','3000',2380,'2018','2018','企业投资','王雁波',3,23,'一类',1,'商贸','前期准备',NULL),(53,'汽车特色小镇','新建','拟选址胡家村，建设智能制造产业园、新能源电动汽车产业园、汽车主题公园、汽车展会中心、节能环保产业园、国家级康养示范基地等。','50000','15000',0,'2018','2020','企业投资','明怀宇',1,10,'一类',0,'商贸','前期准备','noyellow'),(54,'猪八戒互联网示范','新建','重庆花果山企业管理有限公司拟于茅箭区政府合作在NOVO创业孵化基地打造总体量3万平方米综合示范区，为茅箭区中小企业提供全生命周期服务。重点建设十堰文化产业开发开放试验区、省级科技服务平台、省级国家级创业创新基地、省级工业设计中心、省级国家级广告园、省级国家级青年创业示范园、中小微企业创业投资基金等。','30000','15000',0,'2018','2020','企业投资','王雁波',12,9,'三类',2,'商贸','开工','noyellow'),(55,'京东物流','新建','北京京东世纪贸易有限公司拟投资建设京东物流项目。北京京东世纪贸易有限公司是中国最大的自营式电商企业，京东集团旗下设有京东商城、京东金融、拍拍网、京东智能、O2O及海外事业部。','20000','10000',1000,'2018','2020','企业投资','明怀宇',12,27,'三类',2,'商贸','前期准备','noyellow'),(56,'百二河河道及沿岸\n景观改造工程','新建','起点百二河水库，终点文化宫旁六堰桥，总面积300公顷（4500亩），其中包括旧城改造、河道景观改造、建设十桥十园，打造十堰城市主轴线。','500000','10000',0,'2018','2022','市级PPP项目','周庆荣\n张俊江',6,6,'二类',0,'基建','前期准备',NULL),(57,'火车站商圈\n（南广场商圈）','续建','总面积8000亩，其中包括旧城改造、水土修复、矿山修复、森林公园等内容，打造首个生态国土示范区。','560000','10000',0,'2017','2026','区级PPP项目','张捍声\n顾衍波\n李  斌\n朱圣明',31,31,'一类',2,'基建','开工',NULL),(58,'林荫大道二号线\n安置区一期、二期','续建','位于林荫大道和凤凰路交汇处，总规划用地面积31.75万平方米，总建筑面积139.34万平方米，项目涵盖住宅、商业、教育配套等。','700000','150000',37677,'2017','2023','企业投资','赵洪福\n刘明华',32,32,'一类',1,'基建','开工',NULL),(59,'快速通道（茅箭段）','新建','汉十高铁十堰站至武当山玄岳门快速一级公路项目，起于汉十高铁十堰站，经武当山机场、高铁武当山站，止于武当山玄岳门，连接316国道，全长47.5公里，设计速度80公里每小时，路基宽52米，双向六车道。快速通道茅箭段全部集中在东城开发区范围内，东城段全长13.06公里，其中快速通道长10.9公里，机场连接线长2.16公里。','169000','67600',22968,'2018','2019','市级PPP项目','顾衍波\n朱圣明',36,36,'二类',0,'基建','开工',NULL),(60,'武当路复线工程','新建','起点接三峡路与车城南路交叉口，终点接吉林路，按照城市主干道标准建设，全长9.57公里，双向六车道。','129200','50000',0,'2018','2019','市级PPP项目','张捍声\n李  斌\n张俊江\n朱圣明',33,33,'二类',0,'基建','开工',NULL),(61,'火车站北广场','续建','位于十堰火车站北侧，东至凤凰路，西邻城邦地产，南接火车站南广场，北至林荫大道，总面积约18公顷，建设用地面积约13.87公顷，总建筑面积约15.75万平方米，其中地上总建筑面积3.41万平方米，地下总建筑面积12.34万平方米。','120000','30000',12350,'2015','2018','市级投资','吕自宏',37,37,'二类',0,'基建','开工',NULL),(62,'许白路沿线环境整治','续建','位于许白路，美化亮化绿化许白路沿线，整理土地2000亩。','100000','20000',914,'2016','2019','市级投资','王  斌\n张文法',41,41,'二类',2,'基建','开工',NULL),(63,'航空路','新建','起点接林荫大道与机场路立交桥，终点接机场路东路。全长6.7公里。按照城市规划主干道标准建设，道路红线宽50米，双向六车道。主要构筑物有跨东风大道及马家河高架桥、龙门沟隧道、和谐路跨线桥、许白路跨线桥等。','93800','50000',0,'2018','2019','市级PPP项目','李金功',33,33,'二类',0,'基建','前期准备',NULL),(64,'林荫大道二号线','续建','道路为天津路至东环路段以及凤凰路交口至北京南路段，延长线至驼鞍沟园区段，全长5千米，道路宽26-45米。','90000','2500',8277,'2014','2018','市级投资','赵洪福\n刘明华',32,32,'二类',1,'基建','开工',NULL),(65,'林荫大道一号线','新建','起点为武汉路，终点接天津路，全长3.98公里。按照城市规划次干道标准建设，重庆路至天津路段红线宽度为40米，武汉路至重庆路路段红线宽度为30米，双向四车道。','51400','25000',0,'2018','2019','市级PPP项目','张俊江',33,33,'二类',0,'基建','开工',NULL),(66,'林荫大道三号线','新建','起点接武当路、终点接机场大道，途经张家沟，上跨重庆路、翻山至大洋五洲三期，上跨天津路，翻山至武家沟、七里沟，接机场大道，为东西走向，全长4.41公里。按照城市规划次干道标准建设，道路红线宽35米，双向四车道。','50300','25000',0,'2018','2019','市级PPP项目','马继光\n谢生海',33,33,'二类',0,'基建','前期准备',NULL),(67,'G209十堰城区垭子至大川段改扩建工程','新建','十堰垭子至大川段，路线全长11.755公里，新建隧道1座长77米，新建桥梁18座2093.09米，道路为一级公路，设计时速60公里/小时。','45500','14900',0,'2018','2020','市级投资','顾衍波\n朱圣明',4,4,'二类',0,'基建','前期准备',NULL),(68,'南部山区道路升级改造','新建','涉及五条道路。大黄路道路起点大川镇出口，止于黄家村，全长23公里，按照二级公路标准建设。茅官路道路起于茅塔乡，止于官山镇分道观，道路全长5.5公里，按照二级公路标准建设，其中长隧道一条1000米。岩坪路道路起于茅塔乡坪子村止于岩屋村大分水岭五棵树，道路全长7.85公里，按照二级公路标准建设。锅场路道路全长6公里，按照山区三级公路标准建设。五卡路五条岭至卡子村道路改扩建工程，全长14公里，按照二级公路标准建设。','42300','16500',600,'2018','2020','区级投资','顾衍波\n朱圣明',4,4,'一类',0,'基建','开工',NULL),(69,'许白路安置区建设','新建','位于许白路，规划占地80余亩，建筑面积15万平方米，建设安置房1500余套。','40000','20000',0,'2018','2019','区级投资','王  斌',1,13,'一类',0,'基建','前期准备',NULL),(70,'十堰市康德养老中心','新建','位于二堰街办杨家沟，规划用地面积4.47万平方米，建设规模11.9万平方米，建设养老床位2000张。','36000','15000',200000,'2018','2019','企业投资','张俊江',2,21,'一类',0,'基建','前期准备',NULL),(71,'和谐安置区二期','新建','位于和谐大道，总建筑面积15万平方米。配套建设小区内基础设施。','35000','10000',8790,'2018','2019','企业投资','顾衍波',1,13,'一类',0,'基建','开工',NULL),(72,'汉十高铁（茅箭段）','续建','起于武汉枢纽汉阳站，西北止于十堰北站，全长370.25公里。铁路等级为客运专线，速度目标值为350公里/小时，其中茅箭段3.2公里。','32000','12000',2300,'2015','2018','市级投资','龚  林',35,35,'二类',2,'基建','开工',NULL),(73,'立体过街工程','续建','修建上海路北京路车行立交桥1座，郧阳医学院、邮电街口、八一巷、文化广场等4座人行天桥，湖北工业职业技术学院地下通道。','27900','17000',9100,'2017','2019','市级PPP项目','张俊江',6,6,'二类',0,'基建','开工',NULL),(74,'城区地下综合管廊','续建','涉及辖区3条综合管廊建设，总长度15.1公里，其中林荫大道一号线设置单舱管廊长度4公里，林荫大道三号线设置单舱管廊4.4公里，航空路设置双舱管廊6.7公里。','25230','12000',0,'2017','2020','市级投资','张俊江',6,6,'二类',0,'基建','前期准备',NULL),(75,'泗河污水处理厂扩能\n改造工程','续建','位于许白路，设计扩建规模5万m³/d，采用“预处理+二级生物处理+深度处理工艺+污泥处理”作为主体处理工艺，项目出水水质一级A标准，部分主要指标达到地表水Ⅳ类水质标准。','19514','14514',7800,'2017','2018','市级投资','张俊江',1,6,'二类',0,'基建','开工',NULL),(76,'北京路、重庆路、浙江路综合改造及天津路\n大修','续建','北京路路面改造起点十堰市体育中心，终点接北京路立交桥。全长1.86公里，红线宽38米，双向6车道。改造公交港湾7个，在道路两侧增设绿化带。重庆路改造起点为重庆路与北京路交叉口，终点为重庆路与武当路交叉口，长3.2公里,车行道宽25米,人行道宽10米，拟对道路进行彻底改造，整体沥青罩面，对人行道进行维护，改造港湾公交站16处。浙江路综合改造，起点为浙江路转盘，终点为火箭路交叉口，长2.5公里，车行道宽20米，人行道宽10米。天津路大修起点京东路，终点东风大道51厂路口，长4公里，车行道宽20米，人行道宽10 米，部分道路路基路面破损严重，拟进行大修,对 2.5 万平方米破损路面维修和沥青罩面，改造港湾公交站。','18200','12000',21400,'2017','2018','市级投资','张俊江',6,6,'二类',0,'基建','开工',NULL),(77,'城区内循环道路建设','新建','在城区建设四条内循环道路。柳中路起点上海路美盛城售楼部，终点至柳林路（十堰市旅游局办公楼），全长1960米，规划道路红线宽20米。北京路至上海路连接线起点九龙太阳城小区，终点至恒大售楼部，道路长度926米，宽度20米。大沟路（一期）道路起于中岳路，终点为大沟巷，道路全长280米，红线宽12米，双向两车道。标志路起点接武当路与吉林路上跨桥，终点接龙门大道，道路长1100米，双向6车道。','15000','10000',0,'2018','2019','市级PPP项目','张俊江',6,6,'二类',1,'基建','前期准备',NULL),(78,'三供一业综合改造','新建','对辖区12个中央省属企业，住宅小区物业进行移交，对供水、供电、供暖进行综合改造。','15000','8000',0,'2018','2019','市级投资','张俊江',6,28,'二类',2,'基建','前期准备',NULL),(79,'东方伊顿（十堰）学校','新建','位于天津路市委党校对面，江苏阳光教育集团投资建设，规划占地面积5万平方米，校舍4万平方米，设置小学、初中和国际部，设计办学72个班，可容纳学生2880人。','13000','8000',6180,'2018','2019','企业投资','顾衍波',1,17,'一类',0,'基建','开工',NULL),(80,'东城开发区保障性安居工程配套基础设施建设','新建','涉及三个片区。天津路片区位于天津路徐家沟村、西坪村片区位于东城开发区银杏小区、鸳鸯村片区位于东城开发区梅子小区，修建利民便民休闲场所、医疗卫生服务中心、物业用房等，铺设道路，修建地下管网，增加小区绿化面积等。徐家沟综合便民服务中心位于徐家沟村民安小区，项目总占地面积1200平方米，建筑面积4600平方米，主要建设内容包括农贸市场、党员群众活动中心、医疗服务中心等。','12600','12600',2410,'2018','2018','区级投资','张俊江',1,6,'一类',0,'基建','前期准备',NULL),(81,'老旧小区综合改造','新建','对五堰街办山西路七号片区、武当路街办缸套厂小区、招贤巷片区进行完善配套设施、提升景观环境、整新建筑楼体、消除安全隐患、建立长效管理等方面的综合整治，共计涉及改造户数1700户。对辖区内七层以上的老旧小区楼房安装电梯200部。','10550','10550',0,'2018','2018','市级投资','张俊江',6,6,'二类',2,'基建','前期准备',NULL),(82,'东部新区综合污水处理厂及管网建设工程\n（A区）','新建','位于东城开发区，污水处理厂设计规模为3000吨/日，铺设管网20公里，排放标准地表Ⅳ类水质，主要处理东部工业园区工业废水和部分生活污水。','4000','2400',95,'2018','2019','区级投资','顾衍波',1,8,'一类',0,'基建','前期准备',NULL),(83,'茅箭区义务教育学校\n标准化建设','新建','鸳鸯学校位于东城开发区胡家村二组，学校占地面积9665平方米，新建教学楼4400平方米，设计办学规模12个教学班600人、3个幼儿班100人。天津路第二小学位于天津路民安小区，规划占地面积41.4亩，拟建校舍1.6万平方米，可容纳1000名学生，20个教学班。','10000','10000',750,'2018','2018','区级投资','童  华',1,17,'一类',0,'基建','前期准备',NULL),(84,'漫谷公社','新建','位于茅塔乡岩屋村、坪子村、廖家村河谷地带，以精致慢生活场景体验为主题，打造集科普教育、户外运动、田园休闲、亲子体验、养生度假于一体的文旅康养休闲产业聚集地。','100000','20000',7300,'2018','2023','企业投资','金  菊',40,19,'一类',0,'乡村振兴','开工',NULL),(85,'云龙谷国际旅游度假区','新建','天津开发区梅林浩工贸有限公司以赛武当生态涵养区为核心，将产业功能与生态资源相结合，打造集生态保护、森林观光、健康医疗、中草药种植、养生度假为一体的健康生态养生产业带。','100000','15000',250,'2018','2025','企业投资','童  华\n杨亚军',43,19,'一类',2,'乡村振兴','前期准备',NULL),(86,'秦巴生态植物园','续建','位于武当路街办马家河村，建设以秦巴特色生态植物为主题，集观赏、苗木培植、科普教育、珍稀植物保护于一体的生态植物园。','56000','10000',2100,'2016','2020','企业投资','周庆荣\n王  雯',34,7,'一类',0,'乡村振兴','开工',NULL),(87,'茅箭三益田园综合体','新建','位于茅塔乡，北京三益集团通过克隆技术，培植兰花、铁皮石斛等，通过生物酶技术养殖南北对虾，开展兰花展、农业嘉年华等农旅产业。','35000','12000',4960,'2018','2019','企业投资','曾  强\n张  强',40,20,'一类',0,'乡村振兴','开工',NULL),(88,'泗河系统治理工程','新建','茅塔河、马家河治理河道长度17公里，主要包括河道清淤疏浚、新建生态护岸挡墙、生态护坡、新建三维土工植被网、新建拦河堰等。','7000','3000',720,'2018','2019','区级投资','童  华\n张  强',22,22,'一类',0,'乡村振兴','前期准备',NULL),(89,'南部山区公路旅游景观建设','续建','对马赛路、五茅路、茅大路沿线进行绿化美化，建设节点景观和旅游基础设施。','4000','3500',2240,'2017','2018','区级投资','童  华',19,19,'一类',0,'乡村振兴','开工',NULL),(90,'2018年农村饮水安全巩固提升工程','新建','通过管网延伸、新建小型集中供水工程、配套净化过滤及消毒等设施解决全区5500人的饮水安全（含2018年易地扶贫安置小区）。启动实施浪溪综合供水工程。','4000','2160',1404,'2018','2019','区级投资','曾  强',22,22,'一类',0,'乡村振兴','前期准备',NULL),(91,'马家河武当路街办段河道综合治理工程','续建','河道疏浚、新建挡墙及生态护坡；河道沿线绿化、自行车道、景观基础设施及配套服务建设，四个重要节点施工。','3500','2400',470,'2017','2018','区级投资','童  华',34,22,'一类',0,'乡村振兴','开工',NULL),(92,'食用菌产业园','新建','位于茅塔乡大坪村，武当山珍公司投资建设食用菌产业园，包含食用菌生产车间、加工车间、包装车间。','3000','1500',510,'2018','2019','企业投资','曾  强',40,7,'一类',1,'乡村振兴','开工',NULL),(93,'2018年茅箭区“厕所革命”工程建设','新建','对全区农户厕所、农村改厕、城镇厕所、交通厕所、旅游厕所以及对公众开放的内部厕所等6大类厕所，达到无害化厕所标准。','3000','3000',940,'2018','2020','区级投资','顾衍波',10,10,'一类',0,'乡村振兴','开工',NULL),(94,'2018年茅箭区精准灭荒工程建设项目','新建','对茅箭区辖区荒地进行修整，绿化面积32万平方米，主要对马赛路、五茅路等沿线进行裸露山体治理。','3000','3000',1050,'2018','2018','区级投资','童  华',20,20,'一类',0,'乡村振兴','开工',NULL),(95,'茅箭区光伏电站建设','新建','在茅塔乡东沟村、廖家村、坪子村等15个贫困村建设光伏发电站，每个村为200千瓦，总共建设规模为3兆瓦，解决957户3556人的产业扶贫问题。','3000','3000',1270,'2018','2018','区级投资','金  菊',40,16,'一类',0,'乡村振兴','开工',NULL),(96,'茅塔河、马家河、大川生态清洁型小流域','新建','茅塔河小流域综合治理水土流失面积11.49平方公里，马家河小流域治理水土流失面积11.05平方公里，大川项目区小流域治理水土流失面积3.65平方公里，对小流域生态进行自然修复、综合治理及河（沟）道周边整治，达到减少水土流失、减轻面源污染、河道村庄美化亮化。','3000','1500',0,'2018','2019','区级投资','曾  强',22,22,'一类',0,'乡村振兴','前期准备',NULL),(97,'泗河流域不达标支沟水质改善及水体生态治理工程','新建','主要针对韩家沟、脂肪沟、战马沟、徐家沟、黄蜡沟、七里沟和胡家沟等7条水质长期超标的支沟进行治理，建设生态透水坝，安装好氧生物反应箱、生物膜箱、生物膜带、生物岛系统、鼓风曝气。','3000','3000',800,'2018','2018','区级投资','顾衍波',38,38,'一类',0,'乡村振兴','开工',NULL),(98,'廿四·节气村','新建','位于大川镇浪溪村、卡子村、段家村及五条岭S235旧省道所辖范围，建设以24节气为主题的村落，配置基础设施、景观、森林公园、主题民宿、景区升级等。','100000','15000',10000,'2018','2027','企业投资','勾书平',30,19,'三类',2,'乡村振兴','前期准备',NULL),(99,'紫薇岛整体开发','新建','依托紫薇岛区位优势和资源优势，整体开发打造高端度假区。','50000','20000',0,'2018','2023','企业投资','王  雯',34,19,'三类',0,'乡村振兴','前期准备',NULL),(100,'大川特色小镇','新建','依托大川镇现有资源进行集镇开发，结合棚户区改造，对集镇中心区、村委会、拓展学校等进行绿化、建筑改造、沿线景观改造，整体对外招商。','30000','10000',7000,'2018','2022','企业投资','童  华',30,10,'一类',2,'乡村振兴','前期准备',NULL);
/*!40000 ALTER TABLE `projects` ENABLE KEYS */;
UNLOCK TABLES;

--
-- Table structure for table `role`
--

DROP TABLE IF EXISTS `role`;
/*!40101 SET @saved_cs_client     = @@character_set_client */;
/*!40101 SET character_set_client = utf8 */;
CREATE TABLE `role` (
  `rid` int(11) NOT NULL AUTO_INCREMENT,
  `role` varchar(20) NOT NULL,
  `rname` varchar(20) NOT NULL,
  PRIMARY KEY (`rid`)
) ENGINE=InnoDB AUTO_INCREMENT=4 DEFAULT CHARSET=utf8;
/*!40101 SET character_set_client = @saved_cs_client */;

--
-- Dumping data for table `role`
--

LOCK TABLES `role` WRITE;
/*!40000 ALTER TABLE `role` DISABLE KEYS */;
INSERT INTO `role` VALUES (1,'user','填报'),(2,'view','浏览'),(3,'admin','管理');
/*!40000 ALTER TABLE `role` ENABLE KEYS */;
UNLOCK TABLES;

--
-- Table structure for table `setting`
--

DROP TABLE IF EXISTS `setting`;
/*!40101 SET @saved_cs_client     = @@character_set_client */;
/*!40101 SET character_set_client = utf8 */;
CREATE TABLE `setting` (
  `sid` int(11) NOT NULL AUTO_INCREMENT,
  `s_key` varchar(20) NOT NULL,
  `value` varchar(50) NOT NULL,
  `sname` varchar(50) NOT NULL,
  PRIMARY KEY (`sid`)
) ENGINE=InnoDB AUTO_INCREMENT=6 DEFAULT CHARSET=utf8;
/*!40101 SET character_set_client = @saved_cs_client */;

--
-- Dumping data for table `setting`
--

LOCK TABLES `setting` WRITE;
/*!40000 ALTER TABLE `setting` DISABLE KEYS */;
INSERT INTO `setting` VALUES (1,'lockday','31','锁定日期'),(2,'sitename','茅箭区投资项目直报平台','网站名称'),(3,'remind_days','5','提醒天数'),(4,'pics','5','图片张数'),(5,'index','project','默认首页');
/*!40000 ALTER TABLE `setting` ENABLE KEYS */;
UNLOCK TABLES;

--
-- Table structure for table `users`
--

DROP TABLE IF EXISTS `users`;
/*!40101 SET @saved_cs_client     = @@character_set_client */;
/*!40101 SET character_set_client = utf8 */;
CREATE TABLE `users` (
  `uid` int(11) NOT NULL AUTO_INCREMENT,
  `uname` varchar(20) NOT NULL,
  `passwd` varchar(50) NOT NULL,
  `date` timestamp NOT NULL DEFAULT CURRENT_TIMESTAMP ON UPDATE CURRENT_TIMESTAMP,
  `oid` int(11) NOT NULL,
  `rid` int(11) NOT NULL,
  PRIMARY KEY (`uid`)
) ENGINE=InnoDB AUTO_INCREMENT=81 DEFAULT CHARSET=utf8;
/*!40101 SET character_set_client = @saved_cs_client */;

--
-- Dumping data for table `users`
--

LOCK TABLES `users` WRITE;
/*!40000 ALTER TABLE `users` DISABLE KEYS */;
INSERT INTO `users` VALUES (1,'zhong','202cb962ac59075b964b07152d234b70','2018-02-26 16:09:15',10,3),(2,'gong','202cb962ac59075b964b07152d234b70','2018-02-26 16:09:15',10,3),(3,'tou','202cb962ac59075b964b07152d234b70','2018-02-26 16:09:15',10,3),(4,'lingdao','202cb962ac59075b964b07152d234b70','2018-02-26 16:09:15',10,2),(5,'nong','202cb962ac59075b964b07152d234b70','2018-02-26 16:09:15',10,3),(6,'ban','202cb962ac59075b964b07152d234b70','2018-02-26 16:09:15',10,3),(7,'jiao','202cb962ac59075b964b07152d234b70','2018-02-26 16:09:15',10,3),(8,'she','202cb962ac59075b964b07152d234b70','2018-02-26 16:09:15',10,3),(9,'diqu','202cb962ac59075b964b07152d234b70','2018-02-26 16:09:15',10,3),(10,'dongcheng','202cb962ac59075b964b07152d234b70','2018-02-26 16:09:15',1,1),(11,'eryan','fd856c5ef1def3d0344f94cb1427e5f1','2018-02-27 03:04:23',2,1),(12,'wuyan','202cb962ac59075b964b07152d234b70','2018-02-26 16:09:15',3,1),(13,'jiaotong','202cb962ac59075b964b07152d234b70','2018-02-26 16:09:15',4,1),(14,'renshe','202cb962ac59075b964b07152d234b70','2018-02-26 16:09:15',5,1),(15,'zhujian','202cb962ac59075b964b07152d234b70','2018-02-26 16:09:15',6,1),(16,'nongye','202cb962ac59075b964b07152d234b70','2018-02-26 16:09:15',7,1),(17,'nandiao','202cb962ac59075b964b07152d234b70','2018-02-26 16:09:15',8,1),(18,'weiji','202cb962ac59075b964b07152d234b70','2018-02-26 16:09:15',9,1),(19,'sifa','202cb962ac59075b964b07152d234b70','2018-02-26 16:09:15',11,1),(20,'shangwu','3bf725cdf5f0a23400f9a7656b5d3561','2018-02-27 02:38:49',12,1),(21,'chengtou','202cb962ac59075b964b07152d234b70','2018-02-26 16:09:15',13,1),(22,'anjian','202cb962ac59075b964b07152d234b70','2018-02-26 16:09:15',14,1),(23,'shenji','202cb962ac59075b964b07152d234b70','2018-02-26 16:09:15',15,1),(24,'fupin','202cb962ac59075b964b07152d234b70','2018-02-26 16:09:15',16,1),(25,'jiaoyu','202cb962ac59075b964b07152d234b70','2018-02-26 16:09:15',17,1),(26,'wenti','202cb962ac59075b964b07152d234b70','2018-02-26 16:09:15',18,1),(27,'lvyou','202cb962ac59075b964b07152d234b70','2018-02-26 16:09:15',19,1),(28,'linye','202cb962ac59075b964b07152d234b70','2018-02-26 16:09:15',20,1),(29,'minzheng','202cb962ac59075b964b07152d234b70','2018-02-26 16:09:15',21,1),(30,'shuili','202cb962ac59075b964b07152d234b70','2018-02-26 16:09:15',22,1),(31,'wujia','202cb962ac59075b964b07152d234b70','2018-02-26 16:09:15',23,1),(32,'keji','202cb962ac59075b964b07152d234b70','2018-02-26 16:09:15',24,1),(33,'jingxin','202cb962ac59075b964b07152d234b70','2018-02-26 16:09:15',25,1),(34,'tongji','202cb962ac59075b964b07152d234b70','2018-02-26 16:09:15',26,1),(35,'shenpi','202cb962ac59075b964b07152d234b70','2018-02-26 16:09:15',27,1),(36,'caizheng','202cb962ac59075b964b07152d234b70','2018-02-26 16:09:15',28,1),(37,'shipin','202cb962ac59075b964b07152d234b70','2018-02-26 16:09:15',29,1),(38,'dachuan','202cb962ac59075b964b07152d234b70','2018-02-26 16:09:15',30,1),(39,'chaobei','202cb962ac59075b964b07152d234b70','2018-02-26 16:09:15',31,1),(40,'linyin','202cb962ac59075b964b07152d234b70','2018-02-26 16:09:15',32,1),(41,'ppp','202cb962ac59075b964b07152d234b70','2018-02-26 16:09:15',33,1),(42,'wudang','202cb962ac59075b964b07152d234b70','2018-02-26 16:09:15',34,1),(43,'tielu','202cb962ac59075b964b07152d234b70','2018-02-26 16:09:15',35,1),(44,'bingjiang','289dff07669d7a23de0ef88d2f7129e7','2018-03-01 00:19:49',36,1),(45,'bei','8f45fe760275d21fb447c88dace3213a','2018-03-08 06:36:29',37,1),(46,'huanbao','202cb962ac59075b964b07152d234b70','2018-03-23 07:35:46',38,1),(47,'baiqiang','202cb962ac59075b964b07152d234b70','2018-02-26 16:09:15',39,1),(48,'maota','202cb962ac59075b964b07152d234b70','2018-02-26 16:09:15',40,1),(49,'xubai','202cb962ac59075b964b07152d234b70','2018-02-26 16:09:15',41,1),(50,'saiman','d099e6fdba97b84acd9f3f98ea917744','2018-03-30 09:39:30',42,1),(51,'saiguan','8e7018d4fa4957051b1c2677076a3a35','2018-03-30 07:16:17',43,1),(52,'lmh','202cb962ac59075b964b07152d234b70','2018-03-05 08:17:37',10,2),(53,'gsp','202cb962ac59075b964b07152d234b70','2018-03-05 08:17:37',10,2),(54,'lzh','202cb962ac59075b964b07152d234b70','2018-03-05 08:17:37',10,2),(55,'zqr','202cb962ac59075b964b07152d234b70','2018-03-05 08:17:37',10,2),(56,'zjj','202cb962ac59075b964b07152d234b70','2018-03-05 08:17:37',10,2),(57,'zhangq','202cb962ac59075b964b07152d234b70','2018-03-05 08:17:37',10,2),(58,'zhs','202cb962ac59075b964b07152d234b70','2018-03-05 08:17:37',10,2),(59,'zwf','202cb962ac59075b964b07152d234b70','2018-03-05 08:17:37',10,2),(60,'mhy','202cb962ac59075b964b07152d234b70','2018-03-05 08:17:37',10,2),(61,'zq','202cb962ac59075b964b07152d234b70','2018-03-05 08:17:37',10,2),(62,'zsm','202cb962ac59075b964b07152d234b70','2018-03-05 08:17:37',10,2),(63,'lb','202cb962ac59075b964b07152d234b70','2018-03-05 08:17:37',10,2),(64,'ljg','202cb962ac59075b964b07152d234b70','2018-03-05 08:17:37',10,2),(65,'yyj','202cb962ac59075b964b07152d234b70','2018-03-05 08:17:37',10,2),(66,'wsl','202cb962ac59075b964b07152d234b70','2018-03-05 08:17:37',10,2),(67,'wb','202cb962ac59075b964b07152d234b70','2018-03-05 08:17:37',10,2),(68,'wyb','202cb962ac59075b964b07152d234b70','2018-03-05 08:17:37',10,2),(69,'ww','202cb962ac59075b964b07152d234b70','2018-03-05 08:17:37',10,2),(70,'th','202cb962ac59075b964b07152d234b70','2018-03-05 08:17:37',10,2),(71,'slm','202cb962ac59075b964b07152d234b70','2018-03-05 08:17:37',10,2),(72,'dxj','202cb962ac59075b964b07152d234b70','2018-03-05 08:17:37',10,2),(73,'xb','202cb962ac59075b964b07152d234b70','2018-03-05 08:17:37',10,2),(74,'xsh','202cb962ac59075b964b07152d234b70','2018-03-05 08:17:37',10,2),(75,'zhf','202cb962ac59075b964b07152d234b70','2018-03-05 08:17:37',10,2),(76,'jj','202cb962ac59075b964b07152d234b70','2018-03-05 08:17:37',10,2),(77,'gyb','202cb962ac59075b964b07152d234b70','2018-03-05 08:17:37',10,2),(78,'mjg','202cb962ac59075b964b07152d234b70','2018-03-05 08:17:37',10,2),(79,'hcj','202cb962ac59075b964b07152d234b70','2018-03-05 08:17:37',10,2),(80,'gl','202cb962ac59075b964b07152d234b70','2018-03-05 08:17:37',10,2);
/*!40000 ALTER TABLE `users` ENABLE KEYS */;
UNLOCK TABLES;
/*!40103 SET TIME_ZONE=@OLD_TIME_ZONE */;

/*!40101 SET SQL_MODE=@OLD_SQL_MODE */;
/*!40014 SET FOREIGN_KEY_CHECKS=@OLD_FOREIGN_KEY_CHECKS */;
/*!40014 SET UNIQUE_CHECKS=@OLD_UNIQUE_CHECKS */;
/*!40101 SET CHARACTER_SET_CLIENT=@OLD_CHARACTER_SET_CLIENT */;
/*!40101 SET CHARACTER_SET_RESULTS=@OLD_CHARACTER_SET_RESULTS */;
/*!40101 SET COLLATION_CONNECTION=@OLD_COLLATION_CONNECTION */;
/*!40111 SET SQL_NOTES=@OLD_SQL_NOTES */;

-- Dump completed on 2018-09-14  0:00:01
